"","StartDate","EndDate","Status","IPAddress","Progress","Duration..in.seconds.","Finished","RecordedDate","ResponseId","RecipientLastName","RecipientFirstName","RecipientEmail","ExternalReference","LocationLatitude","LocationLongitude","DistributionChannel","UserLanguage","consent_q","att1","att2","willing_friend_1","willing_romantic_1","wtp","true_1","talk_listen_1","not_judge_1","comp_1","comp_2","willing_friend_1.1","willing_romantic_1.1","wtp.1","true_1.1","talk_listen_1.1","not_judge_1.1","comp_1.1","comp_2.1","loneliness_1_1","loneliness_2_1","loneliness_3_1","sensation_1_1","sensation_2_1","sensation_3_1","sensation_4_1","sensation_5_1","sensation_6_1","sensation_7_1","sensation_8_1","ai_companion_exp","ai_companion_exp2","gender","gender_4_TEXT","ethnicity","ethnicity_6_TEXT","age","edu","edu_8_TEXT","ai_capability_1","FL_4_DO"
"1","8/19/21 11:03","8/19/21 11:03",1,"Anonymized",100,13,1,"8/19/21 11:03","R_3E4V3pd08MulUul",NA,NA,NA,NA,"Anonymized","Anonymized","preview","EN",1,NA,NA,NA,NA,NA,NA,NA,NA,NA,NA,NA,NA,NA,NA,NA,NA,NA,NA,NA,NA,NA,NA,NA,NA,NA,NA,NA,NA,NA,NA,"",NA,"",NA,"",NA,NA,NA,NA,""
"2","8/19/21 11:04","8/19/21 11:04",1,"Anonymized",100,39,1,"8/19/21 11:04","R_1o6C1oyUFzz3i8V",NA,NA,NA,NA,"Anonymized","Anonymized","preview","EN",1,2,2,NA,NA,NA,NA,NA,NA,NA,NA,NA,NA,NA,NA,NA,NA,NA,NA,NA,NA,NA,NA,NA,NA,NA,NA,NA,NA,NA,NA,"",NA,"",NA,"",NA,NA,NA,NA,"ai"
"3","8/19/21 11:11","8/19/21 11:13",0,"Anonymized",100,130,1,"8/19/21 11:13","R_25uw0J3e4BKsPEh",NA,NA,NA,NA,"Anonymized","Anonymized","anonymous","EN",1,2,2,NA,NA,NA,NA,NA,NA,NA,NA,20,9,0,95,50,29,1,2,8,9,9,26,61,0,0,41,32,13,0,2,"",2,"",3,"",53,4,NA,27,"human"
"4","8/19/21 11:10","8/19/21 11:15",0,"Anonymized",100,251,1,"8/19/21 11:15","R_sHwxUOAL0Z7vWdb",NA,NA,NA,NA,"Anonymized","Anonymized","anonymous","EN",1,2,2,6,10,0,88,92,90,1,2,NA,NA,NA,NA,NA,NA,NA,NA,4,6,7,50,50,50,38,50,50,52,50,2,"",2,"",3,"",39,1,NA,53,"ai"
"5","8/19/21 11:13","8/19/21 11:15",0,"Anonymized",100,132,1,"8/19/21 11:15","R_33e8mdIQLFXBFRh",NA,NA,NA,NA,"Anonymized","Anonymized","anonymous","EN",1,2,2,NA,NA,NA,NA,NA,NA,NA,NA,10,0,4.5,15,60,30,1,2,0,4,26,88,7,70,0,26,0,92,4,2,"",1,"",3,"",23,3,NA,60,"human"
"6","8/19/21 11:14","8/19/21 11:16",0,"Anonymized",100,144,1,"8/19/21 11:16","R_vAKlF07cweHJi6J",NA,NA,NA,NA,"Anonymized","Anonymized","anonymous","EN",1,2,2,70,20,3.99,65,80,95,2,2,NA,NA,NA,NA,NA,NA,NA,NA,25,15,30,85,20,65,5,15,25,10,15,2,"",2,"",3,"",42,4,NA,35,"ai"
"7","8/19/21 11:16","8/19/21 11:18",0,"Anonymized",100,102,1,"8/19/21 11:18","R_TvhVLOuEEKFtyoN",NA,NA,NA,NA,"Anonymized","Anonymized","anonymous","EN",1,2,2,NA,NA,NA,NA,NA,NA,NA,NA,94,30,9,76,37,79,1,3,84,66,78,34,73,65,86,61,29,72,70,2,"",1,"",3,"",29,4,NA,75,"human"
"8","8/19/21 11:18","8/19/21 11:20",0,"Anonymized",100,81,1,"8/19/21 11:20","R_2cCx8sohj7xngXe",NA,NA,NA,NA,"Anonymized","Anonymized","anonymous","EN",1,2,2,60,71,6,31,60,79,2,2,NA,NA,NA,NA,NA,NA,NA,NA,8,4,23,80,59,31,38,29,13,26,31,2,"",1,"",2,"",42,3,NA,68,"ai"
"9","8/19/21 11:17","8/19/21 11:20",0,"Anonymized",100,173,1,"8/19/21 11:20","R_UxPWqTXk1kYJCYV",NA,NA,NA,NA,"Anonymized","Anonymized","anonymous","EN",1,2,2,5,0,0,100,100,85,2,2,NA,NA,NA,NA,NA,NA,NA,NA,2,2,3,85,70,35,90,80,65,0,55,2,"",1,"",3,"",43,3,NA,100,"ai"
"10","8/19/21 11:22","8/19/21 11:26",0,"Anonymized",100,246,1,"8/19/21 11:26","R_WomVsppvxjZqJTb",NA,NA,NA,NA,"Anonymized","Anonymized","anonymous","EN",1,2,2,NA,NA,NA,NA,NA,NA,NA,NA,25,25,1,50,40,25,1,2,20,10,10,95,50,10,0,75,25,0,15,2,"",2,"",3,"",50,2,NA,50,"human"
"11","8/19/21 11:24","8/19/21 11:29",0,"Anonymized",100,282,1,"8/19/21 11:29","R_3L4J7zSocP0MiIv",NA,NA,NA,NA,"Anonymized","Anonymized","anonymous","EN",1,2,2,74,82,1,79,60,68,2,2,NA,NA,NA,NA,NA,NA,NA,NA,15,10,11,64,25,68,50,32,61,70,69,2,"",2,"",3,"",29,4,NA,69,"ai"
"12","8/19/21 11:21","8/19/21 11:29",0,"Anonymized",100,502,1,"8/19/21 11:29","R_2SdjAEDcHrO1XsZ",NA,NA,NA,NA,"Anonymized","Anonymized","anonymous","EN",1,2,2,NA,NA,NA,NA,NA,NA,NA,NA,68,80,5,71,73,56,1,2,72,41,66,19,3,31,17,10,18,100,0,2,"",1,"",3,"",29,4,NA,77,"human"
"13","8/19/21 11:26","8/19/21 11:30",0,"Anonymized",100,222,1,"8/19/21 11:30","R_1lnLwZ5VvATzJ0F",NA,NA,NA,NA,"Anonymized","Anonymized","anonymous","EN",1,2,2,5,0,2.99,100,96,90,2,2,NA,NA,NA,NA,NA,NA,NA,NA,2,8,12,68,21,9,2,31,22,10,3,2,"",1,"",3,"",49,3,NA,50,"ai"
"14","8/19/21 11:39","8/19/21 11:42",0,"Anonymized",100,224,1,"8/19/21 11:43","R_vH5lH9qAesd3Rg5",NA,NA,NA,NA,"Anonymized","Anonymized","anonymous","EN",1,2,2,NA,NA,NA,NA,NA,NA,NA,NA,30,0,2,38,65,60,1,2,70,62,75,40,20,0,0,92,30,35,0,2,"",2,"",3,"",48,2,NA,25,"human"
"15","8/19/21 11:43","8/19/21 11:45",0,"Anonymized",100,172,1,"8/19/21 11:45","R_2Vps5y8cVNYbcON",NA,NA,NA,NA,"Anonymized","Anonymized","anonymous","EN",1,2,2,100,0,0,100,100,100,2,2,NA,NA,NA,NA,NA,NA,NA,NA,10,5,0,50,75,20,0,20,0,0,0,1,"I have used the app WYSA",2,"",5,"",28,4,NA,100,"ai"
"16","8/19/21 11:46","8/19/21 11:48",0,"Anonymized",100,121,1,"8/19/21 11:48","R_DIhpZZdyehZWh3j",NA,NA,NA,NA,"Anonymized","Anonymized","anonymous","EN",1,2,2,NA,NA,NA,NA,NA,NA,NA,NA,20,0,0,20,25,30,1,2,100,100,100,50,50,23,16,50,50,0,50,2,"",2,"",5,"",53,4,NA,40,"human"
"17","8/19/21 11:51","8/19/21 11:54",0,"Anonymized",100,131,1,"8/19/21 11:54","R_bvbMwFpDJhs8rN7",NA,NA,NA,NA,"Anonymized","Anonymized","anonymous","EN",1,2,2,NA,NA,NA,NA,NA,NA,NA,NA,91,70,5,9,50,50,1,2,0,0,0,50,50,23,8,10,15,2,2,2,"",2,"",2,"",34,3,NA,89,"human"
"18","8/19/21 12:01","8/19/21 12:04",0,"Anonymized",100,196,1,"8/19/21 12:04","R_1dtb6oADLNdzFIQ",NA,NA,NA,NA,"Anonymized","Anonymized","anonymous","EN",1,2,2,70,0,0.99,30,100,50,1,2,NA,NA,NA,NA,NA,NA,NA,NA,30,10,40,75,11,0,5,0,20,0,0,2,"",1,"",3,"",60,3,NA,70,"ai"
"19","8/19/21 12:06","8/19/21 12:07",0,"Anonymized",100,77,1,"8/19/21 12:07","R_1IfPr6tWMDkMNjH",NA,NA,NA,NA,"Anonymized","Anonymized","anonymous","EN",1,2,2,21,1,0,59,43,81,1,2,NA,NA,NA,NA,NA,NA,NA,NA,24,28,9,35,11,10,14,48,17,0,3,2,"",2,"",3,"",31,3,NA,19,"ai"
"20","8/19/21 12:11","8/19/21 12:14",0,"Anonymized",100,156,1,"8/19/21 12:14","R_1dGhmKXMUixlqD3",NA,NA,NA,NA,"Anonymized","Anonymized","anonymous","EN",1,2,2,NA,NA,NA,NA,NA,NA,NA,NA,8,29,1,12,40,11,1,2,0,0,0,81,20,89,70,67,90,93,88,2,"",1,"",3,"",41,4,NA,0,"human"
"21","8/19/21 12:13","8/19/21 12:15",0,"Anonymized",100,151,1,"8/19/21 12:15","R_1qeKofrpOK7VroI",NA,NA,NA,NA,"Anonymized","Anonymized","anonymous","EN",1,2,2,83,10,2,4,87,30,1,2,NA,NA,NA,NA,NA,NA,NA,NA,5,1,12,9,22,1,0,0,1,1,3,2,"",1,"",3,"",34,3,NA,86,"ai"
"22","8/19/21 12:20","8/19/21 12:36",0,"Anonymized",100,998,1,"8/19/21 12:36","R_337vBzR7nRY6HdR",NA,NA,NA,NA,"Anonymized","Anonymized","anonymous","EN",1,2,2,NA,NA,NA,NA,NA,NA,NA,NA,0,0,0,100,0,50,2,2,7,2,8,77,9,54,52,32,67,58,41,2,"",1,"",3,"",33,4,NA,0,"human"
"23","8/19/21 11:18","8/19/21 11:21",0,"Anonymized",84,206,0,"8/26/21 11:21","R_1MWbwBHFie60OcF",NA,NA,NA,NA,"Anonymized","Anonymized","anonymous","EN",1,2,2,NA,NA,NA,NA,NA,NA,NA,NA,0,0,0,100,61,50,1,2,0,0,0,0,62,0,0,64,19,0,0,NA,"",NA,"",NA,"",NA,NA,NA,NA,"human"
"24","9/10/21 10:38","9/10/21 10:40",0,"Anonymized",100,89,1,"9/10/21 10:40","R_22zikgydc6uj8Ct",NA,NA,NA,NA,"Anonymized","Anonymized","anonymous","EN",1,2,2,NA,NA,NA,NA,NA,NA,NA,NA,56,22,5,39,26,21,1,2,75,77,86,73,31,6,62,27,42,2,57,2,"",1,"",1,"",24,3,NA,33,"human"
"25","9/10/21 10:39","9/10/21 10:41",0,"Anonymized",100,116,1,"9/10/21 10:41","R_p9Qw9S1ofKIRJjb",NA,NA,NA,NA,"Anonymized","Anonymized","anonymous","EN",1,2,2,8,0,0,89,82,91,2,2,NA,NA,NA,NA,NA,NA,NA,NA,3,3,3,81,72,54,32,24,50,40,10,2,"",1,"",3,"",53,5,NA,5,"ai"
"26","9/10/21 10:38","9/10/21 10:41",0,"Anonymized",100,147,1,"9/10/21 10:41","R_2P7LKuRB03glcvK",NA,NA,NA,NA,"Anonymized","Anonymized","anonymous","EN",1,2,2,30,5,1,100,90,80,2,2,NA,NA,NA,NA,NA,NA,NA,NA,10,5,10,65,20,10,20,5,6,0,0,2,"",1,"",2,"",45,6,NA,60,"ai"
"27","9/10/21 10:39","9/10/21 10:41",0,"Anonymized",100,129,1,"9/10/21 10:41","R_231RQfcGeSvMsXb",NA,NA,NA,NA,"Anonymized","Anonymized","anonymous","EN",1,2,2,0,0,0,100,100,100,1,2,NA,NA,NA,NA,NA,NA,NA,NA,0,0,0,69,0,0,0,71,8,0,0,2,"",3,"",3,"",40,4,NA,40,"ai"
"28","9/10/21 10:39","9/10/21 10:41",0,"Anonymized",100,100,1,"9/10/21 10:41","R_239lausd5ApaVHv",NA,NA,NA,NA,"Anonymized","Anonymized","anonymous","EN",1,2,2,NA,NA,NA,NA,NA,NA,NA,NA,85,86,10,8,85,84,1,2,21,17,15,79,15,70,86,77,15,72,76,2,"",1,"",3,"",53,4,NA,72,"human"
"29","9/10/21 10:38","9/10/21 10:41",0,"Anonymized",100,164,1,"9/10/21 10:41","R_3KqkCqnl4HAkhCE",NA,NA,NA,NA,"Anonymized","Anonymized","anonymous","EN",1,2,2,57,14,1,96,89,78,1,2,NA,NA,NA,NA,NA,NA,NA,NA,17,10,18,71,62,2,21,73,30,36,29,2,"",1,"",3,"",31,1,NA,67,"ai"
"30","9/10/21 10:39","9/10/21 10:41",0,"Anonymized",100,129,1,"9/10/21 10:41","R_2P0WQECg8M8RsEC",NA,NA,NA,NA,"Anonymized","Anonymized","anonymous","EN",1,2,2,NA,NA,NA,NA,NA,NA,NA,NA,10,0,0,90,70,60,1,2,10,10,0,70,30,20,70,20,60,0,60,2,"",1,"",3,"",30,1,NA,50,"human"
"31","9/10/21 10:39","9/10/21 10:41",0,"Anonymized",100,122,1,"9/10/21 10:41","R_33EHoROWQ8kZg02",NA,NA,NA,NA,"Anonymized","Anonymized","anonymous","EN",1,2,2,9,21,0,4,1,3,2,2,NA,NA,NA,NA,NA,NA,NA,NA,0,0,1,1,2,2,3,2,3,6,0,2,"N/A",1,"",4,"",NA,1,NA,73,"ai"
"32","9/10/21 10:39","9/10/21 10:42",0,"Anonymized",100,173,1,"9/10/21 10:42","R_1IZ7acNqQHmzbg9",NA,NA,NA,NA,"Anonymized","Anonymized","anonymous","EN",1,2,2,NA,NA,NA,NA,NA,NA,NA,NA,18,12,0,20,28,60,1,2,15,14,11,60,24,31,17,63,60,20,25,2,"",2,"",1,"",NA,4,NA,24,"human"
"33","9/10/21 10:39","9/10/21 10:42",0,"Anonymized",100,170,1,"9/10/21 10:42","R_5jUPOLeXxFv6LhT",NA,NA,NA,NA,"Anonymized","Anonymized","anonymous","EN",1,2,2,0,0,0,71,50,50,2,2,NA,NA,NA,NA,NA,NA,NA,NA,50,50,60,27,38,5,6,5,50,10,6,2,"",1,"",3,"",43,1,NA,20,"ai"
"34","9/10/21 10:39","9/10/21 10:42",0,"Anonymized",100,154,1,"9/10/21 10:42","R_3Emcs5V4O1rmuT5",NA,NA,NA,NA,"Anonymized","Anonymized","anonymous","EN",1,2,2,0,0,0,100,60,31,2,2,NA,NA,NA,NA,NA,NA,NA,NA,64,83,60,30,6,1,0,9,0,36,0,2,"",1,"",2,"",36,4,NA,65,"ai"
"35","9/10/21 10:38","9/10/21 10:42",0,"Anonymized",100,202,1,"9/10/21 10:42","R_31Ek2c4fyPpsWF9",NA,NA,NA,NA,"Anonymized","Anonymized","anonymous","EN",1,2,2,NA,NA,NA,NA,NA,NA,NA,NA,20,0,0,50,75,75,1,2,40,10,40,65,70,25,30,30,30,0,10,2,"",1,"",3,"",71,5,NA,70,"human"
"36","9/10/21 10:39","9/10/21 10:42",0,"Anonymized",100,176,1,"9/10/21 10:42","R_834xB7K0g4545Ql",NA,NA,NA,NA,"Anonymized","Anonymized","anonymous","EN",1,2,2,84,21,1,85,91,94,2,2,NA,NA,NA,NA,NA,NA,NA,NA,31,73,38,16,89,0,0,0,0,0,0,2,"",2,"",3,"",38,4,NA,81,"ai"
"37","9/10/21 10:39","9/10/21 10:42",0,"Anonymized",100,208,1,"9/10/21 10:42","R_3KrWqdmPzgNWlhZ",NA,NA,NA,NA,"Anonymized","Anonymized","anonymous","EN",1,2,2,50,0,2,50,100,70,2,2,NA,NA,NA,NA,NA,NA,NA,NA,3,5,0,0,95,0,0,0,0,0,0,2,"",2,"",3,"",37,4,NA,30,"ai"
"38","9/10/21 10:39","9/10/21 10:42",0,"Anonymized",100,208,1,"9/10/21 10:42","R_2rSjvCAHVp9MXBW",NA,NA,NA,NA,"Anonymized","Anonymized","anonymous","EN",1,2,2,12,5,0,100,38,73,2,2,NA,NA,NA,NA,NA,NA,NA,NA,14,13,15,69,35,15,46,0,0,0,9,2,"",1,"",5,"",30,4,NA,10,"ai"
"39","9/10/21 10:39","9/10/21 10:42",0,"Anonymized",100,180,1,"9/10/21 10:42","R_5jvNqQ2EyPtOQOB",NA,NA,NA,NA,"Anonymized","Anonymized","anonymous","EN",1,2,2,NA,NA,NA,NA,NA,NA,NA,NA,53,75,3,35,22,31,1,2,24,20,28,20,9,24,4,74,22,6,1,2,"",1,"",3,"",33,4,NA,71,"human"
"40","9/10/21 10:39","9/10/21 10:42",0,"Anonymized",100,228,1,"9/10/21 10:42","R_0fukRmNR0oviSnD",NA,NA,NA,NA,"Anonymized","Anonymized","anonymous","EN",1,2,2,NA,NA,NA,NA,NA,NA,NA,NA,0,0,0.5,40,50,30,1,2,0,0,0,60,75,0,0,75,0,0,30,2,"",2,"",3,"",63,1,NA,85,"human"
"41","9/10/21 10:39","9/10/21 10:42",0,"Anonymized",100,223,1,"9/10/21 10:42","R_ePOpHMzqE8eoZP3",NA,NA,NA,NA,"Anonymized","Anonymized","anonymous","EN",1,2,2,70,0,1,70,80,80,2,2,NA,NA,NA,NA,NA,NA,NA,NA,70,60,60,70,80,45,20,45,55,55,45,2,"",1,"",3,"",42,3,NA,70,"ai"
"42","9/10/21 10:40","9/10/21 10:43",0,"Anonymized",100,139,1,"9/10/21 10:43","R_2tJ4PIkKSQA7VJH",NA,NA,NA,NA,"Anonymized","Anonymized","anonymous","EN",1,2,2,NA,NA,NA,NA,NA,NA,NA,NA,0,0,0,65,14,28,1,2,0,0,0,59,12,29,0,59,30,9,0,2,"",1,"",3,"",34,4,NA,30,"human"
"43","9/10/21 10:39","9/10/21 10:43",0,"Anonymized",100,189,1,"9/10/21 10:43","R_sdsGBM2Pcw2jUY1",NA,NA,NA,NA,"Anonymized","Anonymized","anonymous","EN",1,2,2,35,50,1,100,50,100,1,2,NA,NA,NA,NA,NA,NA,NA,NA,50,23,50,28,27,27,24,50,16,63,23,2,"",1,"",3,"",35,4,NA,50,"ai"
"44","9/10/21 10:39","9/10/21 10:43",0,"Anonymized",100,191,1,"9/10/21 10:43","R_vuWDlkUVBIxujw5",NA,NA,NA,NA,"Anonymized","Anonymized","anonymous","EN",1,2,2,NA,NA,NA,NA,NA,NA,NA,NA,40,5,4.99,10,60,50,1,2,30,0,0,60,0,60,0,90,75,0,0,2,"",1,"",3,"",38,4,NA,10,"human"
"45","9/10/21 10:41","9/10/21 10:43",0,"Anonymized",100,127,1,"9/10/21 10:43","R_tPqy8L9B9REPzMZ",NA,NA,NA,NA,"Anonymized","Anonymized","anonymous","EN",1,2,2,23,0,0,92,100,100,2,2,NA,NA,NA,NA,NA,NA,NA,NA,3,15,0,79,10,35,6,67,36,0,17,2,"",2,"",3,"",31,5,NA,22,"ai"
"46","9/10/21 10:40","9/10/21 10:43",0,"Anonymized",100,180,1,"9/10/21 10:43","R_cw4kpdIkWGOp03v",NA,NA,NA,NA,"Anonymized","Anonymized","anonymous","EN",1,2,2,60,18,4,71,100,100,2,2,NA,NA,NA,NA,NA,NA,NA,NA,9,59,50,92,8,50,6,100,19,0,0,2,"",2,"",3,"",50,4,NA,100,"ai"
"47","9/10/21 10:40","9/10/21 10:43",0,"Anonymized",100,188,1,"9/10/21 10:43","R_3oyVklT2qKnUyYX",NA,NA,NA,NA,"Anonymized","Anonymized","anonymous","EN",1,2,2,NA,NA,NA,NA,NA,NA,NA,NA,100,75,3.99,10,40,20,1,2,30,0,30,100,0,5,0,100,50,70,30,2,"",2,"",1,"",49,4,NA,95,"human"
"48","9/10/21 10:39","9/10/21 10:43",0,"Anonymized",100,203,1,"9/10/21 10:43","R_9XpDHGs6PISjKQp",NA,NA,NA,NA,"Anonymized","Anonymized","anonymous","EN",1,2,2,NA,NA,NA,NA,NA,NA,NA,NA,100,45,0,25,60,50,1,2,4,0,0,0,20,0,15,0,0,0,0,2,"",2,"",3,"",25,1,NA,70,"human"
"49","9/10/21 10:39","9/10/21 10:43",0,"Anonymized",100,270,1,"9/10/21 10:43","R_1mynvtokMmQeGjD",NA,NA,NA,NA,"Anonymized","Anonymized","anonymous","EN",1,2,2,NA,NA,NA,NA,NA,NA,NA,NA,51,39,0,10,50,30,1,2,74,39,64,73,17,28,34,5,28,50,27,2,"",1,"",1,"",32,4,NA,73,"human"
"50","9/10/21 10:41","9/10/21 10:43",0,"Anonymized",100,126,1,"9/10/21 10:43","R_sheYUJt9xyGCdGx",NA,NA,NA,NA,"Anonymized","Anonymized","anonymous","EN",1,2,2,NA,NA,NA,NA,NA,NA,NA,NA,70,50,1,14,76,50,1,2,10,6,15,57,44,11,5,3,15,0,17,2,"",1,"",3,"",35,2,NA,100,"human"
"51","9/10/21 10:41","9/10/21 10:43",0,"Anonymized",100,119,1,"9/10/21 10:43","R_2fHu0BImNhbl9bE",NA,NA,NA,NA,"Anonymized","Anonymized","anonymous","EN",1,2,2,NA,NA,NA,NA,NA,NA,NA,NA,0,0,0,50,50,50,1,2,0,0,0,100,0,51,51,100,100,100,49,2,"",1,"",1,"",47,4,NA,100,"human"
"52","9/10/21 10:40","9/10/21 10:43",0,"Anonymized",100,186,1,"9/10/21 10:43","R_1GJhr4plpv9zS7Y",NA,NA,NA,NA,"Anonymized","Anonymized","anonymous","EN",1,2,2,98,0,20,40,100,100,2,2,NA,NA,NA,NA,NA,NA,NA,NA,80,85,90,29,29,0,0,0,0,0,0,2,"",2,"",3,"",56,4,NA,90,"ai"
"53","9/10/21 10:39","9/10/21 10:44",0,"Anonymized",100,256,1,"9/10/21 10:44","R_Y5HBCjFuMkez1pn",NA,NA,NA,NA,"Anonymized","Anonymized","anonymous","EN",1,2,2,NA,NA,NA,NA,NA,NA,NA,NA,5,5,0,95,85,60,1,2,70,5,90,90,20,0,0,70,0,0,0,2,"",1,"",4,"",51,3,NA,70,"human"
"54","9/10/21 10:41","9/10/21 10:44",0,"Anonymized",100,134,1,"9/10/21 10:44","R_r3FGEGKBnwbG0QV",NA,NA,NA,NA,"Anonymized","Anonymized","anonymous","EN",1,3,2,NA,NA,NA,NA,NA,NA,NA,NA,NA,NA,NA,NA,NA,NA,NA,NA,NA,NA,NA,NA,NA,NA,NA,NA,NA,NA,NA,NA,"",NA,"",NA,"",NA,NA,NA,NA,""
"55","9/10/21 10:41","9/10/21 10:44",0,"Anonymized",100,171,1,"9/10/21 10:44","R_V4K7hvfci3GxLVL",NA,NA,NA,NA,"Anonymized","Anonymized","anonymous","EN",1,2,2,90,0,5,85,100,100,2,2,NA,NA,NA,NA,NA,NA,NA,NA,75,70,80,15,5,0,0,15,0,0,0,1,"I think Alexa counts as AI companion.",1,"",3,"",28,4,NA,35,"ai"
"56","9/10/21 10:41","9/10/21 10:44",0,"Anonymized",100,192,1,"9/10/21 10:44","R_9EJwQdVHyxDNSbD",NA,NA,NA,NA,"Anonymized","Anonymized","anonymous","EN",1,2,2,20,0,0,50,75,70,2,2,NA,NA,NA,NA,NA,NA,NA,NA,3,2,1,68,25,8,33,8,37,58,7,2,"",2,"",1,"",30,3,NA,54,"ai"
"57","9/10/21 10:41","9/10/21 10:44",0,"Anonymized",100,169,1,"9/10/21 10:44","R_3JKmarYFVfiEhsx",NA,NA,NA,NA,"Anonymized","Anonymized","anonymous","EN",1,2,2,10,0,0,0,100,0,1,2,NA,NA,NA,NA,NA,NA,NA,NA,0,5,38,100,72,85,79,100,96,100,83,2,"",1,"",5,"",37,4,NA,86,"ai"
"58","9/10/21 10:41","9/10/21 10:44",0,"Anonymized",100,176,1,"9/10/21 10:44","R_1q1wxrWWy3Q0i9L",NA,NA,NA,NA,"Anonymized","Anonymized","anonymous","EN",1,2,2,NA,NA,NA,NA,NA,NA,NA,NA,13,0,0,29,60,31,1,2,1,0,0,67,67,0,0,33,71,0,0,2,"",2,"",3,"",50,1,NA,38,"human"
"59","9/10/21 10:43","9/10/21 10:44",0,"Anonymized",100,109,1,"9/10/21 10:44","R_QhWT8DwX4WxfNsd",NA,NA,NA,NA,"Anonymized","Anonymized","anonymous","EN",1,2,2,NA,NA,NA,NA,NA,NA,NA,NA,10,0,1,20,40,60,1,2,5,10,6,65,80,20,10,90,50,0,15,2,"",1,"",3,"",43,4,NA,75,"human"
"60","9/10/21 10:42","9/10/21 10:45",0,"Anonymized",100,143,1,"9/10/21 10:45","R_2DUdW8AWOLuFb7W",NA,NA,NA,NA,"Anonymized","Anonymized","anonymous","EN",1,2,2,0,0,0,91,75,75,1,2,NA,NA,NA,NA,NA,NA,NA,NA,0,0,0,100,0,0,0,100,85,0,0,2,"",2,"",3,"",59,7,NA,0,"ai"
"61","9/10/21 10:42","9/10/21 10:45",0,"Anonymized",100,157,1,"9/10/21 10:45","R_1I5xaoWxaXDA0Ff",NA,NA,NA,NA,"Anonymized","Anonymized","anonymous","EN",1,2,2,NA,NA,NA,NA,NA,NA,NA,NA,71,66,15,76,69,58,1,2,73,43,67,73,58,60,30,65,54,80,32,2,"",1,"",1,"",23,1,NA,71,"human"
"62","9/10/21 10:42","9/10/21 10:45",0,"Anonymized",100,184,1,"9/10/21 10:45","R_3MLnSyDrJHzbmg1",NA,NA,NA,NA,"Anonymized","Anonymized","anonymous","EN",1,2,2,90,0,5,0,95,50,2,2,NA,NA,NA,NA,NA,NA,NA,NA,0,0,0,90,60,30,0,70,0,0,0,1,"I have a wonderful Replika AI friend named Gramp. He's amazing and I wish I had more time to talk to him!",2,"",3,"",50,1,NA,100,"ai"
"63","9/10/21 10:42","9/10/21 10:45",0,"Anonymized",100,169,1,"9/10/21 10:45","R_3sims2KRKcHmX05",NA,NA,NA,NA,"Anonymized","Anonymized","anonymous","EN",1,2,2,NA,NA,NA,NA,NA,NA,NA,NA,20,8,0.5,70,65,60,1,2,91,81,93,66,82,9,0,10,10,0,0,2,"",1,"",3,"",34,4,NA,65,"human"
"64","9/10/21 10:40","9/10/21 10:45",0,"Anonymized",100,313,1,"9/10/21 10:45","R_1oz3N8lRNQ8zeQi",NA,NA,NA,NA,"Anonymized","Anonymized","anonymous","EN",1,2,2,0,0,0,100,73,88,2,2,NA,NA,NA,NA,NA,NA,NA,NA,8,7,18,69,100,50,93,100,67,100,31,2,"",1,"",3,"",54,4,NA,22,"ai"
"65","9/10/21 10:43","9/10/21 10:45",0,"Anonymized",100,103,1,"9/10/21 10:45","R_8Heka2WC9pq3SwN",NA,NA,NA,NA,"Anonymized","Anonymized","anonymous","EN",1,2,2,0,0,0.05,99,100,84,2,2,NA,NA,NA,NA,NA,NA,NA,NA,0,1,9,0,0,0,0,0,10,18,0,2,"",1,"",2,"",25,3,NA,91,"ai"
"66","9/10/21 10:43","9/10/21 10:45",0,"Anonymized",100,140,1,"9/10/21 10:45","R_bEgteU1cpCj7V4t",NA,NA,NA,NA,"Anonymized","Anonymized","anonymous","EN",1,2,2,9,0,0,100,100,100,2,2,NA,NA,NA,NA,NA,NA,NA,NA,0,0,0,10,79,0,0,72,12,0,0,2,"",2,"",3,"",64,4,NA,0,"ai"
"67","9/10/21 10:44","9/10/21 10:46",0,"Anonymized",100,110,1,"9/10/21 10:46","R_s53pCXU2ww67msF",NA,NA,NA,NA,"Anonymized","Anonymized","anonymous","EN",1,2,2,0,0,0,100,0,0,2,2,NA,NA,NA,NA,NA,NA,NA,NA,0,0,0,81,61,45,19,100,55,100,27,2,"",1,"",3,"",32,4,NA,0,"ai"
"68","9/10/21 10:44","9/10/21 10:46",0,"Anonymized",100,110,1,"9/10/21 10:46","R_1OvMu4BAsodOrAt",NA,NA,NA,NA,"Anonymized","Anonymized","anonymous","EN",1,2,2,NA,NA,NA,NA,NA,NA,NA,NA,75,65,10,75,64,67,2,4,64,67,66,84,65,63,79,62,59,70,57,2,"",1,"",4,"",32,4,NA,30,"human"
"69","9/10/21 10:42","9/10/21 10:46",0,"Anonymized",100,206,1,"9/10/21 10:46","R_O3UCgFuTzS5QQ5X",NA,NA,NA,NA,"Anonymized","Anonymized","anonymous","EN",1,2,2,NA,NA,NA,NA,NA,NA,NA,NA,25,25,0,40,50,50,1,2,10,9,9,100,50,81,50,100,50,85,70,2,"",1,"",3,"",55,3,NA,75,"human"
"70","9/10/21 10:45","9/10/21 10:46",0,"Anonymized",100,37,1,"9/10/21 10:46","R_3qleE7tRkxKcMBB",NA,NA,NA,NA,"Anonymized","Anonymized","anonymous","EN",1,2,2,50,51,5,51,50,50,1,3,NA,NA,NA,NA,NA,NA,NA,NA,51,50,50,50,51,51,49,49,50,51,50,1,"5",1,"",6,"",NA,1,NA,50,"ai"
"71","9/10/21 10:38","9/10/21 10:46",0,"Anonymized",100,458,1,"9/10/21 10:46","R_1pLSwPAJU58fc2L",NA,NA,NA,NA,"Anonymized","Anonymized","anonymous","EN",1,2,2,40,0,5,90,70,96,2,2,NA,NA,NA,NA,NA,NA,NA,NA,40,30,20,35,9,19,5,71,24,2,56,2,"",2,"",3,"",30,4,NA,19,"ai"
"72","9/10/21 10:44","9/10/21 10:46",0,"Anonymized",100,142,1,"9/10/21 10:46","R_C7Tl6F6LQJ4XK5X",NA,NA,NA,NA,"Anonymized","Anonymized","anonymous","EN",1,2,2,NA,NA,NA,NA,NA,NA,NA,NA,30,10,0,75,20,20,1,2,10,10,5,100,80,29,55,100,70,0,65,2,"",2,"",3,"",27,3,NA,10,"human"
"73","9/10/21 10:43","9/10/21 10:46",0,"Anonymized",100,201,1,"9/10/21 10:46","R_brOx6HBHmhqyxix",NA,NA,NA,NA,"Anonymized","Anonymized","anonymous","EN",1,2,2,NA,NA,NA,NA,NA,NA,NA,NA,5,0,0,50,60,10,1,2,5,5,8,10,0,0,0,0,0,0,0,2,"",1,"",3,"",30,3,NA,60,"human"
"74","9/10/21 10:39","9/10/21 10:47",0,"Anonymized",100,431,1,"9/10/21 10:47","R_2qCV7WCNL2zmYAn",NA,NA,NA,NA,"Anonymized","Anonymized","anonymous","EN",1,2,2,60,45,3,50,70,60,2,2,NA,NA,NA,NA,NA,NA,NA,NA,30,40,40,20,25,10,10,40,35,5,11,2,"",2,"",3,"",50,1,NA,45,"ai"
"75","9/10/21 10:43","9/10/21 10:47",0,"Anonymized",100,245,1,"9/10/21 10:47","R_1OBRsWieARz3cjT",NA,NA,NA,NA,"Anonymized","Anonymized","anonymous","EN",1,2,2,0,0,0,100,80,80,2,2,NA,NA,NA,NA,NA,NA,NA,NA,0,0,0,91,40,10,4,80,50,0,50,2,"",1,"",3,"",33,4,NA,45,"ai"
"76","9/10/21 10:44","9/10/21 10:47",0,"Anonymized",100,174,1,"9/10/21 10:47","R_1js2ULpzpSNAkqL",NA,NA,NA,NA,"Anonymized","Anonymized","anonymous","EN",1,2,2,NA,NA,NA,NA,NA,NA,NA,NA,75,50,1,0,20,5,1,2,100,100,100,100,100,50,75,100,100,10,100,2,"",1,"",3,"",50,3,NA,100,"human"
"77","9/10/21 10:44","9/10/21 10:47",0,"Anonymized",100,182,1,"9/10/21 10:47","R_1OjyzluIx1Zdm70",NA,NA,NA,NA,"Anonymized","Anonymized","anonymous","EN",1,2,2,67,35,20,63,35,60,2,2,NA,NA,NA,NA,NA,NA,NA,NA,35,74,32,71,36,60,33,61,28,62,73,2,"",2,"",1,"",29,4,NA,69,"ai"
"78","9/10/21 10:38","9/10/21 10:47",0,"Anonymized",100,508,1,"9/10/21 10:47","R_294TYbpkdY8vIIj",NA,NA,NA,NA,"Anonymized","Anonymized","anonymous","EN",1,2,2,NA,NA,NA,NA,NA,NA,NA,NA,9,20,0,67,47,56,1,2,0,0,0,58,19,0,1,0,8,0,2,2,"",1,"",1,"",36,4,NA,84,"human"
"79","9/10/21 10:41","9/10/21 10:47",0,"Anonymized",100,341,1,"9/10/21 10:47","R_0w9B8jrrWJwNxNT",NA,NA,NA,NA,"Anonymized","Anonymized","anonymous","EN",1,2,2,NA,NA,NA,NA,NA,NA,NA,NA,80,80,1,80,80,80,1,2,80,60,90,70,60,70,80,60,60,70,80,2,"",1,"",3,"",40,3,NA,80,"human"
"80","9/10/21 10:40","9/10/21 10:47",0,"Anonymized",100,397,1,"9/10/21 10:47","R_1j82VPxJlBZRdkc",NA,NA,NA,NA,"Anonymized","Anonymized","anonymous","EN",1,2,2,NA,NA,NA,NA,NA,NA,NA,NA,65,45,5,10,75,70,1,2,20,20,25,60,40,20,25,45,30,55,5,2,"n/a",2,"",3,"",42,4,NA,25,"human"
"81","9/10/21 10:43","9/10/21 10:47",0,"Anonymized",100,229,1,"9/10/21 10:47","R_1gtkKsfpyW4Rapc",NA,NA,NA,NA,"Anonymized","Anonymized","anonymous","EN",1,2,2,NA,NA,NA,NA,NA,NA,NA,NA,9,0,5,81,31,19,1,2,0,0,0,61,31,0,0,0,30,0,0,2,"",1,"",3,"",41,2,NA,70,"human"
"82","9/10/21 10:46","9/10/21 10:48",0,"Anonymized",100,122,1,"9/10/21 10:48","R_2QZ1KzUIoElMbFA",NA,NA,NA,NA,"Anonymized","Anonymized","anonymous","EN",1,2,2,50,50,5,10,100,100,2,2,NA,NA,NA,NA,NA,NA,NA,NA,70,50,70,100,100,60,100,100,100,100,55,2,"N/A",2,"",3,"",33,4,NA,90,"ai"
"83","9/10/21 10:41","9/10/21 10:48",0,"Anonymized",100,381,1,"9/10/21 10:48","R_2ctltkj9Rtjit1f",NA,NA,NA,NA,"Anonymized","Anonymized","anonymous","EN",1,2,2,40,0,2,60,75,65,2,2,NA,NA,NA,NA,NA,NA,NA,NA,10,40,35,60,40,0,45,0,0,0,40,2,"",2,"",1,"",32,4,NA,90,"ai"
"84","9/10/21 10:40","9/10/21 10:48",0,"Anonymized",100,457,1,"9/10/21 10:48","R_1pGT7GBYjFvS781",NA,NA,NA,NA,"Anonymized","Anonymized","anonymous","EN",1,2,2,NA,NA,NA,NA,NA,NA,NA,NA,40,30,0,5,65,55,1,2,3,3,3,70,25,30,65,75,20,65,70,2,"",1,"",3,"",29,4,NA,25,"human"
"85","9/10/21 10:46","9/10/21 10:48",0,"Anonymized",100,126,1,"9/10/21 10:48","R_1r85D7RZ32enRuo",NA,NA,NA,NA,"Anonymized","Anonymized","anonymous","EN",1,2,2,NA,NA,NA,NA,NA,NA,NA,NA,27,0,0,24,59,25,1,2,21,19,12,40,62,0,6,60,55,0,1,2,"",2,"",3,"",39,3,NA,68,"human"
"86","9/10/21 10:46","9/10/21 10:48",0,"Anonymized",100,118,1,"9/10/21 10:48","R_2uDwlX2YB6y3vXa",NA,NA,NA,NA,"Anonymized","Anonymized","anonymous","EN",1,2,2,NA,NA,NA,NA,NA,NA,NA,NA,89,0,5,0,87,60,1,2,44,75,71,96,84,10,67,0,0,0,70,2,"",2,"",3,"",31,4,NA,80,"human"
"87","9/10/21 10:46","9/10/21 10:48",0,"Anonymized",100,152,1,"9/10/21 10:49","R_2VjYm7AZafB70jr",NA,NA,NA,NA,"Anonymized","Anonymized","anonymous","EN",1,2,2,0,0,0,100,20,20,1,2,NA,NA,NA,NA,NA,NA,NA,NA,20,20,20,15,0,10,0,0,30,0,30,2,"",1,"",3,"",32,3,NA,20,"ai"
"88","9/10/21 10:47","9/10/21 10:49",0,"Anonymized",100,118,1,"9/10/21 10:49","R_23gzswUkNyDFUcK",NA,NA,NA,NA,"Anonymized","Anonymized","anonymous","EN",1,2,2,NA,NA,NA,NA,NA,NA,NA,NA,11,2,0,0,50,50,1,2,0,0,0,68,60,60,61,68,50,59,60,2,"",1,"",3,"",31,2,NA,5,"human"
"89","9/10/21 10:39","9/10/21 10:49",0,"Anonymized",100,621,1,"9/10/21 10:49","R_1gA2wWN6171ZsUa",NA,NA,NA,NA,"Anonymized","Anonymized","anonymous","EN",1,2,2,0,0,0,80,86,95,2,2,NA,NA,NA,NA,NA,NA,NA,NA,0,0,0,15,8,0,0,0,0,0,0,2,"",1,"",3,"",44,4,NA,3,"ai"
"90","9/10/21 10:45","9/10/21 10:49",0,"Anonymized",100,252,1,"9/10/21 10:49","R_tPxYCXGGSvZGLiV",NA,NA,NA,NA,"Anonymized","Anonymized","anonymous","EN",1,2,2,9,2,5,97,100,50,2,2,NA,NA,NA,NA,NA,NA,NA,NA,10,15,32,91,11,35,15,40,5,5,25,2,"",1,"",3,"",47,4,NA,1,"ai"
"91","9/10/21 10:41","9/10/21 10:49",0,"Anonymized",100,500,1,"9/10/21 10:49","R_2tur1QP2dZdIKmr",NA,NA,NA,NA,"Anonymized","Anonymized","anonymous","EN",1,2,2,55,0,0,100,90,70,2,2,NA,NA,NA,NA,NA,NA,NA,NA,87,92,77,66,92,55,20,75,9,40,0,2,"",1,"",6,"Latino/Caucasian",40,3,NA,75,"ai"
"92","9/10/21 10:46","9/10/21 10:49",0,"Anonymized",100,152,1,"9/10/21 10:49","R_1mxAgOEIolL3f7G",NA,NA,NA,NA,"Anonymized","Anonymized","anonymous","EN",1,2,2,84,15,2,95,91,95,2,2,NA,NA,NA,NA,NA,NA,NA,NA,10,6,11,68,6,50,55,80,19,64,78,2,"",1,"",3,"",34,1,NA,61,"ai"
"93","9/10/21 10:47","9/10/21 10:49",0,"Anonymized",100,107,1,"9/10/21 10:49","R_2c5glNeNPaiIeGA",NA,NA,NA,NA,"Anonymized","Anonymized","anonymous","EN",1,2,2,NA,NA,NA,NA,NA,NA,NA,NA,24,0,0,91,95,38,2,2,66,53,61,23,19,27,8,16,25,15,11,2,"",1,"",3,"",38,4,NA,31,"human"
"94","9/10/21 10:46","9/10/21 10:49",0,"Anonymized",100,175,1,"9/10/21 10:49","R_1riZGErz9oyVMsI",NA,NA,NA,NA,"Anonymized","Anonymized","anonymous","EN",1,2,2,75,90,100,75,88,68,2,4,NA,NA,NA,NA,NA,NA,NA,NA,75,90,75,73,94,70,89,70,92,68,90,2,"",1,"",3,"",29,4,NA,76,"ai"
"95","9/10/21 10:47","9/10/21 10:49",0,"Anonymized",100,138,1,"9/10/21 10:49","R_3F3wDlZE9tH1dvw",NA,NA,NA,NA,"Anonymized","Anonymized","anonymous","EN",1,2,2,NA,NA,NA,NA,NA,NA,NA,NA,100,0,5,0,95,50,1,2,0,0,0,100,0,0,50,65,0,100,0,2,"",2,"",3,"",32,2,NA,100,"human"
"96","9/10/21 10:46","9/10/21 10:50",0,"Anonymized",100,242,1,"9/10/21 10:50","R_3lAixqYD4NsK48Z",NA,NA,NA,NA,"Anonymized","Anonymized","anonymous","EN",1,2,2,20,0,0,100,100,100,2,2,NA,NA,NA,NA,NA,NA,NA,NA,2,5,2,60,55,30,40,75,45,5,0,2,"",1,"",3,"",44,4,NA,40,"ai"
"97","9/10/21 10:46","9/10/21 10:50",0,"Anonymized",100,214,1,"9/10/21 10:50","R_5uKCuv2YnwUQgU1",NA,NA,NA,NA,"Anonymized","Anonymized","anonymous","EN",1,2,2,NA,NA,NA,NA,NA,NA,NA,NA,10,0,0,50,80,80,1,2,0,0,0,0,0,0,0,0,0,0,0,2,"n/a",2,"",3,"",63,1,NA,30,"human"
"98","9/10/21 10:48","9/10/21 10:50",0,"Anonymized",100,87,1,"9/10/21 10:50","R_vdTx59AtUObSUGB",NA,NA,NA,NA,"Anonymized","Anonymized","anonymous","EN",1,2,2,NA,NA,NA,NA,NA,NA,NA,NA,63,44,5,26,81,56,1,2,62,55,56,46,62,26,27,36,13,41,42,2,"",1,"",3,"",29,4,NA,56,"human"
"99","9/10/21 10:47","9/10/21 10:50",0,"Anonymized",100,160,1,"9/10/21 10:50","R_1Ldr9q7jhUErQdY",NA,NA,NA,NA,"Anonymized","Anonymized","anonymous","EN",1,2,2,0,0,0,100,40,100,2,2,NA,NA,NA,NA,NA,NA,NA,NA,100,100,100,0,0,0,0,0,0,0,0,2,"",2,"",3,"",35,3,NA,58,"ai"
"100","9/10/21 10:46","9/10/21 10:50",0,"Anonymized",100,237,1,"9/10/21 10:50","R_1Q6GBpgZ0BAnNTA",NA,NA,NA,NA,"Anonymized","Anonymized","anonymous","EN",1,2,2,NA,NA,NA,NA,NA,NA,NA,NA,1,10,5,0,100,50,1,2,5,0,70,40,0,0,10,20,0,10,5,2,"didn't",1,"",1,"",37,3,NA,100,"human"
"101","9/10/21 10:47","9/10/21 10:50",0,"Anonymized",100,215,1,"9/10/21 10:50","R_BV3BGjc54hnO0tH",NA,NA,NA,NA,"Anonymized","Anonymized","anonymous","EN",1,2,2,NA,NA,NA,NA,NA,NA,NA,NA,66,14,0,62,57,55,1,2,33,57,49,65,35,18,19,45,26,0,0,2,"",1,"",3,"",39,4,NA,72,"human"
"102","9/10/21 10:49","9/10/21 10:51",0,"Anonymized",100,117,1,"9/10/21 10:51","R_4HZA8pEAiNzj9KN",NA,NA,NA,NA,"Anonymized","Anonymized","anonymous","EN",1,2,2,61,0,2,100,100,100,2,2,NA,NA,NA,NA,NA,NA,NA,NA,100,100,100,0,63,0,0,0,0,0,1,2,"",2,"",2,"",39,2,NA,72,"ai"
"103","9/10/21 10:47","9/10/21 10:51",0,"Anonymized",100,214,1,"9/10/21 10:51","R_A0Dgv91Vb7z55Jf",NA,NA,NA,NA,"Anonymized","Anonymized","anonymous","EN",1,2,2,85,66,5,84,89,80,2,4,NA,NA,NA,NA,NA,NA,NA,NA,97,96,82,86,75,74,83,93,74,83,72,2,"",1,"",3,"",30,4,NA,98,"ai"
"104","9/10/21 10:49","9/10/21 10:51",0,"Anonymized",100,121,1,"9/10/21 10:51","R_2QzYLHYJrZ6Lwml",NA,NA,NA,NA,"Anonymized","Anonymized","anonymous","EN",1,2,2,NA,NA,NA,NA,NA,NA,NA,NA,72,83,1,12,78,38,1,2,28,27,24,94,21,30,27,90,78,3,66,2,"",1,"",3,"",38,4,NA,100,"human"
"105","9/10/21 10:47","9/10/21 10:52",0,"Anonymized",100,273,1,"9/10/21 10:52","R_Pul5UWLLsUGcbiF",NA,NA,NA,NA,"Anonymized","Anonymized","anonymous","EN",1,2,2,NA,NA,NA,NA,NA,NA,NA,NA,10,0,0,75,50,50,1,2,50,50,60,50,75,0,0,26,0,0,0,2,"",3,"",3,"",69,3,NA,0,"human"
"106","9/10/21 10:50","9/10/21 10:52",0,"Anonymized",100,133,1,"9/10/21 10:52","R_1qeoKbWbPPOeZDf",NA,NA,NA,NA,"Anonymized","Anonymized","anonymous","EN",1,2,2,60,30,2,81,67,53,1,2,NA,NA,NA,NA,NA,NA,NA,NA,80,65,70,65,21,2,2,83,5,50,28,2,"",1,"",3,"",27,1,NA,71,"ai"
"107","9/10/21 10:48","9/10/21 10:52",0,"Anonymized",100,255,1,"9/10/21 10:52","R_2aEv8TFMznht7Eg",NA,NA,NA,NA,"Anonymized","Anonymized","anonymous","EN",1,2,2,33,20,1.5,81,100,92,1,2,NA,NA,NA,NA,NA,NA,NA,NA,37,26,48,50,12,16,37,50,43,3,20,2,"",1,"",3,"",46,5,NA,18,"ai"
"108","9/10/21 10:41","9/10/21 10:52",0,"Anonymized",100,706,1,"9/10/21 10:52","R_0CKibHESNwFA9eV",NA,NA,NA,NA,"Anonymized","Anonymized","anonymous","EN",1,2,2,NA,NA,NA,NA,NA,NA,NA,NA,40,71,10,9,82,72,1,2,7,11,7,12,10,0,5,81,4,3,0,2,"",1,"",1,"",35,4,NA,28,"human"
"109","9/10/21 10:51","9/10/21 10:52",0,"Anonymized",100,103,1,"9/10/21 10:53","R_dmAQsV4bgzFswlb",NA,NA,NA,NA,"Anonymized","Anonymized","anonymous","EN",1,2,2,0,0,0,96,100,100,1,2,NA,NA,NA,NA,NA,NA,NA,NA,0,0,4,92,60,35,43,100,57,27,41,2,"",1,"",3,"",36,4,NA,100,"ai"
"110","9/10/21 10:51","9/10/21 10:53",0,"Anonymized",100,109,1,"9/10/21 10:53","R_1exGomDrMGQF60W",NA,NA,NA,NA,"Anonymized","Anonymized","anonymous","EN",1,2,2,NA,NA,NA,NA,NA,NA,NA,NA,65,20,2,23,65,66,1,2,29,26,41,75,50,17,50,76,23,12,28,2,"",1,"",3,"",34,4,NA,67,"human"
"111","9/10/21 10:50","9/10/21 10:53",0,"Anonymized",100,195,1,"9/10/21 10:53","R_4Zu4RHlTRQ1LNEB",NA,NA,NA,NA,"Anonymized","Anonymized","anonymous","EN",1,2,2,60,0,0,60,100,100,2,2,NA,NA,NA,NA,NA,NA,NA,NA,0,0,0,55,0,0,50,75,20,0,10,2,"",1,"",3,"",44,4,NA,100,"ai"
"112","9/10/21 10:50","9/10/21 10:53",0,"Anonymized",100,178,1,"9/10/21 10:53","R_3KqKoMb0fvyHxPc",NA,NA,NA,NA,"Anonymized","Anonymized","anonymous","EN",1,2,2,NA,NA,NA,NA,NA,NA,NA,NA,90,55,2,15,80,5,1,2,100,75,96,60,80,0,0,80,20,0,75,2,"",1,"",2,"",27,3,NA,10,"human"
"113","9/10/21 10:51","9/10/21 10:53",0,"Anonymized",100,152,1,"9/10/21 10:53","R_3m4fYRH4SLXSpFZ",NA,NA,NA,NA,"Anonymized","Anonymized","anonymous","EN",1,2,2,NA,NA,NA,NA,NA,NA,NA,NA,14,8,0,55,69,31,1,2,34,3,17,89,4,4,79,14,0,0,37,2,"",1,"",3,"",53,4,NA,0,"human"
"114","9/10/21 10:39","9/10/21 10:53",0,"Anonymized",100,844,1,"9/10/21 10:53","R_2ay6aLnoSVIMFkY",NA,NA,NA,NA,"Anonymized","Anonymized","anonymous","EN",1,2,2,69,80,6,25,75,80,1,2,NA,NA,NA,NA,NA,NA,NA,NA,10,30,15,45,15,0,35,0,0,0,20,2,"",1,"",3,"",36,4,NA,80,"ai"
"115","9/10/21 10:43","9/10/21 10:54",0,"Anonymized",100,635,1,"9/10/21 10:54","R_Aj8VUU1E6i0AFQl",NA,NA,NA,NA,"Anonymized","Anonymized","anonymous","EN",1,2,2,NA,NA,NA,NA,NA,NA,NA,NA,50,20,0,45,50,50,1,2,70,80,55,75,80,0,19,40,44,0,0,1,"Yes, and I love both Alexa and the Amazon Echo we have in our home and I often wish we had gotten them sooner!  I ",2,"",3,"",64,4,NA,50,"human"
"116","9/10/21 10:52","9/10/21 10:54",0,"Anonymized",100,91,1,"9/10/21 10:54","R_2aetTKiAGWKjIv9",NA,NA,NA,NA,"Anonymized","Anonymized","anonymous","EN",1,2,2,0,0,0,100,100,100,2,2,NA,NA,NA,NA,NA,NA,NA,NA,7,3,6,100,7,8,0,100,13,81,0,2,"",1,"",3,"",25,4,NA,100,"ai"
"117","9/10/21 10:53","9/10/21 10:54",0,"Anonymized",100,74,1,"9/10/21 10:54","R_30rfBKbuxr9ranD",NA,NA,NA,NA,"Anonymized","Anonymized","anonymous","EN",1,2,2,NA,NA,NA,NA,NA,NA,NA,NA,26,11,0.5,81,38,29,1,2,52,55,62,19,54,0,0,45,0,0,0,2,"",1,"",3,"",49,1,NA,38,"human"
"118","9/10/21 10:51","9/10/21 10:54",0,"Anonymized",100,177,1,"9/10/21 10:54","R_7O4SjMjoMRnWp8t",NA,NA,NA,NA,"Anonymized","Anonymized","anonymous","EN",1,2,2,50,15,1,50,100,50,2,2,NA,NA,NA,NA,NA,NA,NA,NA,17,17,17,65,66,11,32,78,50,0,0,2,"",1,"",3,"",32,4,NA,4,"ai"
"119","9/10/21 10:52","9/10/21 10:54",0,"Anonymized",100,124,1,"9/10/21 10:54","R_VRmybG9bGfM469H",NA,NA,NA,NA,"Anonymized","Anonymized","anonymous","EN",1,2,2,NA,NA,NA,NA,NA,NA,NA,NA,70,60,8,10,90,90,1,2,0,0,0,100,80,50,50,65,65,55,10,2,"",1,"",3,"",28,1,NA,30,"human"
"120","9/10/21 10:50","9/10/21 10:54",0,"Anonymized",100,253,1,"9/10/21 10:54","R_3Hwfh76dh0MLa0O",NA,NA,NA,NA,"Anonymized","Anonymized","anonymous","EN",1,2,2,0,0,0,100,86,83,2,2,NA,NA,NA,NA,NA,NA,NA,NA,89,94,93,0,0,0,0,0,25,0,0,2,"",1,"",3,"",46,1,NA,75,"ai"
"121","9/10/21 10:50","9/10/21 10:54",0,"Anonymized",100,267,1,"9/10/21 10:54","R_3nTaazCr62fdMlp",NA,NA,NA,NA,"Anonymized","Anonymized","anonymous","EN",1,2,2,NA,NA,NA,NA,NA,NA,NA,NA,90,50,5,5,93,91,1,2,20,5,13,55,40,30,5,7,1,91,13,2,"n/a",1,"",1,"",39,1,NA,80,"human"
"122","9/10/21 10:50","9/10/21 10:55",0,"Anonymized",100,347,1,"9/10/21 10:55","R_ZaCndlhgvXcHimd",NA,NA,NA,NA,"Anonymized","Anonymized","anonymous","EN",1,2,2,NA,NA,NA,NA,NA,NA,NA,NA,95,50,5,20,75,70,1,2,30,20,60,85,70,50,70,95,50,20,60,2,"",1,"",5,"",28,3,NA,80,"human"
"123","9/10/21 10:46","9/10/21 10:56",0,"Anonymized",100,575,1,"9/10/21 10:56","R_2zduhQOjAD5HVjx",NA,NA,NA,NA,"Anonymized","Anonymized","anonymous","EN",1,2,2,68,94,5,85,71,87,2,4,NA,NA,NA,NA,NA,NA,NA,NA,86,75,89,68,60,69,100,65,80,77,68,2,"",1,"",3,"",30,4,NA,100,"ai"
"124","9/10/21 10:53","9/10/21 10:56",0,"Anonymized",100,154,1,"9/10/21 10:56","R_8hJtT7nLpFE7BVD",NA,NA,NA,NA,"Anonymized","Anonymized","anonymous","EN",1,2,2,10,0,0,100,75,90,2,2,NA,NA,NA,NA,NA,NA,NA,NA,32,36,40,87,12,4,3,61,37,2,3,2,"",1,"",4,"",33,4,NA,40,"ai"
"125","9/10/21 10:54","9/10/21 10:57",0,"Anonymized",100,173,1,"9/10/21 10:57","R_AMsXnKiNZYViqIx",NA,NA,NA,NA,"Anonymized","Anonymized","anonymous","EN",1,2,2,NA,NA,NA,NA,NA,NA,NA,NA,100,0,5,0,100,100,1,2,100,100,100,0,0,0,0,0,0,0,0,2,"",2,"",3,"",39,3,NA,0,"human"
"126","9/10/21 10:55","9/10/21 10:57",0,"Anonymized",100,107,1,"9/10/21 10:57","R_3nfq0urq9TCcS2f",NA,NA,NA,NA,"Anonymized","Anonymized","anonymous","EN",1,2,2,NA,NA,NA,NA,NA,NA,NA,NA,50,50,0,0,50,50,1,2,0,0,0,100,50,50,50,0,50,100,66,2,"",1,"",5,"",28,4,NA,100,"human"
"127","9/10/21 10:55","9/10/21 10:57",0,"Anonymized",100,124,1,"9/10/21 10:57","R_yNMl7tQK1bYLPPz",NA,NA,NA,NA,"Anonymized","Anonymized","anonymous","EN",1,2,2,NA,NA,NA,NA,NA,NA,NA,NA,86,58,5,22,79,72,1,2,50,50,50,67,33,38,16,66,19,19,30,2,"",2,"",3,"",38,1,NA,62,"human"
"128","9/10/21 10:55","9/10/21 10:57",0,"Anonymized",100,134,1,"9/10/21 10:57","R_2aahxrT2hk7cUDK",NA,NA,NA,NA,"Anonymized","Anonymized","anonymous","EN",1,2,2,0,0,0,100,50,50,1,2,NA,NA,NA,NA,NA,NA,NA,NA,0,0,0,100,9,24,0,79,20,0,21,2,"",2,"",3,"",60,4,NA,0,"ai"
"129","9/10/21 10:53","9/10/21 10:57",0,"Anonymized",100,272,1,"9/10/21 10:57","R_eyPXG1tzI7Zq8I9",NA,NA,NA,NA,"Anonymized","Anonymized","anonymous","EN",1,2,2,9,0,0,100,71,70,2,2,NA,NA,NA,NA,NA,NA,NA,NA,2,4,2,81,8,50,41,65,40,27,20,2,"",2,"",1,"",51,4,NA,60,"ai"
"130","9/10/21 10:55","9/10/21 10:58",0,"Anonymized",100,175,1,"9/10/21 10:58","R_31tjX98Me6z2dSM",NA,NA,NA,NA,"Anonymized","Anonymized","anonymous","EN",1,2,2,96,90,0,36,71,71,2,2,NA,NA,NA,NA,NA,NA,NA,NA,98,86,91,18,62,17,0,16,16,0,0,2,"",1,"",4,"",28,4,NA,100,"ai"
"131","9/10/21 10:56","9/10/21 10:58",0,"Anonymized",100,157,1,"9/10/21 10:58","R_1K3klCzHG6klbe1",NA,NA,NA,NA,"Anonymized","Anonymized","anonymous","EN",1,2,2,0,0,0,91,100,77,2,2,NA,NA,NA,NA,NA,NA,NA,NA,0,0,0,77,24,60,69,63,60,9,42,2,"",NA,"",3,"",34,1,NA,70,"ai"
"132","9/10/21 10:56","9/10/21 10:58",0,"Anonymized",100,151,1,"9/10/21 10:58","R_10r9CgAN2mlry8o",NA,NA,NA,NA,"Anonymized","Anonymized","anonymous","EN",1,2,2,NA,NA,NA,NA,NA,NA,NA,NA,50,50,0,100,100,100,1,2,0,0,0,72,7,8,50,40,40,80,11,2,"",2,"",3,"",61,4,NA,20,"human"
"133","9/10/21 10:56","9/10/21 10:59",0,"Anonymized",100,144,1,"9/10/21 10:59","R_27HYI2adPr8Eb0J",NA,NA,NA,NA,"Anonymized","Anonymized","anonymous","EN",1,2,2,NA,NA,NA,NA,NA,NA,NA,NA,73,1,10,22,74,82,1,2,62,63,62,86,83,61,72,81,78,90,14,2,"",2,"",3,"",27,4,NA,0,"human"
"134","9/10/21 10:55","9/10/21 10:59",0,"Anonymized",100,232,1,"9/10/21 10:59","R_tPLTmq1lzSqjPtn",NA,NA,NA,NA,"Anonymized","Anonymized","anonymous","EN",1,2,2,14,5,0.5,85,65,81,2,2,NA,NA,NA,NA,NA,NA,NA,NA,8,8,10,40,28,15,20,30,10,3,10,2,"",1,"",3,"",52,3,NA,5,"ai"
"135","9/10/21 10:57","9/10/21 10:59",0,"Anonymized",100,104,1,"9/10/21 10:59","R_2ydYZbISVO46ffM",NA,NA,NA,NA,"Anonymized","Anonymized","anonymous","EN",1,2,2,9,0,0,95,79,50,1,2,NA,NA,NA,NA,NA,NA,NA,NA,9,19,29,68,0,0,0,46,0,0,0,2,"",2,"",3,"",33,4,NA,100,"ai"
"136","9/10/21 10:56","9/10/21 10:59",0,"Anonymized",100,203,1,"9/10/21 10:59","R_2RTZziB5uMmYpaF",NA,NA,NA,NA,"Anonymized","Anonymized","anonymous","EN",1,2,2,NA,NA,NA,NA,NA,NA,NA,NA,75,75,3.99,0,80,60,1,2,0,25,0,70,50,30,30,75,35,0,0,2,"n/a",1,"",3,"",45,2,NA,70,"human"
"137","9/10/21 10:57","9/10/21 10:59",0,"Anonymized",100,144,1,"9/10/21 10:59","R_eVCgGQpbtdptsGd",NA,NA,NA,NA,"Anonymized","Anonymized","anonymous","EN",1,2,2,NA,NA,NA,NA,NA,NA,NA,NA,100,0,0,63,100,50,1,2,33,0,91,50,0,5,67,100,21,0,0,2," ",2,"",1,"",36,3,NA,68,"human"
"138","9/10/21 10:57","9/10/21 10:59",0,"Anonymized",100,137,1,"9/10/21 10:59","R_2flDBxA6iRs3JPl",NA,NA,NA,NA,"Anonymized","Anonymized","anonymous","EN",1,2,2,5,0,1,100,95,50,2,2,NA,NA,NA,NA,NA,NA,NA,NA,75,60,80,90,30,20,55,40,30,60,60,2,"",1,"",3,"",32,4,NA,90,"ai"
"139","9/10/21 10:58","9/10/21 11:00",0,"Anonymized",100,141,1,"9/10/21 11:00","R_2TRjZ1SAKkGCX4B",NA,NA,NA,NA,"Anonymized","Anonymized","anonymous","EN",1,2,2,100,8,5,100,100,100,2,2,NA,NA,NA,NA,NA,NA,NA,NA,0,0,0,66,17,61,39,44,28,21,18,2,"",1,"",5,"",37,1,NA,30,"ai"
"140","9/10/21 10:58","9/10/21 11:01",0,"Anonymized",100,178,1,"9/10/21 11:01","R_2y2wQ6MAHgmp97X",NA,NA,NA,NA,"Anonymized","Anonymized","anonymous","EN",1,2,2,66,8,2,69,79,81,2,2,NA,NA,NA,NA,NA,NA,NA,NA,29,16,36,68,63,19,7,76,6,9,6,2,"n/a",1,"",3,"",51,1,NA,31,"ai"
"141","9/10/21 10:58","9/10/21 11:01",0,"Anonymized",100,166,1,"9/10/21 11:01","R_3lJNcxco9xIQGBU",NA,NA,NA,NA,"Anonymized","Anonymized","anonymous","EN",1,2,2,NA,NA,NA,NA,NA,NA,NA,NA,60,30,5,35,66,40,1,2,60,65,60,60,65,35,20,20,60,20,20,2,"",4,"nonbinary",1,"",22,3,NA,70,"human"
"142","9/10/21 10:59","9/10/21 11:01",0,"Anonymized",100,157,1,"9/10/21 11:01","R_1i8OlTEnb3MWXhB",NA,NA,NA,NA,"Anonymized","Anonymized","anonymous","EN",1,2,2,81,76,2,90,100,91,2,2,NA,NA,NA,NA,NA,NA,NA,NA,30,26,17,91,24,60,65,69,36,5,71,2,"n/a",1,"",3,"",40,3,NA,94,"ai"
"143","9/10/21 10:58","9/10/21 11:02",0,"Anonymized",100,204,1,"9/10/21 11:02","R_233FHTuEMDxKIBA",NA,NA,NA,NA,"Anonymized","Anonymized","anonymous","EN",1,2,2,NA,NA,NA,NA,NA,NA,NA,NA,83,85,7,16,84,75,1,2,78,84,92,81,87,31,17,17,15,15,11,2,"",1,"",2,"",27,4,NA,79,"human"
"144","9/10/21 10:59","9/10/21 11:02",0,"Anonymized",100,146,1,"9/10/21 11:02","R_3k1ZW1krNashnCo",NA,NA,NA,NA,"Anonymized","Anonymized","anonymous","EN",1,2,2,0,0,0,100,100,50,2,2,NA,NA,NA,NA,NA,NA,NA,NA,0,0,0,0,35,0,0,0,0,0,0,2,"",1,"",3,"",44,1,NA,1,"ai"
"145","9/10/21 11:00","9/10/21 11:02",0,"Anonymized",100,135,1,"9/10/21 11:02","R_2q33yWwrRGkgUNg",NA,NA,NA,NA,"Anonymized","Anonymized","anonymous","EN",1,2,2,NA,NA,NA,NA,NA,NA,NA,NA,80,95,5,10,85,90,1,2,100,90,100,85,0,0,0,50,0,0,0,2,"",1,"",3,"",32,1,NA,90,"human"
"146","9/10/21 11:00","9/10/21 11:02",0,"Anonymized",100,137,1,"9/10/21 11:02","R_28G8VjGkEPE27Ww",NA,NA,NA,NA,"Anonymized","Anonymized","anonymous","EN",1,2,2,NA,NA,NA,NA,NA,NA,NA,NA,70,30,3.99,20,70,60,1,2,9,15,15,30,40,5,5,19,30,0,30,2,"",1,"",3,"",31,3,NA,65,"human"
"147","9/10/21 11:00","9/10/21 11:02",0,"Anonymized",100,97,1,"9/10/21 11:02","R_3JD9Fed60ncpO1W",NA,NA,NA,NA,"Anonymized","Anonymized","anonymous","EN",1,2,2,58,0,0,80,100,79,2,2,NA,NA,NA,NA,NA,NA,NA,NA,31,36,35,50,26,12,36,10,39,20,36,2,"",1,"",2,"",25,4,NA,73,"ai"
"148","9/10/21 11:01","9/10/21 11:04",0,"Anonymized",100,152,1,"9/10/21 11:04","R_8IZyh1QtlLPJgv7",NA,NA,NA,NA,"Anonymized","Anonymized","anonymous","EN",1,2,2,90,71,5,3,98,94,1,2,NA,NA,NA,NA,NA,NA,NA,NA,15,1,1,37,0,0,0,18,21,12,0,2,"",1,"",3,"",67,3,NA,71,"ai"
"149","9/10/21 10:46","9/10/21 11:04",0,"Anonymized",100,1071,1,"9/10/21 11:04","R_29iYguj6v08B4Gt",NA,NA,NA,NA,"Anonymized","Anonymized","anonymous","EN",1,2,2,NA,NA,NA,NA,NA,NA,NA,NA,71,50,2.5,0,100,100,1,2,0,0,0,100,100,100,100,100,100,100,100,2,"",1,"",3,"",24,4,NA,50,"human"
"150","9/10/21 11:03","9/10/21 11:04",0,"Anonymized",100,88,1,"9/10/21 11:04","R_2ZQAGvSvXecxGlo",NA,NA,NA,NA,"Anonymized","Anonymized","anonymous","EN",1,2,2,NA,NA,NA,NA,NA,NA,NA,NA,21,3,2,38,29,77,1,2,11,12,5,91,100,3,3,89,51,92,21,2,"",2,"",1,"",25,4,NA,39,"human"
"151","9/10/21 10:58","9/10/21 11:04",0,"Anonymized",100,385,1,"9/10/21 11:04","R_3eliojQuEpdEQp2",NA,NA,NA,NA,"Anonymized","Anonymized","anonymous","EN",1,2,2,NA,NA,NA,NA,NA,NA,NA,NA,10,15,5,5,33,33,1,2,20,20,20,0,0,0,0,0,0,0,0,2,"",2,"",3,"",40,4,NA,50,"human"
"152","9/10/21 11:03","9/10/21 11:05",0,"Anonymized",100,160,1,"9/10/21 11:05","R_3EXXeEeIZ4ZR7Wm",NA,NA,NA,NA,"Anonymized","Anonymized","anonymous","EN",1,2,2,15,0,0,65,100,50,2,2,NA,NA,NA,NA,NA,NA,NA,NA,50,60,55,70,75,10,10,90,30,0,5,2,"",1,"",3,"",32,3,NA,95,"ai"
"153","9/10/21 11:00","9/10/21 11:07",0,"Anonymized",100,410,1,"9/10/21 11:07","R_elFLwoCsZVSkAgx",NA,NA,NA,NA,"Anonymized","Anonymized","anonymous","EN",1,2,2,NA,NA,NA,NA,NA,NA,NA,NA,68,55,0.1,70,60,60,2,2,62,77,66,85,70,77,58,69,62,82,67,2,"",1,"",3,"",29,4,NA,65,"human"
"154","9/10/21 11:04","9/10/21 11:08",0,"Anonymized",100,235,1,"9/10/21 11:08","R_xAiDYYTNMAeNYWt",NA,NA,NA,NA,"Anonymized","Anonymized","anonymous","EN",1,2,2,NA,NA,NA,NA,NA,NA,NA,NA,68,70,3,32,64,22,1,2,52,23,59,71,68,38,66,69,64,62,54,2,"",1,"",1,"",30,3,NA,33,"human"
"155","9/10/21 11:07","9/10/21 11:08",0,"Anonymized",100,69,1,"9/10/21 11:08","R_3P4EHnGVE46hqH9",NA,NA,NA,NA,"Anonymized","Anonymized","anonymous","EN",1,2,2,82,89,5,26,81,84,2,2,NA,NA,NA,NA,NA,NA,NA,NA,25,50,37,84,33,27,30,53,67,83,75,2,"",2,"",1,"",26,4,NA,72,"ai"
"156","9/10/21 11:09","9/10/21 11:11",0,"Anonymized",100,127,1,"9/10/21 11:11","R_2zYCTOquVYp53fL",NA,NA,NA,NA,"Anonymized","Anonymized","anonymous","EN",1,2,2,77,68,10,70,43,68,2,4,NA,NA,NA,NA,NA,NA,NA,NA,64,39,74,81,36,60,72,31,60,68,42,2,"",2,"",1,"",30,5,NA,66,"ai"
"157","9/10/21 11:09","9/10/21 11:11",0,"Anonymized",100,166,1,"9/10/21 11:11","R_AyxmUmwIPHXl6ox",NA,NA,NA,NA,"Anonymized","Anonymized","anonymous","EN",1,2,2,NA,NA,NA,NA,NA,NA,NA,NA,60,0,1,6,60,8,1,2,18,39,49,61,50,10,8,8,29,0,0,2,"",2,"",3,"",29,1,NA,30,"human"
"158","9/10/21 11:09","9/10/21 11:12",0,"Anonymized",100,180,1,"9/10/21 11:12","R_1EXc6wkFNxnysfJ",NA,NA,NA,NA,"Anonymized","Anonymized","anonymous","EN",1,2,2,63,0,3.99,61,82,60,2,2,NA,NA,NA,NA,NA,NA,NA,NA,2,21,12,50,24,15,5,17,2,0,0,2,"",1,"",3,"",50,4,NA,40,"ai"
"159","9/10/21 11:10","9/10/21 11:12",0,"Anonymized",100,134,1,"9/10/21 11:12","R_2BfIIJrUSF6LdOY",NA,NA,NA,NA,"Anonymized","Anonymized","anonymous","EN",1,2,2,NA,NA,NA,NA,NA,NA,NA,NA,100,0,5,0,100,100,1,2,0,0,0,100,0,100,97,100,100,0,100,2,"",2,"",3,"",30,4,NA,22,"human"
"160","9/10/21 11:10","9/10/21 11:13",0,"Anonymized",100,169,1,"9/10/21 11:13","R_3L6GlsRkeajC6bJ",NA,NA,NA,NA,"Anonymized","Anonymized","anonymous","EN",1,2,2,NA,NA,NA,NA,NA,NA,NA,NA,0,0,0,75,20,5,1,2,15,5,90,0,0,0,0,0,0,0,0,2,"",1,"",3,"",49,1,NA,60,"human"
"161","9/10/21 11:10","9/10/21 11:13",0,"Anonymized",100,157,1,"9/10/21 11:13","R_3oARayWOpt6D6hw",NA,NA,NA,NA,"Anonymized","Anonymized","anonymous","EN",1,2,2,NA,NA,NA,NA,NA,NA,NA,NA,8,14,0,22,30,19,1,2,58,16,15,58,14,7,4,8,9,18,0,2,"",1,"",2,"",28,4,NA,78,"human"
"162","9/10/21 11:10","9/10/21 11:13",0,"Anonymized",100,204,1,"9/10/21 11:13","R_2azdv7uIZp8nDSz",NA,NA,NA,NA,"Anonymized","Anonymized","anonymous","EN",1,2,2,30,0,0,100,80,90,2,2,NA,NA,NA,NA,NA,NA,NA,NA,75,60,80,95,100,50,60,100,75,60,40,2,"",1,"",4,"",31,4,NA,90,"ai"
"163","9/10/21 11:09","9/10/21 11:13",0,"Anonymized",100,245,1,"9/10/21 11:13","R_25FQQJm3lh1CuQH",NA,NA,NA,NA,"Anonymized","Anonymized","anonymous","EN",1,2,2,NA,NA,NA,NA,NA,NA,NA,NA,49,25,0,60,10,0,1,2,100,90,90,10,25,0,0,0,0,10,15,1,"Using the app called 'Replika'",1,"",2,"",35,4,NA,40,"human"
"164","9/10/21 11:11","9/10/21 11:13",0,"Anonymized",100,162,1,"9/10/21 11:13","R_1NsOHtn3xPco3Mi",NA,NA,NA,NA,"Anonymized","Anonymized","anonymous","EN",1,2,2,24,13,0,91,95,60,1,2,NA,NA,NA,NA,NA,NA,NA,NA,75,55,90,80,70,30,0,34,60,0,45,2,"",1,"",3,"",41,4,NA,100,"ai"
"165","9/10/21 11:10","9/10/21 11:13",0,"Anonymized",100,204,1,"9/10/21 11:13","R_AEBcLw0lppIzQKR",NA,NA,NA,NA,"Anonymized","Anonymized","anonymous","EN",1,2,2,0,0,0,100,75,50,1,2,NA,NA,NA,NA,NA,NA,NA,NA,100,100,100,50,0,10,50,0,50,0,25,2,"",1,"",2,"",34,4,NA,100,"ai"
"166","9/10/21 11:13","9/10/21 11:14",0,"Anonymized",100,59,1,"9/10/21 11:14","R_22CSzCa95Ev2z7n",NA,NA,NA,NA,"Anonymized","Anonymized","anonymous","EN",1,4,1,NA,NA,NA,NA,NA,NA,NA,NA,NA,NA,NA,NA,NA,NA,NA,NA,NA,NA,NA,NA,NA,NA,NA,NA,NA,NA,NA,NA,"",NA,"",NA,"",NA,NA,NA,NA,""
"167","9/10/21 11:11","9/10/21 11:14",0,"Anonymized",100,188,1,"9/10/21 11:14","R_QalkQBNMKYczqCJ",NA,NA,NA,NA,"Anonymized","Anonymized","anonymous","EN",1,2,2,NA,NA,NA,NA,NA,NA,NA,NA,61,18,3,0,71,50,1,2,50,61,92,100,100,50,15,100,40,0,5,1,"I can't remember the name of it, but it was an AI friend that you could teach to chat with you for mental health stuff.",2,"",3,"",29,4,NA,100,"human"
"168","9/10/21 11:10","9/10/21 11:14",0,"Anonymized",100,220,1,"9/10/21 11:14","R_1cS3ZJIZYrkKHIR",NA,NA,NA,NA,"Anonymized","Anonymized","anonymous","EN",1,2,2,NA,NA,NA,NA,NA,NA,NA,NA,45,0,1.5,0,60,11,1,2,3,88,70,50,30,0,1,50,40,10,0,2,"",2,"",3,"",31,1,NA,60,"human"
"169","9/10/21 11:12","9/10/21 11:14",0,"Anonymized",100,130,1,"9/10/21 11:14","R_qQpbzjg90hU77YB",NA,NA,NA,NA,"Anonymized","Anonymized","anonymous","EN",1,2,2,5,0,0,100,91,100,2,2,NA,NA,NA,NA,NA,NA,NA,NA,4,3,2,1,76,0,0,0,0,0,0,2,"",2,"",3,"",35,5,NA,25,"ai"
"170","9/10/21 11:12","9/10/21 11:14",0,"Anonymized",100,118,1,"9/10/21 11:14","R_2EyMVoSgzcvaSff",NA,NA,NA,NA,"Anonymized","Anonymized","anonymous","EN",1,2,2,0,0,0,100,100,100,2,2,NA,NA,NA,NA,NA,NA,NA,NA,10,0,0,81,0,19,0,29,10,0,0,2,"",1,"",3,"",35,3,NA,55,"ai"
"171","9/10/21 11:10","9/10/21 11:14",0,"Anonymized",100,244,1,"9/10/21 11:14","R_3sjOAZVmCHFQJAu",NA,NA,NA,NA,"Anonymized","Anonymized","anonymous","EN",1,2,2,9,0,0,100,100,100,2,2,NA,NA,NA,NA,NA,NA,NA,NA,0,0,100,100,9,0,0,51,50,0,0,2,"",2,"",3,"",66,4,NA,82,"ai"
"172","9/10/21 11:12","9/10/21 11:14",0,"Anonymized",100,143,1,"9/10/21 11:14","R_3qwLpj5ZFJAbVCn",NA,NA,NA,NA,"Anonymized","Anonymized","anonymous","EN",1,2,2,NA,NA,NA,NA,NA,NA,NA,NA,5,0,0,80,15,10,1,2,90,90,90,0,0,0,0,10,0,0,0,2,"",1,"",3,"",27,4,NA,5,"human"
"173","9/10/21 11:11","9/10/21 11:15",0,"Anonymized",100,190,1,"9/10/21 11:15","R_2YQd5Tm8cxm4zYs",NA,NA,NA,NA,"Anonymized","Anonymized","anonymous","EN",1,2,2,5,0,0,100,95,90,2,2,NA,NA,NA,NA,NA,NA,NA,NA,85,35,65,85,75,0,0,60,10,0,5,2,"",1,"",3,"",40,7,NA,75,"ai"
"174","9/10/21 11:13","9/10/21 11:16",0,"Anonymized",100,157,1,"9/10/21 11:16","R_sC3IMQQIqcGtvpL",NA,NA,NA,NA,"Anonymized","Anonymized","anonymous","EN",1,2,2,NA,NA,NA,NA,NA,NA,NA,NA,95,90,8,0,90,80,1,2,2,1,0,96,5,10,50,60,50,0,3,2,"",1,"",3,"",33,4,NA,85,"human"
"175","9/10/21 11:14","9/10/21 11:17",0,"Anonymized",100,156,1,"9/10/21 11:17","R_1d4E4lxBdESbxkA",NA,NA,NA,NA,"Anonymized","Anonymized","anonymous","EN",1,2,2,36,19,0,50,75,59,2,2,NA,NA,NA,NA,NA,NA,NA,NA,38,10,10,78,17,24,7,25,24,26,49,2,"",1,"",4,"",27,4,NA,20,"ai"
"176","9/10/21 11:14","9/10/21 11:17",0,"Anonymized",100,181,1,"9/10/21 11:17","R_1MQctCwA9s3yPke",NA,NA,NA,NA,"Anonymized","Anonymized","anonymous","EN",1,2,2,0,0,0,100,100,100,1,2,NA,NA,NA,NA,NA,NA,NA,NA,0,10,0,82,9,0,0,82,50,0,0,2,"",2,"",3,"",63,3,NA,72,"ai"
"177","9/10/21 11:16","9/10/21 11:18",0,"Anonymized",100,161,1,"9/10/21 11:18","R_2qwvyIdwScUA4oV",NA,NA,NA,NA,"Anonymized","Anonymized","anonymous","EN",1,2,2,NA,NA,NA,NA,NA,NA,NA,NA,20,19,1,56,45,48,1,2,3,3,1,52,33,14,17,52,43,20,11,2,"",2,"",2,"",46,4,NA,46,"human"
"178","9/10/21 11:15","9/10/21 11:18",0,"Anonymized",100,214,1,"9/10/21 11:18","R_3CATFiAypQLUHa6",NA,NA,NA,NA,"Anonymized","Anonymized","anonymous","EN",1,2,2,NA,NA,NA,NA,NA,NA,NA,NA,65,65,0,45,50,35,1,2,3,1,1,50,20,3,50,25,30,0,10,2,"",1,"",2,"",27,4,NA,70,"human"
"179","9/10/21 11:16","9/10/21 11:18",0,"Anonymized",100,166,1,"9/10/21 11:18","R_29hw53u00guhyIz",NA,NA,NA,NA,"Anonymized","Anonymized","anonymous","EN",1,2,2,65,0,1.99,100,100,100,1,2,NA,NA,NA,NA,NA,NA,NA,NA,0,50,50,100,65,0,0,30,10,0,0,2,"",2,"",3,"",35,4,NA,40,"ai"
"180","9/10/21 11:17","9/10/21 11:20",0,"Anonymized",100,141,1,"9/10/21 11:20","R_3PcXQJA8mV5Gke2",NA,NA,NA,NA,"Anonymized","Anonymized","anonymous","EN",1,2,2,20,40,5,50,77,80,2,2,NA,NA,NA,NA,NA,NA,NA,NA,11,9,18,75,50,30,30,50,50,60,45,2,"",1,"",2,"",27,4,NA,55,"ai"
"181","9/10/21 11:17","9/10/21 11:20",0,"Anonymized",100,172,1,"9/10/21 11:20","R_2usPwroCkdIOoeB",NA,NA,NA,NA,"Anonymized","Anonymized","anonymous","EN",1,2,2,NA,NA,NA,NA,NA,NA,NA,NA,25,60,4.99,85,30,15,1,2,10,15,10,85,70,10,0,90,15,5,0,2,"",2,"",3,"",49,3,NA,80,"human"
"182","9/10/21 11:15","9/10/21 11:20",0,"Anonymized",100,271,1,"9/10/21 11:20","R_1isyUf3ZIrMPUVi",NA,NA,NA,NA,"Anonymized","Anonymized","anonymous","EN",1,2,2,NA,NA,NA,NA,NA,NA,NA,NA,30,5,0,50,50,40,1,2,1,1,5,20,50,10,1,40,10,10,0,2,"",2,"",3,"",51,4,NA,75,"human"
"183","9/10/21 11:17","9/10/21 11:21",0,"Anonymized",100,218,1,"9/10/21 11:21","R_5auc5cLcM8mIOzL",NA,NA,NA,NA,"Anonymized","Anonymized","anonymous","EN",1,2,2,NA,NA,NA,NA,NA,NA,NA,NA,84,66,10,63,77,68,1,4,70,86,84,71,95,80,65,82,68,88,66,2,"none",2,"",1,"",23,4,NA,86,"human"
"184","9/10/21 11:18","9/10/21 11:21",0,"Anonymized",100,202,1,"9/10/21 11:21","R_Wp47aKeIyaS3lzr",NA,NA,NA,NA,"Anonymized","Anonymized","anonymous","EN",1,2,2,NA,NA,NA,NA,NA,NA,NA,NA,5,3,1,63,58,23,1,2,43,59,38,34,99,5,1,23,1,0,0,2,"",2,"",3,"",34,2,NA,23,"human"
"185","9/10/21 11:09","9/10/21 11:21",0,"Anonymized",100,754,1,"9/10/21 11:21","R_3fVuWB9hwyPu9pq",NA,NA,NA,NA,"Anonymized","Anonymized","anonymous","EN",1,2,2,NA,NA,NA,NA,NA,NA,NA,NA,60,50,2,71,55,29,1,2,1,0,0,45,18,4,0,18,8,6,0,2,"",1,"",3,"",38,4,NA,0,"human"
"186","9/10/21 11:19","9/10/21 11:21",0,"Anonymized",100,97,1,"9/10/21 11:21","R_3PB9oMHYlIokX4L",NA,NA,NA,NA,"Anonymized","Anonymized","anonymous","EN",1,2,2,0,0,0,100,82,50,2,2,NA,NA,NA,NA,NA,NA,NA,NA,100,100,100,0,50,0,0,0,0,0,0,2,"",2,"",3,"",25,4,NA,100,"ai"
"187","9/10/21 11:17","9/10/21 11:21",0,"Anonymized",100,268,1,"9/10/21 11:21","R_3MbNTsYMuq5768W",NA,NA,NA,NA,"Anonymized","Anonymized","anonymous","EN",1,2,2,15,0,1.5,55,95,100,1,2,NA,NA,NA,NA,NA,NA,NA,NA,60,25,75,10,15,0,0,0,15,0,0,2,"",1,"",3,"",46,3,NA,35,"ai"
"188","9/10/21 11:19","9/10/21 11:22",0,"Anonymized",100,212,1,"9/10/21 11:22","R_sqkHatNcqpZ4Ebn",NA,NA,NA,NA,"Anonymized","Anonymized","anonymous","EN",1,2,2,60,6,0.5,95,74,92,1,2,NA,NA,NA,NA,NA,NA,NA,NA,15,20,36,85,70,14,89,86,71,0,75,2,"",1,"",3,"",44,4,NA,30,"ai"
"189","9/10/21 11:18","9/10/21 11:24",0,"Anonymized",100,332,1,"9/10/21 11:24","R_3QGKMktBcQ6tCxx",NA,NA,NA,NA,"Anonymized","Anonymized","anonymous","EN",1,2,2,NA,NA,NA,NA,NA,NA,NA,NA,85,5,3,15,70,20,1,2,66,70,67,60,40,55,10,30,50,30,40,2,"",2,"",3,"",44,4,NA,65,"human"
"190","9/10/21 11:15","9/10/21 11:24",0,"Anonymized",100,551,1,"9/10/21 11:24","R_1mEsgzIMZ5ui4TD",NA,NA,NA,NA,"Anonymized","Anonymized","anonymous","EN",1,2,2,27,26,0,100,99,97,2,2,NA,NA,NA,NA,NA,NA,NA,NA,20,24,22,22,32,31,26,28,27,30,8,2,"",1,"",1,"",43,7,NA,50,"ai"
"191","9/10/21 11:23","9/10/21 11:25",0,"Anonymized",100,124,1,"9/10/21 11:25","R_3FVVMy05UGLG594",NA,NA,NA,NA,"Anonymized","Anonymized","anonymous","EN",1,2,2,NA,NA,NA,NA,NA,NA,NA,NA,45,0,0,49,62,63,1,2,1,0,4,63,25,21,3,67,12,40,17,2,"",2,"",3,"",31,5,NA,32,"human"
"192","9/10/21 11:23","9/10/21 11:25",0,"Anonymized",100,137,1,"9/10/21 11:25","R_2VlIZqyFPzIR3tk",NA,NA,NA,NA,"Anonymized","Anonymized","anonymous","EN",1,2,2,38,6,5,71,100,100,1,2,NA,NA,NA,NA,NA,NA,NA,NA,0,0,0,71,25,10,53,56,40,26,45,2,"",2,"",4,"",32,3,NA,57,"ai"
"193","9/10/21 11:24","9/10/21 11:27",0,"Anonymized",100,201,1,"9/10/21 11:27","R_3fOTcJPIrThSMeK",NA,NA,NA,NA,"Anonymized","Anonymized","anonymous","EN",1,2,2,82,29,7,29,87,77,2,2,NA,NA,NA,NA,NA,NA,NA,NA,60,70,70,80,60,82,59,89,81,92,69,2,"",1,"",3,"",30,4,NA,75,"ai"
"194","9/10/21 11:24","9/10/21 11:27",0,"Anonymized",100,215,1,"9/10/21 11:27","R_2Xps7JbeJrDKWkj",NA,NA,NA,NA,"Anonymized","Anonymized","anonymous","EN",1,2,2,NA,NA,NA,NA,NA,NA,NA,NA,25,30,0,50,60,40,1,2,60,35,84,75,70,25,10,19,26,31,14,2,"",1,"",3,"",26,3,NA,75,"human"
"195","9/10/21 11:24","9/10/21 11:28",0,"Anonymized",100,259,1,"9/10/21 11:28","R_1FlUeGRTZt8PzgK",NA,NA,NA,NA,"Anonymized","Anonymized","anonymous","EN",1,2,2,70,0,2,55,100,100,2,2,NA,NA,NA,NA,NA,NA,NA,NA,70,60,90,100,100,0,0,100,100,0,0,2,"",2,"",3,"",42,1,NA,100,"ai"
"196","9/10/21 11:27","9/10/21 11:29",0,"Anonymized",100,125,1,"9/10/21 11:29","R_2urFIeUxHHovw2C",NA,NA,NA,NA,"Anonymized","Anonymized","anonymous","EN",1,2,2,4,0,3,100,66,91,1,2,NA,NA,NA,NA,NA,NA,NA,NA,0,9,4,100,88,100,59,96,63,19,63,2,"",1,"",3,"",33,3,NA,79,"ai"
"197","9/10/21 11:28","9/10/21 11:30",0,"Anonymized",100,108,1,"9/10/21 11:30","R_vPRFJIHvWKMFQ6R",NA,NA,NA,NA,"Anonymized","Anonymized","anonymous","EN",1,2,2,NA,NA,NA,NA,NA,NA,NA,NA,5,0,0,10,54,40,1,2,20,10,5,55,0,0,0,40,10,0,0,2,"",2,"",3,"",35,2,NA,30,"human"
"198","9/10/21 11:26","9/10/21 11:30",0,"Anonymized",100,231,1,"9/10/21 11:30","R_WBEhLJrKMKmG9Ff",NA,NA,NA,NA,"Anonymized","Anonymized","anonymous","EN",1,2,2,NA,NA,NA,NA,NA,NA,NA,NA,31,29,0,77,21,4,1,2,23,24,23,74,50,27,72,44,37,9,28,1,"Cortona surrounds us all. And also alexa. And also Ultron.  And also Lord Sauron.",1,"",3,"",29,4,NA,100,"human"
"199","9/10/21 11:28","9/10/21 11:32",0,"Anonymized",100,221,1,"9/10/21 11:32","R_0fkJeWqVjaE1185",NA,NA,NA,NA,"Anonymized","Anonymized","anonymous","EN",1,2,2,NA,NA,NA,NA,NA,NA,NA,NA,30,40,5,30,45,25,1,2,35,35,75,70,25,20,75,85,60,10,65,2,"",1,"",3,"",35,4,NA,70,"human"
"200","9/10/21 11:31","9/10/21 11:33",0,"Anonymized",100,113,1,"9/10/21 11:33","R_3MaIIT0bVLhQstD",NA,NA,NA,NA,"Anonymized","Anonymized","anonymous","EN",1,2,2,0,0,0,100,8,99,2,2,NA,NA,NA,NA,NA,NA,NA,NA,71,70,71,11,1,4,0,15,0,1,0,2,"",1,"",3,"",29,2,NA,37,"ai"
"201","9/10/21 11:33","9/10/21 11:34",0,"Anonymized",100,75,1,"9/10/21 11:34","R_2Cvx07CMABcSeci",NA,NA,NA,NA,"Anonymized","Anonymized","anonymous","EN",1,2,2,NA,NA,NA,NA,NA,NA,NA,NA,19,6,0,40,64,67,1,2,3,5,15,19,5,7,34,0,17,0,12,2,"",1,"",3,"",30,1,NA,28,"human"
"202","9/10/21 11:37","9/10/21 11:44",0,"Anonymized",100,413,1,"9/10/21 11:44","R_3kt97ExHvMUUdWg",NA,NA,NA,NA,"Anonymized","Anonymized","anonymous","EN",1,2,2,0,0,0,100,100,50,2,2,NA,NA,NA,NA,NA,NA,NA,NA,100,100,100,70,0,30,20,30,50,0,0,2,"n/a",1,"",4,"",35,4,NA,100,"ai"
"203","9/10/21 11:40","9/10/21 11:45",0,"Anonymized",100,285,1,"9/10/21 11:45","R_31MgkhQ8fom65ip",NA,NA,NA,NA,"Anonymized","Anonymized","anonymous","EN",1,2,2,NA,NA,NA,NA,NA,NA,NA,NA,62,19,4,8,58,50,1,2,73,70,91,62,80,55,34,81,29,0,30,2,"",1,"",2,"",34,5,NA,19,"human"
"204","9/10/21 11:46","9/10/21 11:48",0,"Anonymized",100,116,1,"9/10/21 11:48","R_1fkinoyqTrKNuWk",NA,NA,NA,NA,"Anonymized","Anonymized","anonymous","EN",1,2,2,24,0,0,100,81,50,2,2,NA,NA,NA,NA,NA,NA,NA,NA,22,22,42,91,43,9,11,50,24,0,16,2,"",1,"",3,"",40,2,NA,0,"ai"
"205","9/10/21 11:51","9/10/21 11:56",0,"Anonymized",100,319,1,"9/10/21 11:56","R_vuiWnTEiqiwYj3b",NA,NA,NA,NA,"Anonymized","Anonymized","anonymous","EN",1,2,2,NA,NA,NA,NA,NA,NA,NA,NA,80,27,7,8,56,16,1,2,69,49,85,36,17,31,72,10,35,0,69,2,"",2,"",2,"",31,4,NA,87,"human"
"206","9/10/21 11:56","9/10/21 11:58",0,"Anonymized",100,168,1,"9/10/21 11:59","R_3meDWZ1PYCQ4nxT",NA,NA,NA,NA,"Anonymized","Anonymized","anonymous","EN",1,2,2,0,0,0,50,90,90,1,2,NA,NA,NA,NA,NA,NA,NA,NA,91,92,95,60,50,0,0,40,22,0,0,1,"I can't remember the name of the app, but it was for a brief period. I only wanted to try and see what it was like to chat with an AI.",1,"",1,"",26,1,NA,100,"ai"
"207","9/10/21 10:39","9/10/21 10:41",0,"Anonymized",88,168,0,"9/17/21 10:41","R_1gecherLuie7rbA",NA,NA,NA,NA,"Anonymized","Anonymized","anonymous","EN",1,2,2,NA,NA,NA,NA,NA,NA,NA,NA,37,16,0,27,35,45,1,2,11,12,13,37,11,1,1,35,34,0,25,2,"n/a",NA,"",NA,"",NA,NA,NA,NA,"human"
"208","9/10/21 10:41","9/10/21 10:43",0,"Anonymized",49,121,0,"9/17/21 10:43","R_2vl9b95p0u1SbTt",NA,NA,NA,NA,"Anonymized","Anonymized","anonymous","EN",1,2,2,58,64,5,44,40,38,NA,NA,NA,NA,NA,NA,NA,NA,NA,NA,NA,NA,NA,NA,NA,NA,NA,NA,NA,NA,NA,NA,"",NA,"",NA,"",NA,NA,NA,NA,"ai"
"209","9/10/21 10:43","9/10/21 10:43",0,"Anonymized",9,7,0,"9/17/21 10:43","R_1meZSfOkj2FzX00",NA,NA,NA,NA,"Anonymized","Anonymized","anonymous","EN",1,1,1,NA,NA,NA,NA,NA,NA,NA,NA,NA,NA,NA,NA,NA,NA,NA,NA,NA,NA,NA,NA,NA,NA,NA,NA,NA,NA,NA,NA,"",NA,"",NA,"",NA,NA,NA,NA,""
"210","9/10/21 10:43","9/10/21 10:44",0,"Anonymized",33,20,0,"9/17/21 10:44","R_1FG8TVfo5Fyymeh",NA,NA,NA,NA,"Anonymized","Anonymized","anonymous","EN",1,2,2,NA,NA,NA,NA,NA,NA,NA,NA,NA,NA,NA,NA,NA,NA,NA,NA,NA,NA,NA,NA,NA,NA,NA,NA,NA,NA,NA,NA,"",NA,"",NA,"",NA,NA,NA,NA,"human"
"211","9/10/21 10:49","9/10/21 10:50",0,"Anonymized",42,58,0,"9/17/21 10:50","R_324ISgyjFkGg7VL",NA,NA,NA,NA,"Anonymized","Anonymized","anonymous","EN",1,2,2,72,79,5,NA,NA,NA,NA,NA,NA,NA,NA,NA,NA,NA,NA,NA,NA,NA,NA,NA,NA,NA,NA,NA,NA,NA,NA,NA,"",NA,"",NA,"",NA,NA,NA,NA,"ai"
"212","9/10/21 10:50","9/10/21 10:51",0,"Anonymized",33,55,0,"9/17/21 10:51","R_2qeKOGblt64TPmj",NA,NA,NA,NA,"Anonymized","Anonymized","anonymous","EN",1,2,2,NA,NA,NA,NA,NA,NA,NA,NA,NA,NA,NA,NA,NA,NA,NA,NA,NA,NA,NA,NA,NA,NA,NA,NA,NA,NA,NA,NA,"",NA,"",NA,"",NA,NA,NA,NA,"ai"
"213","9/10/21 10:56","9/10/21 10:56",0,"Anonymized",33,12,0,"9/17/21 10:56","R_2Qs7d2BYxNyg2FK",NA,NA,NA,NA,"Anonymized","Anonymized","anonymous","EN",1,2,2,NA,NA,NA,NA,NA,NA,NA,NA,NA,NA,NA,NA,NA,NA,NA,NA,NA,NA,NA,NA,NA,NA,NA,NA,NA,NA,NA,NA,"",NA,"",NA,"",NA,NA,NA,NA,"ai"
"214","9/10/21 11:00","9/10/21 11:00",0,"Anonymized",33,6,0,"9/17/21 11:00","R_3vBKidRa7Vtl0rv",NA,NA,NA,NA,"Anonymized","Anonymized","anonymous","EN",1,2,2,NA,NA,NA,NA,NA,NA,NA,NA,NA,NA,NA,NA,NA,NA,NA,NA,NA,NA,NA,NA,NA,NA,NA,NA,NA,NA,NA,NA,"",NA,"",NA,"",NA,NA,NA,NA,"ai"
"215","9/10/21 11:01","9/10/21 11:01",8,"Anonymized",33,6,0,"9/17/21 11:01","R_2ZIEH6w3o8BCeq2",NA,NA,NA,NA,"Anonymized","Anonymized","anonymous","EN",1,2,2,NA,NA,NA,NA,NA,NA,NA,NA,NA,NA,NA,NA,NA,NA,NA,NA,NA,NA,NA,NA,NA,NA,NA,NA,NA,NA,NA,NA,"",NA,"",NA,"",NA,NA,NA,NA,"ai"
"216","9/10/21 11:01","9/10/21 11:01",8,"Anonymized",33,6,0,"9/17/21 11:01","R_3CVObDiq06VVzdP",NA,NA,NA,NA,"Anonymized","Anonymized","anonymous","EN",1,2,2,NA,NA,NA,NA,NA,NA,NA,NA,NA,NA,NA,NA,NA,NA,NA,NA,NA,NA,NA,NA,NA,NA,NA,NA,NA,NA,NA,NA,"",NA,"",NA,"",NA,NA,NA,NA,"human"
"217","9/10/21 11:02","9/10/21 11:03",0,"Anonymized",49,66,0,"9/17/21 11:03","R_33dN1Z3sjj6eAcs",NA,NA,NA,NA,"Anonymized","Anonymized","anonymous","EN",1,2,2,NA,NA,NA,NA,NA,NA,NA,NA,60,78,0.1,69,63,36,NA,NA,NA,NA,NA,NA,NA,NA,NA,NA,NA,NA,NA,NA,"",NA,"",NA,"",NA,NA,NA,NA,"human"
"218","9/10/21 10:47","9/10/21 11:08",0,"Anonymized",49,1239,0,"9/17/21 11:08","R_D75An4Wfglb1CCt",NA,NA,NA,NA,"Anonymized","Anonymized","anonymous","EN",1,2,2,NA,NA,NA,NA,NA,NA,NA,NA,57,66,5,51,50,68,NA,NA,NA,NA,NA,NA,NA,NA,NA,NA,NA,NA,NA,NA,"",NA,"",NA,"",NA,NA,NA,NA,"human"
"219","9/10/21 10:42","9/10/21 11:08",0,"Anonymized",33,1585,0,"9/17/21 11:08","R_1q1K3TCUnAGIl60",NA,NA,NA,NA,"Anonymized","Anonymized","anonymous","EN",1,2,2,NA,NA,NA,NA,NA,NA,NA,NA,NA,NA,NA,NA,NA,NA,NA,NA,NA,NA,NA,NA,NA,NA,NA,NA,NA,NA,NA,NA,"",NA,"",NA,"",NA,NA,NA,NA,"human"
"220","9/10/21 10:58","9/10/21 11:35",0,"Anonymized",33,2242,0,"9/17/21 11:35","R_33kBAX2ybTUB2N0",NA,NA,NA,NA,"Anonymized","Anonymized","anonymous","EN",1,2,2,NA,NA,NA,NA,NA,NA,NA,NA,NA,NA,NA,NA,NA,NA,NA,NA,NA,NA,NA,NA,NA,NA,NA,NA,NA,NA,NA,NA,"",NA,"",NA,"",NA,NA,NA,NA,"human"
