StartDate,EndDate,Status,Progress,Duration (in seconds),Finished,RecordedDate,ResponseId,DistributionChannel,UserLanguage,consent_q,att_1,att_2,choice,entertain_person_3,lonely_person_3,novel_person_3,engage_person_3,comfort_person_3,interest_person_3,connect_person_3,entertain_chatbot_3,lonely_chatbot_3,novel_chatbot_3,engage_chatbot_3,comfort_chatbot_3,interest_chatbot_3,connect_chatbot_3,entertain_youtube_3,lonely_youtube_3,novel_youtube_3,engage_youtube_3,comfort_youtube_3,interest_youtube_3,connect_youtube_3,lonely_1_1,lonely_2_1,lonely_3_1,lonely_4_1,chatbot,chatbot_exp,gender,gender_4_TEXT,ethnicity,ethnicity_6_TEXT,age,edu,edu_8_TEXT,FL_24_DO,person_DO,chatbot_DO,youtube_DO
2/6/23 13:23,2/6/23 13:23,0,100,21,1,2/6/23 13:23,R_3oMHR82wA3JjbEc,anonymous,EN,1,1,2,,,,,,,,,,,,,,,,,,,,,,,,,,,,,,,,,,,,,,,
2/6/23 13:24,2/6/23 13:24,0,100,22,1,2/6/23 13:24,R_3PYm3TOK1HJdfFb,anonymous,EN,1,1,2,,,,,,,,,,,,,,,,,,,,,,,,,,,,,,,,,,,,,,,
2/6/23 13:24,2/6/23 13:24,0,100,43,1,2/6/23 13:24,R_1LBsK313wusHvGx,anonymous,EN,1,1,2,,,,,,,,,,,,,,,,,,,,,,,,,,,,,,,,,,,,,,,
2/6/23 13:23,2/6/23 13:24,0,100,108,1,2/6/23 13:24,R_2wKN6rakJCQeYLC,anonymous,EN,1,2,2,2,91,81,81,64,88,71,91,86,95,94,82,84,84,96,88,65,76,84,79,61,78,1,1,2,1,1,i have ineracted with chatbox for bank questions,1,,3,,27,5,,chatbot|person|youtube,vign|engage_person|novel_person|connect_person|interest_person|entertain_person|comfort_person|lonely_person,vign|entertain_chatbot|comfort_chatbot|novel_chatbot|connect_chatbot|interest_chatbot|engage_chatbot|lonely_chatbot,vign|lonely_youtube|novel_youtube|comfort_youtube|entertain_youtube|interest_youtube|engage_youtube|connect_youtube
2/6/23 13:22,2/6/23 13:25,0,100,165,1,2/6/23 13:25,R_RIg3MDFfDpl6TL3,anonymous,EN,1,2,2,3,32,67,67,48,27,29,27,51,52,78,53,57,66,40,77,49,63,85,82,67,51,1,1,1,1,2,,2,,3,,40,1,,youtube|chatbot|person,vign|lonely_person|novel_person|engage_person|entertain_person|comfort_person|connect_person|interest_person,vign|comfort_chatbot|connect_chatbot|entertain_chatbot|novel_chatbot|interest_chatbot|lonely_chatbot|engage_chatbot,vign|entertain_youtube|lonely_youtube|comfort_youtube|novel_youtube|interest_youtube|engage_youtube|connect_youtube
2/6/23 13:22,2/6/23 13:25,0,100,160,1,2/6/23 13:25,R_pKGR6TRgSnN4MBX,anonymous,EN,1,2,2,3,10,41,50,49,25,50,40,34,0,36,0,0,0,0,100,21,93,82,100,100,51,1,1,2,1,1,I have interacted with chatbots for other mturk hits,2,,3,,43,1,,person|youtube|chatbot,vign|entertain_person|novel_person|comfort_person|interest_person|connect_person|lonely_person|engage_person,vign|connect_chatbot|novel_chatbot|engage_chatbot|interest_chatbot|lonely_chatbot|comfort_chatbot|entertain_chatbot,vign|interest_youtube|lonely_youtube|entertain_youtube|novel_youtube|comfort_youtube|engage_youtube|connect_youtube
2/6/23 13:23,2/6/23 13:25,0,100,92,1,2/6/23 13:25,R_3fBmofO3U5SY2Xm,anonymous,EN,1,2,2,3,52,52,48,73,65,66,75,61,8,35,37,27,62,4,67,35,24,22,55,61,82,1,1,2,2,1,I've talked to SmarterChild on AIM.,1,,2,,29,4,,chatbot|youtube|person,vign|entertain_person|engage_person|comfort_person|interest_person|connect_person|novel_person|lonely_person,vign|entertain_chatbot|interest_chatbot|engage_chatbot|novel_chatbot|lonely_chatbot|connect_chatbot|comfort_chatbot,vign|entertain_youtube|lonely_youtube|comfort_youtube|interest_youtube|novel_youtube|engage_youtube|connect_youtube
2/6/23 13:23,2/6/23 13:25,0,100,159,1,2/6/23 13:25,R_9sQodeD3vA2juIp,anonymous,EN,1,2,2,3,85,51,79,84,51,85,65,79,50,60,78,40,75,55,92,50,80,91,78,94,51,2,2,2,1,1,"When I have a question for a service provider, I will use a chatbot if no other options are available. ",1,,3,,56,4,,chatbot|youtube|person,vign|engage_person|interest_person|comfort_person|connect_person|lonely_person|novel_person|entertain_person,vign|lonely_chatbot|novel_chatbot|interest_chatbot|connect_chatbot|entertain_chatbot|engage_chatbot|comfort_chatbot,vign|comfort_youtube|entertain_youtube|interest_youtube|lonely_youtube|novel_youtube|engage_youtube|connect_youtube
2/6/23 13:23,2/6/23 13:26,0,100,134,1,2/6/23 13:26,R_2rwmfeGAFzXbzas,anonymous,EN,1,2,2,1,77,90,88,91,95,95,91,95,90,96,93,92,96,96,89,91,96,96,96,92,91,3,3,3,3,1,yes,1,,3,,45,5,,person|youtube|chatbot,vign|connect_person|entertain_person|engage_person|lonely_person|interest_person|novel_person|comfort_person,vign|lonely_chatbot|interest_chatbot|comfort_chatbot|novel_chatbot|engage_chatbot|connect_chatbot|entertain_chatbot,vign|interest_youtube|novel_youtube|entertain_youtube|comfort_youtube|lonely_youtube|engage_youtube|connect_youtube
2/6/23 13:23,2/6/23 13:26,0,100,182,1,2/6/23 13:26,R_2YteTVc3Y5Jflc9,anonymous,EN,1,2,2,2,91,86,92,94,82,61,89,100,68,99,100,99,96,72,46,32,44,52,83,44,22,1,1,1,1,1,"Early days of AIM you could chat with ""Smarterchild"", also several times with companies online they give you the option to chat with a bot to try to help you before involving a human customer service rep. ",2,,3,,31,4,,person|chatbot|youtube,vign|comfort_person|lonely_person|connect_person|engage_person|novel_person|entertain_person|interest_person,vign|connect_chatbot|lonely_chatbot|novel_chatbot|interest_chatbot|engage_chatbot|entertain_chatbot|comfort_chatbot,vign|entertain_youtube|interest_youtube|novel_youtube|comfort_youtube|lonely_youtube|engage_youtube|connect_youtube
2/6/23 13:22,2/6/23 13:26,0,100,209,1,2/6/23 13:26,R_5dTuPJXtgLjFLC9,anonymous,EN,1,2,2,2,53,85,74,68,28,66,82,62,51,62,62,60,51,30,81,80,81,80,82,82,82,2,2,2,2,1,Around 2016 I would interact with certain chatbots on Discord. The answers the chatbots gave were usually nonsense answers and very entertaining. I do not recall the service that was used.,2,,2,,29,2,,youtube|chatbot|person,vign|entertain_person|novel_person|connect_person|interest_person|comfort_person|engage_person|lonely_person,vign|engage_chatbot|novel_chatbot|comfort_chatbot|connect_chatbot|interest_chatbot|lonely_chatbot|entertain_chatbot,vign|novel_youtube|interest_youtube|comfort_youtube|entertain_youtube|lonely_youtube|engage_youtube|connect_youtube
2/6/23 13:23,2/6/23 13:26,0,100,181,1,2/6/23 13:26,R_8HsH4Q31TvbtCjD,anonymous,EN,1,2,2,3,60,56,70,60,50,65,75,40,10,60,50,64,55,20,100,50,100,85,100,90,45,3,3,3,3,1,I interacted with a chatbot when using customer service for my bank. The bot answered basic questions and directed me to different web pages.,1,,3,,25,4,,youtube|person|chatbot,vign|interest_person|engage_person|comfort_person|entertain_person|lonely_person|novel_person|connect_person,vign|connect_chatbot|comfort_chatbot|entertain_chatbot|interest_chatbot|lonely_chatbot|engage_chatbot|novel_chatbot,vign|interest_youtube|novel_youtube|comfort_youtube|lonely_youtube|entertain_youtube|engage_youtube|connect_youtube
2/6/23 13:23,2/6/23 13:26,0,100,186,1,2/6/23 13:26,R_51JN2EJT4lg3ZjH,anonymous,EN,1,2,2,3,71,53,76,71,51,65,50,51,0,61,50,50,60,0,100,100,100,100,100,100,100,2,2,2,2,1,Only chatbots on amazon or credit card companies to help with billing or order issues,2,,3,,31,4,,chatbot|youtube|person,vign|connect_person|entertain_person|comfort_person|lonely_person|novel_person|interest_person|engage_person,vign|lonely_chatbot|engage_chatbot|comfort_chatbot|novel_chatbot|interest_chatbot|connect_chatbot|entertain_chatbot,vign|lonely_youtube|comfort_youtube|entertain_youtube|novel_youtube|interest_youtube|engage_youtube|connect_youtube
2/6/23 13:24,2/6/23 13:26,0,100,149,1,2/6/23 13:26,R_3J7QW6ueIROsgOe,anonymous,EN,1,2,2,2,89,38,81,75,72,79,77,85,75,74,80,70,83,92,70,78,69,62,65,87,68,3,3,3,3,2,,1,,3,,32,4,,chatbot|person|youtube,vign|lonely_person|comfort_person|interest_person|entertain_person|novel_person|engage_person|connect_person,vign|entertain_chatbot|lonely_chatbot|comfort_chatbot|connect_chatbot|interest_chatbot|novel_chatbot|engage_chatbot,vign|entertain_youtube|novel_youtube|lonely_youtube|comfort_youtube|interest_youtube|engage_youtube|connect_youtube
2/6/23 13:24,2/6/23 13:26,0,100,142,1,2/6/23 13:26,R_2vbMrOKVN3pszmP,anonymous,EN,1,2,2,3,0,45,30,60,30,50,50,41,11,46,73,47,50,21,93,20,66,65,98,82,59,1,1,2,1,2,,1,,3,,35,2,,youtube|chatbot|person,vign|entertain_person|interest_person|comfort_person|lonely_person|engage_person|connect_person|novel_person,vign|comfort_chatbot|connect_chatbot|entertain_chatbot|lonely_chatbot|interest_chatbot|engage_chatbot|novel_chatbot,vign|lonely_youtube|novel_youtube|interest_youtube|entertain_youtube|comfort_youtube|engage_youtube|connect_youtube
2/6/23 13:23,2/6/23 13:26,0,100,222,1,2/6/23 13:26,R_1LuSyhflYzSfNmI,anonymous,EN,1,2,2,3,55,11,100,22,100,100,100,85,17,95,71,100,100,100,88,5,89,36,100,100,100,3,3,2,2,2,no,2,,3,,25,5,,chatbot|youtube|person,vign|lonely_person|interest_person|engage_person|entertain_person|connect_person|novel_person|comfort_person,vign|entertain_chatbot|engage_chatbot|comfort_chatbot|novel_chatbot|connect_chatbot|lonely_chatbot|interest_chatbot,vign|novel_youtube|interest_youtube|comfort_youtube|entertain_youtube|lonely_youtube|engage_youtube|connect_youtube
2/6/23 13:22,2/6/23 13:26,0,100,264,1,2/6/23 13:26,R_2Wv4AhOigjwqa8h,anonymous,EN,1,2,2,3,50,59,49,59,50,50,69,18,1,0,6,1,16,1,64,23,50,50,50,56,43,1,1,2,1,1,I've interacted with a chatbot in online customer service situations ,1,,3,,29,5,,chatbot|youtube|person,vign|novel_person|connect_person|lonely_person|comfort_person|engage_person|interest_person|entertain_person,vign|interest_chatbot|entertain_chatbot|lonely_chatbot|connect_chatbot|engage_chatbot|comfort_chatbot|novel_chatbot,vign|comfort_youtube|entertain_youtube|novel_youtube|interest_youtube|lonely_youtube|engage_youtube|connect_youtube
2/6/23 13:23,2/6/23 13:26,0,100,215,1,2/6/23 13:26,R_1Kl2kP8TmBkczSh,anonymous,EN,1,2,2,3,50,40,50,50,51,51,76,51,36,72,50,49,50,50,81,20,70,50,50,81,24,2,1,2,1,1,I have used customer support services that utilize a chatbot,2,,1,,41,3,,youtube|person|chatbot,vign|connect_person|comfort_person|interest_person|engage_person|lonely_person|novel_person|entertain_person,vign|connect_chatbot|entertain_chatbot|engage_chatbot|comfort_chatbot|interest_chatbot|lonely_chatbot|novel_chatbot,vign|comfort_youtube|lonely_youtube|entertain_youtube|interest_youtube|novel_youtube|engage_youtube|connect_youtube
2/6/23 13:22,2/6/23 13:27,0,100,264,1,2/6/23 13:27,R_AO2XeUjkUcmUzMR,anonymous,EN,1,2,2,2,55,30,60,50,35,55,50,68,30,60,92,50,70,25,86,20,50,80,70,65,20,2,2,2,2,1,"I've interacted with a few before including chatGPT, various apps, and I think even some on Mturk",1,,3,,31,3,,person|youtube|chatbot,vign|entertain_person|connect_person|novel_person|comfort_person|engage_person|interest_person|lonely_person,vign|comfort_chatbot|entertain_chatbot|connect_chatbot|interest_chatbot|lonely_chatbot|engage_chatbot|novel_chatbot,vign|novel_youtube|interest_youtube|lonely_youtube|entertain_youtube|comfort_youtube|engage_youtube|connect_youtube
2/6/23 13:24,2/6/23 13:27,0,100,181,1,2/6/23 13:27,R_1q9YnKEUkWgRaTB,anonymous,EN,1,2,2,1,93,69,79,80,57,50,59,64,86,74,65,52,55,95,75,72,40,68,75,52,60,3,2,2,3,2,,2,,3,,46,5,,person|chatbot|youtube,vign|novel_person|connect_person|interest_person|engage_person|comfort_person|entertain_person|lonely_person,vign|novel_chatbot|entertain_chatbot|connect_chatbot|interest_chatbot|engage_chatbot|comfort_chatbot|lonely_chatbot,vign|comfort_youtube|lonely_youtube|interest_youtube|entertain_youtube|novel_youtube|engage_youtube|connect_youtube
2/6/23 13:23,2/6/23 13:27,0,100,233,1,2/6/23 13:27,R_3KPHDckjLsGyiyK,anonymous,EN,1,2,2,3,60,40,60,70,30,60,50,60,30,40,60,50,60,15,90,20,50,70,80,90,20,3,3,2,2,2,,2,,3,,42,2,,youtube|chatbot|person,vign|entertain_person|lonely_person|engage_person|novel_person|interest_person|connect_person|comfort_person,vign|entertain_chatbot|engage_chatbot|connect_chatbot|comfort_chatbot|interest_chatbot|lonely_chatbot|novel_chatbot,vign|comfort_youtube|novel_youtube|entertain_youtube|interest_youtube|lonely_youtube|engage_youtube|connect_youtube
2/6/23 13:23,2/6/23 13:27,0,100,223,1,2/6/23 13:27,R_2f80bOCpLXcqX8I,anonymous,EN,1,2,2,3,45,18,20,11,26,27,19,74,10,25,35,71,81,21,93,11,95,98,96,96,7,2,2,3,1,1,"I have used several different chatbots, most recently chatGPT",2,,3,,52,2,,person|chatbot|youtube,vign|connect_person|interest_person|entertain_person|comfort_person|novel_person|lonely_person|engage_person,vign|engage_chatbot|lonely_chatbot|novel_chatbot|comfort_chatbot|entertain_chatbot|interest_chatbot|connect_chatbot,vign|interest_youtube|lonely_youtube|novel_youtube|entertain_youtube|comfort_youtube|engage_youtube|connect_youtube
2/6/23 13:23,2/6/23 13:27,0,100,252,1,2/6/23 13:27,R_3IYaeJtOghfYtGe,anonymous,EN,1,2,2,3,65,87,89,50,50,29,55,41,75,37,57,80,82,35,43,28,55,50,79,86,53,2,2,2,2,1,YouTube Chabot,1,,3,,36,5,,youtube|chatbot|person,vign|lonely_person|comfort_person|engage_person|novel_person|entertain_person|connect_person|interest_person,vign|lonely_chatbot|novel_chatbot|connect_chatbot|entertain_chatbot|engage_chatbot|comfort_chatbot|interest_chatbot,vign|interest_youtube|novel_youtube|entertain_youtube|lonely_youtube|comfort_youtube|engage_youtube|connect_youtube
2/6/23 13:22,2/6/23 13:27,0,100,290,1,2/6/23 13:27,R_2ahSvIfj1RQo8yL,anonymous,EN,1,2,2,2,56,85,61,95,94,52,94,50,50,60,40,75,65,80,90,95,65,55,90,30,85,3,3,3,2,1,When I was getting help from Walmart dot com,2,,3,,34,3,,youtube|chatbot|person,vign|connect_person|engage_person|comfort_person|entertain_person|lonely_person|interest_person|novel_person,vign|interest_chatbot|entertain_chatbot|comfort_chatbot|connect_chatbot|lonely_chatbot|novel_chatbot|engage_chatbot,vign|comfort_youtube|lonely_youtube|entertain_youtube|novel_youtube|interest_youtube|engage_youtube|connect_youtube
2/6/23 13:24,2/6/23 13:27,0,100,200,1,2/6/23 13:27,R_1JXtJlWDnciuwkR,anonymous,EN,1,2,2,1,71,80,73,63,77,66,88,84,75,84,67,75,74,77,77,72,67,84,82,69,73,3,3,2,3,2,,2,,3,,23,5,,youtube|person|chatbot,vign|entertain_person|comfort_person|interest_person|lonely_person|novel_person|engage_person|connect_person,vign|connect_chatbot|interest_chatbot|entertain_chatbot|engage_chatbot|novel_chatbot|lonely_chatbot|comfort_chatbot,vign|entertain_youtube|novel_youtube|lonely_youtube|comfort_youtube|interest_youtube|engage_youtube|connect_youtube
2/6/23 13:25,2/6/23 13:27,0,100,151,1,2/6/23 13:27,R_6mUbg9n4tmT3gGZ,anonymous,EN,1,2,2,3,10,0,99,75,0,90,75,15,0,100,0,0,65,0,100,90,50,100,100,100,100,1,1,1,1,1,"Ive done several surveys on this site interacting with a ""chatbot"" although im unsure whether those were just prewritten responses.",2,,3,,25,3,,person|youtube|chatbot,vign|entertain_person|connect_person|engage_person|lonely_person|interest_person|comfort_person|novel_person,vign|connect_chatbot|novel_chatbot|engage_chatbot|lonely_chatbot|interest_chatbot|entertain_chatbot|comfort_chatbot,vign|novel_youtube|lonely_youtube|interest_youtube|comfort_youtube|entertain_youtube|engage_youtube|connect_youtube
2/6/23 13:23,2/6/23 13:27,0,100,261,1,2/6/23 13:27,R_2EyOnS0747wHCMu,anonymous,EN,1,2,2,3,65,10,60,65,10,60,45,70,10,80,70,75,80,15,100,40,60,100,100,90,30,1,1,1,1,1,I've interacted with multiple chatbots over the course of my life. ChatGPT and various others that I can't remember to name or am not supposed to name.,2,,3,,23,8,Didn't finish high school,person|chatbot|youtube,vign|comfort_person|connect_person|entertain_person|novel_person|interest_person|lonely_person|engage_person,vign|comfort_chatbot|novel_chatbot|entertain_chatbot|lonely_chatbot|interest_chatbot|connect_chatbot|engage_chatbot,vign|novel_youtube|interest_youtube|entertain_youtube|lonely_youtube|comfort_youtube|engage_youtube|connect_youtube
2/6/23 13:22,2/6/23 13:27,0,100,318,1,2/6/23 13:27,R_2UXUyyO0eRxpGkE,anonymous,EN,1,2,2,3,20,50,0,60,20,30,50,70,0,60,70,50,70,0,70,0,70,70,50,70,60,1,1,2,1,1,"'eliza'-type chatbots from years ago, not like the current crop",1,,1,,55,4,,chatbot|person|youtube,vign|entertain_person|comfort_person|novel_person|lonely_person|interest_person|engage_person|connect_person,vign|lonely_chatbot|entertain_chatbot|engage_chatbot|novel_chatbot|comfort_chatbot|interest_chatbot|connect_chatbot,vign|interest_youtube|novel_youtube|entertain_youtube|comfort_youtube|lonely_youtube|engage_youtube|connect_youtube
2/6/23 13:23,2/6/23 13:27,0,100,277,1,2/6/23 13:27,R_3PWPYjd00c2VJiG,anonymous,EN,1,2,2,3,79,80,82,85,81,86,100,91,79,89,83,84,85,82,82,83,82,75,79,80,73,3,3,3,3,1,yes,2,,1,,27,5,,person|chatbot|youtube,vign|novel_person|connect_person|lonely_person|entertain_person|interest_person|engage_person|comfort_person,vign|lonely_chatbot|engage_chatbot|comfort_chatbot|entertain_chatbot|connect_chatbot|interest_chatbot|novel_chatbot,vign|lonely_youtube|novel_youtube|comfort_youtube|interest_youtube|entertain_youtube|engage_youtube|connect_youtube
2/6/23 13:22,2/6/23 13:28,0,100,337,1,2/6/23 13:28,R_1rJOL7aHQc1G31g,anonymous,EN,1,2,2,3,52,56,42,48,57,63,56,84,68,32,71,59,67,65,80,73,60,57,67,66,74,1,1,1,1,1,ChatGPT,1,,3,,37,4,,person|chatbot|youtube,vign|engage_person|lonely_person|comfort_person|interest_person|novel_person|entertain_person|connect_person,vign|novel_chatbot|comfort_chatbot|entertain_chatbot|connect_chatbot|interest_chatbot|engage_chatbot|lonely_chatbot,vign|interest_youtube|lonely_youtube|entertain_youtube|novel_youtube|comfort_youtube|engage_youtube|connect_youtube
2/6/23 13:27,2/6/23 13:28,0,100,41,1,2/6/23 13:28,R_bq01dRvxAXjgkdX,anonymous,EN,1,1,2,,,,,,,,,,,,,,,,,,,,,,,,,,,,,,,,,,,,,,,
2/6/23 13:24,2/6/23 13:28,0,100,259,1,2/6/23 13:28,R_30bEbaTdmfRXP5d,anonymous,EN,1,2,2,1,100,90,100,100,60,100,100,69,0,100,80,70,80,7,91,79,81,71,89,81,70,3,1,3,3,2,,2,,3,,41,1,,person|youtube|chatbot,vign|novel_person|comfort_person|lonely_person|engage_person|interest_person|connect_person|entertain_person,vign|novel_chatbot|connect_chatbot|entertain_chatbot|engage_chatbot|interest_chatbot|comfort_chatbot|lonely_chatbot,vign|comfort_youtube|lonely_youtube|entertain_youtube|novel_youtube|interest_youtube|engage_youtube|connect_youtube
2/6/23 13:24,2/6/23 13:28,0,100,290,1,2/6/23 13:28,R_CaDEZ5uf4DvI19v,anonymous,EN,1,2,2,2,77,18,42,52,64,34,57,47,10,60,60,38,37,38,91,96,64,76,80,74,65,1,2,2,1,2,,1,,3,,38,4,,youtube|chatbot|person,vign|entertain_person|comfort_person|interest_person|connect_person|novel_person|lonely_person|engage_person,vign|novel_chatbot|connect_chatbot|engage_chatbot|entertain_chatbot|lonely_chatbot|interest_chatbot|comfort_chatbot,vign|interest_youtube|comfort_youtube|novel_youtube|lonely_youtube|entertain_youtube|engage_youtube|connect_youtube
2/6/23 13:22,2/6/23 13:29,0,100,387,1,2/6/23 13:29,R_1otBqvwhjSlAOfO,anonymous,EN,1,2,2,2,41,9,49,33,39,51,28,60,51,50,86,35,77,63,75,41,71,33,59,41,22,3,3,3,3,2,,2,,4,,26,5,,chatbot|person|youtube,vign|connect_person|novel_person|comfort_person|entertain_person|interest_person|engage_person|lonely_person,vign|lonely_chatbot|connect_chatbot|interest_chatbot|engage_chatbot|entertain_chatbot|comfort_chatbot|novel_chatbot,vign|comfort_youtube|interest_youtube|entertain_youtube|lonely_youtube|novel_youtube|engage_youtube|connect_youtube
2/6/23 13:24,2/6/23 13:29,0,100,273,1,2/6/23 13:29,R_2VrIUITssul4Fge,anonymous,EN,1,2,2,3,100,95,96,98,98,96,95,98,98,100,97,94,98,92,94,93,99,94,90,99,97,3,3,3,3,2,nothing,2,,3,,63,5,,youtube|chatbot|person,vign|engage_person|interest_person|connect_person|comfort_person|lonely_person|entertain_person|novel_person,vign|engage_chatbot|entertain_chatbot|comfort_chatbot|interest_chatbot|connect_chatbot|lonely_chatbot|novel_chatbot,vign|comfort_youtube|novel_youtube|interest_youtube|entertain_youtube|lonely_youtube|engage_youtube|connect_youtube
2/6/23 13:23,2/6/23 13:29,0,100,360,1,2/6/23 13:29,R_3KxTfdwCRuqFlQR,anonymous,EN,1,2,2,3,92,91,93,88,87,75,79,91,95,92,81,81,79,88,88,66,89,96,77,80,92,3,3,2,3,2,nothing,2,,1,,37,5,,person|chatbot|youtube,vign|connect_person|interest_person|novel_person|engage_person|comfort_person|lonely_person|entertain_person,vign|engage_chatbot|lonely_chatbot|interest_chatbot|entertain_chatbot|connect_chatbot|novel_chatbot|comfort_chatbot,vign|interest_youtube|entertain_youtube|lonely_youtube|novel_youtube|comfort_youtube|engage_youtube|connect_youtube
2/6/23 13:25,2/6/23 13:29,0,100,224,1,2/6/23 13:29,R_1j7mTCI4DuriD1F,anonymous,EN,1,2,2,3,95,88,78,98,84,92,80,92,88,82,92,93,84,80,91,86,79,88,76,93,78,3,3,3,3,1,Yes,2,,3,,55,5,,youtube|person|chatbot,vign|comfort_person|entertain_person|connect_person|interest_person|novel_person|lonely_person|engage_person,vign|connect_chatbot|lonely_chatbot|comfort_chatbot|interest_chatbot|engage_chatbot|novel_chatbot|entertain_chatbot,vign|lonely_youtube|entertain_youtube|novel_youtube|interest_youtube|comfort_youtube|engage_youtube|connect_youtube
2/6/23 13:26,2/6/23 13:29,0,100,175,1,2/6/23 13:29,R_8igxPeCZB2W9mSZ,anonymous,EN,1,2,2,1,79,79,75,60,69,77,68,57,75,76,63,68,70,64,61,72,56,76,74,53,68,3,3,3,1,2,,2,,3,,47,5,,youtube|person|chatbot,vign|engage_person|comfort_person|lonely_person|novel_person|entertain_person|connect_person|interest_person,vign|connect_chatbot|novel_chatbot|entertain_chatbot|comfort_chatbot|lonely_chatbot|engage_chatbot|interest_chatbot,vign|interest_youtube|novel_youtube|lonely_youtube|entertain_youtube|comfort_youtube|engage_youtube|connect_youtube
2/6/23 13:25,2/6/23 13:29,0,100,239,1,2/6/23 13:29,R_10JJScjgFfsBQao,anonymous,EN,1,2,2,3,91,93,97,91,100,100,83,100,100,100,97,57,90,100,76,83,100,95,100,100,95,3,3,3,3,2,,1,,1,,55,5,,youtube|person|chatbot,vign|engage_person|comfort_person|interest_person|connect_person|lonely_person|entertain_person|novel_person,vign|connect_chatbot|entertain_chatbot|novel_chatbot|engage_chatbot|lonely_chatbot|comfort_chatbot|interest_chatbot,vign|comfort_youtube|interest_youtube|lonely_youtube|entertain_youtube|novel_youtube|engage_youtube|connect_youtube
2/6/23 13:26,2/6/23 13:30,0,100,222,1,2/6/23 13:30,R_1F3whUvTKHRCJR2,anonymous,EN,1,2,2,3,57,50,75,57,34,64,47,59,72,71,57,49,75,69,56,62,69,60,63,81,62,3,2,2,2,2,,2,,1,,37,5,,youtube|person|chatbot,vign|engage_person|comfort_person|interest_person|connect_person|novel_person|lonely_person|entertain_person,vign|interest_chatbot|engage_chatbot|lonely_chatbot|entertain_chatbot|comfort_chatbot|connect_chatbot|novel_chatbot,vign|lonely_youtube|comfort_youtube|novel_youtube|entertain_youtube|interest_youtube|engage_youtube|connect_youtube
2/6/23 13:28,2/6/23 13:30,0,100,121,1,2/6/23 13:30,R_3R2eH7SVl0ZXcpR,anonymous,EN,1,4,2,,,,,,,,,,,,,,,,,,,,,,,,,,,,,,,,,,,,,,,
2/6/23 13:26,2/6/23 13:30,0,100,186,1,2/6/23 13:30,R_3pV9IpsLQAwfCGR,anonymous,EN,1,2,2,2,65,77,81,65,59,46,65,48,56,73,42,88,76,70,80,64,77,71,54,64,77,3,3,2,3,1,good,2,,3,,39,5,,person|youtube|chatbot,vign|connect_person|interest_person|lonely_person|entertain_person|comfort_person|engage_person|novel_person,vign|connect_chatbot|engage_chatbot|entertain_chatbot|comfort_chatbot|lonely_chatbot|novel_chatbot|interest_chatbot,vign|comfort_youtube|entertain_youtube|interest_youtube|novel_youtube|lonely_youtube|engage_youtube|connect_youtube
2/6/23 13:27,2/6/23 13:30,0,100,140,1,2/6/23 13:30,R_3p4LkqfHXjxiGGo,anonymous,EN,1,2,2,3,60,70,55,80,30,55,68,76,33,48,80,65,85,45,100,30,85,65,85,90,45,2,2,3,2,1,I've used multiple chatbots online for fun or when using a website to get more information.,1,,3,,26,5,,youtube|person|chatbot,vign|entertain_person|novel_person|connect_person|lonely_person|comfort_person|interest_person|engage_person,vign|engage_chatbot|interest_chatbot|connect_chatbot|comfort_chatbot|novel_chatbot|entertain_chatbot|lonely_chatbot,vign|comfort_youtube|lonely_youtube|entertain_youtube|novel_youtube|interest_youtube|engage_youtube|connect_youtube
2/6/23 13:25,2/6/23 13:30,0,100,315,1,2/6/23 13:30,R_PLKi13s0WThdF6x,anonymous,EN,1,2,2,3,100,50,50,80,50,100,80,100,0,100,100,0,100,0,100,0,100,50,100,100,0,1,1,1,1,1,I have used chatbots before to help research information in my spare time. ,1,,3,,43,3,,chatbot|person|youtube,vign|lonely_person|connect_person|entertain_person|interest_person|novel_person|comfort_person|engage_person,vign|lonely_chatbot|novel_chatbot|entertain_chatbot|engage_chatbot|connect_chatbot|comfort_chatbot|interest_chatbot,vign|interest_youtube|novel_youtube|comfort_youtube|lonely_youtube|entertain_youtube|engage_youtube|connect_youtube
2/6/23 13:23,2/6/23 13:31,0,100,442,1,2/6/23 13:31,R_01JBHYE51FCujSh,anonymous,EN,1,2,2,3,88,17,72,89,65,74,85,70,27,62,81,57,79,71,81,31,80,61,81,81,67,2,2,2,2,1,Ive used CHAT GPT that is an AI Chatbot,1,,3,,40,3,,chatbot|youtube|person,vign|lonely_person|connect_person|entertain_person|comfort_person|novel_person|interest_person|engage_person,vign|entertain_chatbot|novel_chatbot|engage_chatbot|comfort_chatbot|interest_chatbot|lonely_chatbot|connect_chatbot,vign|novel_youtube|entertain_youtube|comfort_youtube|lonely_youtube|interest_youtube|engage_youtube|connect_youtube
2/6/23 13:28,2/6/23 13:32,0,100,230,1,2/6/23 13:32,R_u9SfMvmPpMmX6lb,anonymous,EN,1,2,2,2,100,9,45,100,100,100,100,96,69,85,96,95,100,98,100,8,94,100,82,98,100,3,2,2,3,2,,1,,4,,30,4,,youtube|person|chatbot,vign|interest_person|novel_person|entertain_person|lonely_person|comfort_person|engage_person|connect_person,vign|interest_chatbot|connect_chatbot|engage_chatbot|lonely_chatbot|novel_chatbot|entertain_chatbot|comfort_chatbot,vign|comfort_youtube|entertain_youtube|novel_youtube|interest_youtube|lonely_youtube|engage_youtube|connect_youtube
2/6/23 13:24,2/6/23 13:32,0,100,492,1,2/6/23 13:32,R_1Pdi816Gy490x4e,anonymous,EN,1,2,2,1,78,76,82,83,83,85,70,80,89,82,82,85,87,82,68,85,83,84,81,81,95,3,3,3,3,1,Well,2,,3,,60,5,,youtube|person|chatbot,vign|connect_person|lonely_person|novel_person|comfort_person|interest_person|entertain_person|engage_person,vign|novel_chatbot|engage_chatbot|entertain_chatbot|connect_chatbot|lonely_chatbot|interest_chatbot|comfort_chatbot,vign|lonely_youtube|entertain_youtube|comfort_youtube|interest_youtube|novel_youtube|engage_youtube|connect_youtube
2/6/23 13:28,2/6/23 13:33,0,100,287,1,2/6/23 13:33,R_125Qyj7jrzxPMTs,anonymous,EN,1,2,2,1,100,100,100,100,100,100,99,100,100,100,100,100,100,100,100,100,100,100,99,100,100,3,3,3,3,1,yes,1,,3,,35,4,,chatbot|youtube|person,vign|connect_person|novel_person|lonely_person|interest_person|entertain_person|engage_person|comfort_person,vign|interest_chatbot|entertain_chatbot|engage_chatbot|connect_chatbot|lonely_chatbot|comfort_chatbot|novel_chatbot,vign|novel_youtube|lonely_youtube|comfort_youtube|interest_youtube|entertain_youtube|engage_youtube|connect_youtube
2/6/23 13:23,2/6/23 13:33,0,100,591,1,2/6/23 13:33,R_3Hkvm9LuKp9UFzn,anonymous,EN,1,2,2,3,47,33,48,49,51,38,37,49,45,37,32,35,41,56,53,35,37,19,59,44,45,2,2,2,2,2,,1,,3,,56,5,,youtube|chatbot|person,vign|engage_person|connect_person|interest_person|comfort_person|novel_person|entertain_person|lonely_person,vign|lonely_chatbot|comfort_chatbot|engage_chatbot|entertain_chatbot|connect_chatbot|interest_chatbot|novel_chatbot,vign|novel_youtube|comfort_youtube|lonely_youtube|interest_youtube|entertain_youtube|engage_youtube|connect_youtube
2/6/23 13:31,2/6/23 13:33,0,100,121,1,2/6/23 13:33,R_2312otftAqxod0t,anonymous,EN,1,2,2,1,83,76,82,91,80,81,81,45,41,80,67,54,60,60,71,50,61,62,50,64,61,1,2,2,2,2,,1,,2,,34,4,,youtube|person|chatbot,vign|comfort_person|interest_person|entertain_person|connect_person|novel_person|lonely_person|engage_person,vign|entertain_chatbot|novel_chatbot|lonely_chatbot|comfort_chatbot|interest_chatbot|connect_chatbot|engage_chatbot,vign|entertain_youtube|lonely_youtube|comfort_youtube|interest_youtube|novel_youtube|engage_youtube|connect_youtube
2/6/23 13:30,2/6/23 13:34,0,100,237,1,2/6/23 13:34,R_07g2U82yLUpKvSh,anonymous,EN,1,2,2,2,58,56,71,61,76,86,55,71,73,83,55,84,67,47,87,43,62,64,77,65,54,2,2,2,2,2,,2,,1,,39,5,,chatbot|person|youtube,vign|interest_person|lonely_person|engage_person|comfort_person|entertain_person|novel_person|connect_person,vign|entertain_chatbot|lonely_chatbot|engage_chatbot|comfort_chatbot|interest_chatbot|novel_chatbot|connect_chatbot,vign|comfort_youtube|entertain_youtube|interest_youtube|lonely_youtube|novel_youtube|engage_youtube|connect_youtube
2/6/23 13:27,2/6/23 13:34,0,100,448,1,2/6/23 13:34,R_3p9Xlf5UgSpUFIO,anonymous,EN,1,2,2,2,72,73,81,63,92,93,81,82,62,69,83,70,62,93,64,80,73,63,91,50,72,2,3,2,3,2,,1,,3,,1982,4,,youtube|chatbot|person,vign|interest_person|novel_person|connect_person|comfort_person|engage_person|entertain_person|lonely_person,vign|entertain_chatbot|comfort_chatbot|connect_chatbot|lonely_chatbot|novel_chatbot|engage_chatbot|interest_chatbot,vign|interest_youtube|lonely_youtube|entertain_youtube|comfort_youtube|novel_youtube|engage_youtube|connect_youtube
2/6/23 13:32,2/6/23 13:35,0,100,169,1,2/6/23 13:35,R_2OU3mHyKnWtwr77,anonymous,EN,1,2,2,2,37,53,63,79,88,79,58,100,100,100,100,100,100,100,94,70,76,83,92,80,48,2,1,1,1,2,,2,,3,,41,5,,youtube|chatbot|person,vign|interest_person|lonely_person|novel_person|engage_person|connect_person|entertain_person|comfort_person,vign|connect_chatbot|engage_chatbot|entertain_chatbot|comfort_chatbot|interest_chatbot|novel_chatbot|lonely_chatbot,vign|lonely_youtube|interest_youtube|comfort_youtube|entertain_youtube|novel_youtube|engage_youtube|connect_youtube
2/6/23 13:31,2/6/23 13:35,0,100,271,1,2/6/23 13:35,R_2abHhxthTYwlyY3,anonymous,EN,1,2,2,1,78,69,66,67,62,80,80,64,57,86,66,84,89,86,89,82,68,70,70,83,85,3,2,2,2,2,,2,,3,,28,6,,chatbot|youtube|person,vign|engage_person|interest_person|novel_person|connect_person|comfort_person|entertain_person|lonely_person,vign|entertain_chatbot|interest_chatbot|engage_chatbot|novel_chatbot|connect_chatbot|comfort_chatbot|lonely_chatbot,vign|interest_youtube|novel_youtube|entertain_youtube|comfort_youtube|lonely_youtube|engage_youtube|connect_youtube
2/6/23 13:32,2/6/23 13:36,0,100,202,1,2/6/23 13:36,R_2DThCpEY2MafO90,anonymous,EN,1,2,2,3,40,29,47,32,70,62,65,18,11,34,27,42,38,22,52,17,34,19,23,40,41,2,2,2,2,2,n/a,2,,3,,29,5,,person|chatbot|youtube,vign|engage_person|connect_person|entertain_person|novel_person|comfort_person|lonely_person|interest_person,vign|interest_chatbot|connect_chatbot|comfort_chatbot|entertain_chatbot|novel_chatbot|lonely_chatbot|engage_chatbot,vign|lonely_youtube|novel_youtube|entertain_youtube|comfort_youtube|interest_youtube|engage_youtube|connect_youtube
2/6/23 13:29,2/6/23 13:37,0,100,484,1,2/6/23 13:37,R_25u6VvzAnS3DNm2,anonymous,EN,1,2,2,2,82,92,75,57,66,57,74,78,68,57,73,64,89,55,27,70,70,38,55,46,65,2,2,2,2,2,,2,,3,,65,5,,chatbot|youtube|person,vign|comfort_person|entertain_person|interest_person|novel_person|lonely_person|engage_person|connect_person,vign|comfort_chatbot|entertain_chatbot|connect_chatbot|engage_chatbot|interest_chatbot|novel_chatbot|lonely_chatbot,vign|interest_youtube|novel_youtube|entertain_youtube|comfort_youtube|lonely_youtube|engage_youtube|connect_youtube
2/6/23 13:35,2/6/23 13:37,0,100,116,1,2/6/23 13:37,R_2cBKDYvxLdnadKQ,anonymous,EN,1,2,2,1,52,51,49,52,51,50,43,50,51,45,40,50,48,52,51,50,56,51,53,51,51,2,2,2,3,2,,2,,3,,30,5,,chatbot|person|youtube,vign|connect_person|entertain_person|novel_person|engage_person|comfort_person|interest_person|lonely_person,vign|engage_chatbot|interest_chatbot|novel_chatbot|lonely_chatbot|connect_chatbot|comfort_chatbot|entertain_chatbot,vign|novel_youtube|entertain_youtube|lonely_youtube|interest_youtube|comfort_youtube|engage_youtube|connect_youtube
2/6/23 13:33,2/6/23 13:37,0,100,248,1,2/6/23 13:37,R_3GpOfBk3pdKfMqz,anonymous,EN,1,2,2,3,81,66,59,80,74,68,70,64,71,68,68,71,60,82,68,61,67,76,54,53,64,3,3,3,1,2,,1,,3,,32,4,,chatbot|person|youtube,vign|interest_person|comfort_person|connect_person|novel_person|engage_person|lonely_person|entertain_person,vign|lonely_chatbot|engage_chatbot|comfort_chatbot|interest_chatbot|novel_chatbot|connect_chatbot|entertain_chatbot,vign|entertain_youtube|interest_youtube|novel_youtube|comfort_youtube|lonely_youtube|engage_youtube|connect_youtube
2/6/23 13:36,2/6/23 13:38,0,100,106,1,2/6/23 13:38,R_1C4wB9Ds1GKBZKW,anonymous,EN,1,2,2,2,74,74,51,62,69,73,84,81,79,58,87,56,82,44,61,65,59,89,77,74,65,3,2,2,2,2,,2,,3,,56,5,,youtube|chatbot|person,vign|interest_person|comfort_person|lonely_person|novel_person|entertain_person|engage_person|connect_person,vign|interest_chatbot|novel_chatbot|entertain_chatbot|connect_chatbot|engage_chatbot|comfort_chatbot|lonely_chatbot,vign|lonely_youtube|interest_youtube|novel_youtube|comfort_youtube|entertain_youtube|engage_youtube|connect_youtube
2/6/23 13:34,2/6/23 13:39,0,100,283,1,2/6/23 13:39,R_2qpxCDja5ePQFIW,anonymous,EN,1,2,2,3,80,100,60,100,60,100,100,50,10,50,50,10,70,10,100,20,50,20,80,100,20,2,2,3,2,1,I have interacted with a chat bot when returning something to a store online.,2,,3,,33,4,,youtube|person|chatbot,vign|lonely_person|novel_person|interest_person|comfort_person|entertain_person|engage_person|connect_person,vign|interest_chatbot|novel_chatbot|comfort_chatbot|lonely_chatbot|engage_chatbot|entertain_chatbot|connect_chatbot,vign|lonely_youtube|interest_youtube|comfort_youtube|novel_youtube|entertain_youtube|engage_youtube|connect_youtube
2/6/23 13:37,2/6/23 13:40,0,100,182,1,2/6/23 13:40,R_4ZmM8BxUzl9tGNP,anonymous,EN,1,2,2,3,52,12,23,42,43,39,32,21,16,18,50,34,12,27,18,15,26,37,9,40,18,2,2,2,2,2,n/a,2,,3,,29,4,,chatbot|youtube|person,vign|comfort_person|connect_person|engage_person|novel_person|interest_person|entertain_person|lonely_person,vign|entertain_chatbot|novel_chatbot|interest_chatbot|comfort_chatbot|lonely_chatbot|connect_chatbot|engage_chatbot,vign|comfort_youtube|entertain_youtube|novel_youtube|interest_youtube|lonely_youtube|engage_youtube|connect_youtube
2/6/23 13:25,2/6/23 13:41,8,100,951,1,2/6/23 13:41,R_p5ItxPABDTeD2Tv,anonymous,EN,1,1,2,,,,,,,,,,,,,,,,,,,,,,,,,,,,,,,,,,,,,,,
2/6/23 13:39,2/6/23 13:42,0,100,148,1,2/6/23 13:42,R_3DdPlQvzxq12OS0,anonymous,EN,1,2,2,1,70,36,44,21,32,37,74,19,60,54,26,18,55,48,38,96,45,34,50,37,63,2,3,2,3,2,,1,,3,,36,5,,youtube|chatbot|person,vign|interest_person|comfort_person|entertain_person|lonely_person|connect_person|engage_person|novel_person,vign|comfort_chatbot|lonely_chatbot|entertain_chatbot|connect_chatbot|engage_chatbot|interest_chatbot|novel_chatbot,vign|interest_youtube|entertain_youtube|lonely_youtube|novel_youtube|comfort_youtube|engage_youtube|connect_youtube
2/6/23 13:39,2/6/23 13:42,0,100,182,1,2/6/23 13:42,R_3DUGXVjmHRufgUF,anonymous,EN,1,2,2,3,79,53,79,62,58,66,72,86,51,55,87,72,79,73,67,82,77,92,80,75,78,3,2,2,3,2,,2,,3,,40,4,,chatbot|person|youtube,vign|entertain_person|engage_person|interest_person|novel_person|comfort_person|lonely_person|connect_person,vign|novel_chatbot|interest_chatbot|engage_chatbot|comfort_chatbot|entertain_chatbot|lonely_chatbot|connect_chatbot,vign|lonely_youtube|entertain_youtube|comfort_youtube|interest_youtube|novel_youtube|engage_youtube|connect_youtube
2/6/23 13:42,2/6/23 13:43,0,100,48,1,2/6/23 13:43,R_1DZipoZ7G9DJQAK,anonymous,EN,1,1,1,,,,,,,,,,,,,,,,,,,,,,,,,,,,,,,,,,,,,,,
2/6/23 13:40,2/6/23 13:45,0,100,286,1,2/6/23 13:45,R_3ERsuIFeD0YUcTi,anonymous,EN,1,2,2,3,40,50,59,89,29,27,72,73,22,70,71,49,70,39,98,34,32,40,79,92,30,2,3,2,2,1,I've interacted with customer service bots as well as chat bots designed to respond in a specific way. I've also talked AI chatbots.,2,,4,,23,3,,youtube|chatbot|person,vign|novel_person|connect_person|entertain_person|comfort_person|interest_person|engage_person|lonely_person,vign|comfort_chatbot|entertain_chatbot|engage_chatbot|lonely_chatbot|novel_chatbot|connect_chatbot|interest_chatbot,vign|novel_youtube|interest_youtube|entertain_youtube|lonely_youtube|comfort_youtube|engage_youtube|connect_youtube
2/6/23 13:41,2/6/23 13:45,0,100,243,1,2/6/23 13:45,R_3MgsfYHosNbh48r,anonymous,EN,1,2,2,1,82,87,86,83,66,92,81,83,78,84,84,83,89,87,80,79,76,90,76,92,83,3,3,3,3,1,yes,2,,3,,63,5,,youtube|chatbot|person,vign|novel_person|lonely_person|entertain_person|comfort_person|interest_person|connect_person|engage_person,vign|novel_chatbot|connect_chatbot|entertain_chatbot|engage_chatbot|lonely_chatbot|interest_chatbot|comfort_chatbot,vign|entertain_youtube|novel_youtube|interest_youtube|lonely_youtube|comfort_youtube|engage_youtube|connect_youtube
2/6/23 13:42,2/6/23 13:45,0,100,187,1,2/6/23 13:45,R_2ARuvZWDCu0wqSB,anonymous,EN,1,2,2,1,66,82,72,89,82,87,72,74,85,79,84,88,77,73,88,65,73,76,82,80,80,3,3,2,3,2,,1,,3,,49,5,,chatbot|person|youtube,vign|comfort_person|engage_person|connect_person|lonely_person|entertain_person|interest_person|novel_person,vign|connect_chatbot|comfort_chatbot|interest_chatbot|engage_chatbot|novel_chatbot|lonely_chatbot|entertain_chatbot,vign|novel_youtube|interest_youtube|lonely_youtube|comfort_youtube|entertain_youtube|engage_youtube|connect_youtube
2/6/23 13:39,2/6/23 13:45,0,100,353,1,2/6/23 13:45,R_7QyJPglELEDHy8N,anonymous,EN,1,2,2,1,89,79,72,63,88,77,75,92,80,82,81,81,83,77,68,73,80,74,85,87,83,3,1,1,1,2,,1,,3,,31,4,,chatbot|person|youtube,vign|connect_person|novel_person|interest_person|engage_person|comfort_person|lonely_person|entertain_person,vign|entertain_chatbot|novel_chatbot|comfort_chatbot|interest_chatbot|engage_chatbot|connect_chatbot|lonely_chatbot,vign|interest_youtube|novel_youtube|lonely_youtube|entertain_youtube|comfort_youtube|engage_youtube|connect_youtube
2/6/23 13:40,2/6/23 13:46,0,100,373,1,2/6/23 13:46,R_1prIvZzErpp8goq,anonymous,EN,1,2,2,3,81,68,66,70,70,81,65,79,51,71,73,68,83,90,73,65,79,67,64,79,88,2,3,2,3,2,,2,,3,,34,5,,chatbot|person|youtube,vign|lonely_person|entertain_person|connect_person|comfort_person|novel_person|engage_person|interest_person,vign|entertain_chatbot|comfort_chatbot|lonely_chatbot|connect_chatbot|engage_chatbot|novel_chatbot|interest_chatbot,vign|entertain_youtube|lonely_youtube|novel_youtube|interest_youtube|comfort_youtube|engage_youtube|connect_youtube
2/6/23 13:45,2/6/23 13:46,0,100,114,1,2/6/23 13:46,R_1inCnWKzjheyARn,anonymous,EN,1,2,2,3,67,76,66,77,64,80,90,35,16,79,51,66,76,19,98,15,68,63,85,93,47,2,3,3,3,1,Just as a customer service program to help with products/returns.,2,,3,,35,3,,chatbot|youtube|person,vign|engage_person|lonely_person|novel_person|interest_person|comfort_person|connect_person|entertain_person,vign|interest_chatbot|comfort_chatbot|novel_chatbot|entertain_chatbot|engage_chatbot|lonely_chatbot|connect_chatbot,vign|novel_youtube|interest_youtube|comfort_youtube|lonely_youtube|entertain_youtube|engage_youtube|connect_youtube
2/6/23 13:45,2/6/23 13:47,0,100,95,1,2/6/23 13:47,R_3EsdqHppmWiehui,anonymous,EN,1,2,2,1,82,88,58,71,70,69,64,64,41,56,71,67,62,67,54,31,46,53,51,44,37,2,2,2,2,2,,1,,1,,31,4,,person|chatbot|youtube,vign|engage_person|entertain_person|lonely_person|comfort_person|interest_person|connect_person|novel_person,vign|novel_chatbot|comfort_chatbot|interest_chatbot|engage_chatbot|connect_chatbot|entertain_chatbot|lonely_chatbot,vign|interest_youtube|comfort_youtube|lonely_youtube|novel_youtube|entertain_youtube|engage_youtube|connect_youtube
2/6/23 13:43,2/6/23 13:48,0,100,299,1,2/6/23 13:48,R_BxO1otpl53ctNqV,anonymous,EN,1,2,2,1,66,72,74,75,58,69,59,72,82,84,81,80,71,79,83,83,79,81,83,83,73,3,3,3,3,1,yes,1,,1,,57,5,,person|youtube|chatbot,vign|connect_person|comfort_person|entertain_person|interest_person|lonely_person|engage_person|novel_person,vign|entertain_chatbot|interest_chatbot|novel_chatbot|engage_chatbot|connect_chatbot|comfort_chatbot|lonely_chatbot,vign|lonely_youtube|entertain_youtube|interest_youtube|novel_youtube|comfort_youtube|engage_youtube|connect_youtube
2/6/23 13:44,2/6/23 13:48,0,100,241,1,2/6/23 13:48,R_1n14cxv8FtDI3ij,anonymous,EN,1,2,2,3,71,71,61,100,100,60,72,51,71,81,81,60,92,50,71,92,100,61,100,50,71,1,1,1,1,1,I have interacted with an AI before. It was called Replika.,1,,3,,49,4,,chatbot|youtube|person,vign|entertain_person|interest_person|engage_person|connect_person|novel_person|lonely_person|comfort_person,vign|entertain_chatbot|engage_chatbot|interest_chatbot|connect_chatbot|novel_chatbot|lonely_chatbot|comfort_chatbot,vign|comfort_youtube|entertain_youtube|interest_youtube|novel_youtube|lonely_youtube|engage_youtube|connect_youtube
2/6/23 13:45,2/6/23 13:48,0,100,172,1,2/6/23 13:48,R_1iqEHqdMcWW4Kop,anonymous,EN,1,2,2,3,21,39,55,71,11,50,69,26,5,58,66,58,61,10,86,27,87,67,75,77,58,3,2,3,1,2,,1,,3,,55,3,,chatbot|youtube|person,vign|novel_person|entertain_person|interest_person|engage_person|lonely_person|connect_person|comfort_person,vign|novel_chatbot|lonely_chatbot|interest_chatbot|comfort_chatbot|engage_chatbot|entertain_chatbot|connect_chatbot,vign|novel_youtube|comfort_youtube|lonely_youtube|entertain_youtube|interest_youtube|engage_youtube|connect_youtube
2/6/23 13:37,2/6/23 13:49,0,100,668,1,2/6/23 13:49,R_sopVBId6arj2Q5X,anonymous,EN,1,2,2,3,85,75,74,85,90,78,89,79,95,80,57,63,75,84,1,1,2,79,59,75,64,3,3,3,2,2,,2,,3,,28,5,,chatbot|youtube|person,vign|comfort_person|novel_person|interest_person|connect_person|entertain_person|lonely_person|engage_person,vign|engage_chatbot|comfort_chatbot|novel_chatbot|interest_chatbot|entertain_chatbot|connect_chatbot|lonely_chatbot,vign|entertain_youtube|lonely_youtube|novel_youtube|comfort_youtube|interest_youtube|engage_youtube|connect_youtube
2/6/23 13:45,2/6/23 13:50,0,100,289,1,2/6/23 13:50,R_3HUKnA5wMGwTfxa,anonymous,EN,1,2,2,2,94,58,37,100,73,90,64,100,100,50,48,100,53,58,52,54,68,76,45,100,79,2,3,2,2,2,,2,,3,,33,5,,person|youtube|chatbot,vign|lonely_person|connect_person|novel_person|engage_person|entertain_person|interest_person|comfort_person,vign|novel_chatbot|engage_chatbot|lonely_chatbot|connect_chatbot|entertain_chatbot|interest_chatbot|comfort_chatbot,vign|entertain_youtube|novel_youtube|lonely_youtube|interest_youtube|comfort_youtube|engage_youtube|connect_youtube
2/6/23 13:37,2/6/23 13:50,0,100,822,1,2/6/23 13:50,R_21oedIYO4Gon8El,anonymous,EN,1,2,2,1,92,68,58,77,51,42,78,50,73,99,88,59,49,81,57,45,60,60,62,61,88,3,3,3,3,2,,2,,3,,62,5,,person|youtube|chatbot,vign|novel_person|connect_person|entertain_person|engage_person|lonely_person|interest_person|comfort_person,vign|interest_chatbot|lonely_chatbot|comfort_chatbot|entertain_chatbot|connect_chatbot|engage_chatbot|novel_chatbot,vign|interest_youtube|comfort_youtube|novel_youtube|lonely_youtube|entertain_youtube|engage_youtube|connect_youtube
2/6/23 13:51,2/6/23 13:52,0,100,16,1,2/6/23 13:52,R_2EuvkoZMCQy3MuD,anonymous,EN,1,1,2,,,,,,,,,,,,,,,,,,,,,,,,,,,,,,,,,,,,,,,
2/6/23 13:52,2/6/23 13:52,0,100,15,1,2/6/23 13:52,R_2VNPVAmSyHJHUWi,anonymous,EN,1,4,2,,,,,,,,,,,,,,,,,,,,,,,,,,,,,,,,,,,,,,,
2/6/23 13:49,2/6/23 13:53,0,100,282,1,2/6/23 13:53,R_2al5B7VIhUIehlE,anonymous,EN,1,2,2,3,60,60,60,60,0,60,60,60,0,60,60,0,60,0,60,0,60,0,60,60,0,3,3,3,3,1,I have interacted with chatbots before. ,1,,3,,34,1,,youtube|chatbot|person,vign|connect_person|entertain_person|lonely_person|comfort_person|interest_person|novel_person|engage_person,vign|interest_chatbot|lonely_chatbot|entertain_chatbot|engage_chatbot|connect_chatbot|comfort_chatbot|novel_chatbot,vign|comfort_youtube|interest_youtube|lonely_youtube|novel_youtube|entertain_youtube|engage_youtube|connect_youtube
2/6/23 13:52,2/6/23 13:53,0,100,81,1,2/6/23 13:53,R_2zoLnEySfjNgPV4,anonymous,EN,1,2,2,2,57,49,43,60,64,62,73,61,58,44,100,54,62,85,49,70,84,82,74,47,73,3,3,3,3,2,NA,2,,3,,34,7,,person|chatbot|youtube,vign|engage_person|lonely_person|novel_person|connect_person|entertain_person|comfort_person|interest_person,vign|connect_chatbot|lonely_chatbot|interest_chatbot|entertain_chatbot|novel_chatbot|engage_chatbot|comfort_chatbot,vign|novel_youtube|comfort_youtube|entertain_youtube|lonely_youtube|interest_youtube|engage_youtube|connect_youtube
2/6/23 13:51,2/6/23 13:55,0,100,246,1,2/6/23 13:55,R_2duaNR1oIM6f7kS,anonymous,EN,1,2,2,3,45,82,76,56,30,82,82,81,69,70,71,82,72,55,60,80,90,71,90,90,75,3,3,3,2,1,I have used many and now I have been trying out chatGPT,1,,3,,44,3,,youtube|chatbot|person,vign|entertain_person|lonely_person|connect_person|novel_person|engage_person|interest_person|comfort_person,vign|novel_chatbot|connect_chatbot|lonely_chatbot|entertain_chatbot|comfort_chatbot|engage_chatbot|interest_chatbot,vign|entertain_youtube|interest_youtube|lonely_youtube|comfort_youtube|novel_youtube|engage_youtube|connect_youtube
2/6/23 13:50,2/6/23 13:57,0,100,414,1,2/6/23 13:57,R_1n0GHV36GdVog49,anonymous,EN,1,2,2,2,33,55,41,38,62,38,25,54,60,48,29,42,45,40,23,22,36,40,45,48,54,2,2,2,2,2,,1,,3,,40,4,,chatbot|person|youtube,vign|interest_person|connect_person|entertain_person|comfort_person|engage_person|novel_person|lonely_person,vign|novel_chatbot|entertain_chatbot|interest_chatbot|engage_chatbot|comfort_chatbot|lonely_chatbot|connect_chatbot,vign|interest_youtube|novel_youtube|entertain_youtube|lonely_youtube|comfort_youtube|engage_youtube|connect_youtube
2/6/23 13:54,2/6/23 13:57,0,100,184,1,2/6/23 13:57,R_2czPgizEtBKTXTJ,anonymous,EN,1,2,2,2,60,72,66,57,62,53,65,69,31,84,65,82,50,69,67,60,25,34,81,55,49,2,1,1,1,1,I have talked with chatbots numerous time when ordering products online,1,,3,,40,4,,chatbot|youtube|person,vign|novel_person|lonely_person|connect_person|interest_person|entertain_person|engage_person|comfort_person,vign|comfort_chatbot|novel_chatbot|lonely_chatbot|interest_chatbot|engage_chatbot|entertain_chatbot|connect_chatbot,vign|comfort_youtube|novel_youtube|interest_youtube|entertain_youtube|lonely_youtube|engage_youtube|connect_youtube
2/6/23 13:56,2/6/23 13:58,0,100,102,1,2/6/23 13:58,R_0UvyxFee9qbOn05,anonymous,EN,1,2,2,1,56,80,53,57,65,75,53,68,43,72,92,64,67,59,74,72,53,64,81,74,74,2,2,2,2,2,,2,,3,,52,5,,person|youtube|chatbot,vign|novel_person|engage_person|comfort_person|interest_person|connect_person|lonely_person|entertain_person,vign|entertain_chatbot|engage_chatbot|connect_chatbot|interest_chatbot|lonely_chatbot|comfort_chatbot|novel_chatbot,vign|interest_youtube|lonely_youtube|entertain_youtube|novel_youtube|comfort_youtube|engage_youtube|connect_youtube
2/6/23 13:55,2/6/23 13:59,0,100,241,1,2/6/23 13:59,R_3iEDwaewJHReevR,anonymous,EN,1,2,2,3,54,48,79,71,38,80,72,89,27,78,46,74,86,36,92,23,90,78,92,90,40,1,1,1,1,1,I have interacted with chatbots on sites that I use such as online stores that I buy from and from the bank that I use. I also have used a fun virtual reality friend app before that I liked. ,2,,3,,43,4,,person|chatbot|youtube,vign|entertain_person|comfort_person|lonely_person|interest_person|connect_person|engage_person|novel_person,vign|connect_chatbot|comfort_chatbot|lonely_chatbot|novel_chatbot|interest_chatbot|entertain_chatbot|engage_chatbot,vign|entertain_youtube|comfort_youtube|lonely_youtube|novel_youtube|interest_youtube|engage_youtube|connect_youtube
2/6/23 13:56,2/6/23 14:01,0,100,288,1,2/6/23 14:01,R_24C4VleUzzvlWZn,anonymous,EN,1,2,2,3,51,64,65,75,17,23,56,11,17,29,33,48,38,3,84,25,81,40,79,87,24,1,1,1,1,1,Just in different  customer service applications,1,,3,,45,5,,person|youtube|chatbot,vign|entertain_person|engage_person|novel_person|connect_person|lonely_person|comfort_person|interest_person,vign|interest_chatbot|comfort_chatbot|connect_chatbot|entertain_chatbot|novel_chatbot|lonely_chatbot|engage_chatbot,vign|comfort_youtube|lonely_youtube|interest_youtube|novel_youtube|entertain_youtube|engage_youtube|connect_youtube
2/6/23 14:01,2/6/23 14:02,0,100,93,1,2/6/23 14:02,R_xxZ6Q2vWgYOGMLf,anonymous,EN,1,2,2,1,68,85,70,57,73,65,99,77,59,55,54,71,71,73,97,97,100,93,99,97,93,2,2,2,2,2,,2,,3,,31,5,,person|youtube|chatbot,vign|connect_person|lonely_person|novel_person|comfort_person|entertain_person|engage_person|interest_person,vign|comfort_chatbot|connect_chatbot|engage_chatbot|novel_chatbot|interest_chatbot|lonely_chatbot|entertain_chatbot,vign|novel_youtube|comfort_youtube|entertain_youtube|lonely_youtube|interest_youtube|engage_youtube|connect_youtube
2/6/23 13:58,2/6/23 14:02,0,100,223,1,2/6/23 14:02,R_25H1FfPQ1I3hsoE,anonymous,EN,1,2,2,3,66,72,75,80,63,68,76,68,66,82,62,66,60,57,38,16,49,71,56,64,72,3,2,3,2,2,,2,,3,,62,5,,youtube|chatbot|person,vign|comfort_person|lonely_person|engage_person|interest_person|novel_person|entertain_person|connect_person,vign|connect_chatbot|lonely_chatbot|interest_chatbot|comfort_chatbot|novel_chatbot|engage_chatbot|entertain_chatbot,vign|lonely_youtube|entertain_youtube|novel_youtube|comfort_youtube|interest_youtube|engage_youtube|connect_youtube
2/6/23 14:02,2/6/23 14:04,0,100,100,1,2/6/23 14:04,R_CfcmDmfplWCI2Jj,anonymous,EN,1,2,2,3,3,4,7,7,3,6,2,56,4,1,69,11,21,6,73,2,4,50,77,49,0,3,3,3,3,1,Some surveys asks me to talk to an AI chatbot.,1,,2,,36,3,,youtube|chatbot|person,vign|interest_person|engage_person|novel_person|lonely_person|entertain_person|comfort_person|connect_person,vign|interest_chatbot|comfort_chatbot|connect_chatbot|engage_chatbot|entertain_chatbot|lonely_chatbot|novel_chatbot,vign|comfort_youtube|novel_youtube|entertain_youtube|lonely_youtube|interest_youtube|engage_youtube|connect_youtube
2/6/23 14:00,2/6/23 14:04,0,100,215,1,2/6/23 14:04,R_215tL68kThDZQYu,anonymous,EN,1,2,2,3,39,57,65,64,50,57,52,16,0,19,20,12,19,0,79,0,70,65,77,77,9,1,1,2,2,2,,1,,3,,38,4,,chatbot|youtube|person,vign|novel_person|engage_person|connect_person|entertain_person|lonely_person|comfort_person|interest_person,vign|comfort_chatbot|interest_chatbot|novel_chatbot|lonely_chatbot|engage_chatbot|entertain_chatbot|connect_chatbot,vign|comfort_youtube|interest_youtube|entertain_youtube|lonely_youtube|novel_youtube|engage_youtube|connect_youtube
2/6/23 13:54,2/6/23 14:04,0,100,609,1,2/6/23 14:04,R_3OfdmbCh10hNVou,anonymous,EN,1,2,2,1,54,52,77,83,74,77,58,81,60,58,67,89,71,88,52,68,85,81,76,92,64,3,2,2,1,2,,1,,3,,50,5,,youtube|chatbot|person,vign|novel_person|entertain_person|comfort_person|connect_person|interest_person|lonely_person|engage_person,vign|connect_chatbot|novel_chatbot|entertain_chatbot|engage_chatbot|comfort_chatbot|interest_chatbot|lonely_chatbot,vign|novel_youtube|lonely_youtube|interest_youtube|comfort_youtube|entertain_youtube|engage_youtube|connect_youtube
2/6/23 14:03,2/6/23 14:05,0,100,147,1,2/6/23 14:05,R_1Flfe1Oyb5msWb1,anonymous,EN,1,2,2,3,69,61,66,71,50,70,81,73,71,71,70,71,73,70,100,69,91,100,100,100,71,3,1,2,3,2,,2,,3,,56,3,,chatbot|youtube|person,vign|lonely_person|interest_person|connect_person|engage_person|entertain_person|comfort_person|novel_person,vign|novel_chatbot|connect_chatbot|comfort_chatbot|lonely_chatbot|engage_chatbot|interest_chatbot|entertain_chatbot,vign|entertain_youtube|novel_youtube|lonely_youtube|interest_youtube|comfort_youtube|engage_youtube|connect_youtube
2/6/23 14:02,2/6/23 14:06,0,100,238,1,2/6/23 14:06,R_2pPNKE1QdR9Z4xf,anonymous,EN,1,2,2,3,50,0,0,50,0,50,0,50,0,50,0,0,0,0,50,0,100,50,50,100,50,3,1,2,1,1,Troubleshooting usually begins with a chatbot within the last few years.,1,,3,,51,3,,chatbot|person|youtube,vign|novel_person|lonely_person|interest_person|comfort_person|connect_person|engage_person|entertain_person,vign|engage_chatbot|connect_chatbot|lonely_chatbot|comfort_chatbot|entertain_chatbot|novel_chatbot|interest_chatbot,vign|lonely_youtube|interest_youtube|novel_youtube|comfort_youtube|entertain_youtube|engage_youtube|connect_youtube
2/6/23 14:04,2/6/23 14:09,0,100,264,1,2/6/23 14:09,R_1k1skRw3xWai83j,anonymous,EN,1,2,2,3,10,20,25,25,15,20,25,5,10,10,20,20,10,15,70,25,60,65,70,80,25,1,2,2,2,1,For help on various websites they usually employ some kind of chatbot.,2,,3,,37,1,,person|youtube|chatbot,vign|interest_person|comfort_person|connect_person|engage_person|lonely_person|novel_person|entertain_person,vign|novel_chatbot|entertain_chatbot|comfort_chatbot|lonely_chatbot|connect_chatbot|engage_chatbot|interest_chatbot,vign|novel_youtube|entertain_youtube|comfort_youtube|interest_youtube|lonely_youtube|engage_youtube|connect_youtube
2/6/23 14:05,2/6/23 14:11,0,100,355,1,2/6/23 14:11,R_US0mPyDIZTj07sd,anonymous,EN,1,2,2,2,36,55,20,55,0,37,25,61,60,60,62,60,62,40,36,53,33,23,47,36,21,2,3,3,3,2,,2,,4,,26,1,,youtube|person|chatbot,vign|connect_person|interest_person|engage_person|entertain_person|lonely_person|comfort_person|novel_person,vign|novel_chatbot|comfort_chatbot|entertain_chatbot|lonely_chatbot|connect_chatbot|interest_chatbot|engage_chatbot,vign|interest_youtube|entertain_youtube|lonely_youtube|novel_youtube|comfort_youtube|engage_youtube|connect_youtube
2/6/23 14:08,2/6/23 14:11,0,100,219,1,2/6/23 14:11,R_22FHcjB2XYBYN8h,anonymous,EN,1,2,2,3,75,84,83,83,50,83,85,73,58,72,64,51,68,57,95,30,73,90,92,94,36,2,2,2,2,1,I have interacted with chatbots on various websites when I have questions.,2,,3,,52,3,,chatbot|youtube|person,vign|lonely_person|connect_person|novel_person|engage_person|comfort_person|interest_person|entertain_person,vign|lonely_chatbot|novel_chatbot|interest_chatbot|entertain_chatbot|comfort_chatbot|connect_chatbot|engage_chatbot,vign|lonely_youtube|novel_youtube|comfort_youtube|entertain_youtube|interest_youtube|engage_youtube|connect_youtube
2/6/23 14:09,2/6/23 14:14,0,100,304,1,2/6/23 14:14,R_33sbVFwsnqTkuzq,anonymous,EN,1,2,2,3,50,70,50,60,40,50,60,10,20,40,10,70,30,6,82,50,80,70,70,86,40,2,2,2,2,1,"Mostly the customer service chatbots found on retailers' online webpages, used to resolve issues with a purchase or service.",1,,3,,60,4,,youtube|person|chatbot,vign|interest_person|comfort_person|connect_person|entertain_person|engage_person|novel_person|lonely_person,vign|engage_chatbot|entertain_chatbot|connect_chatbot|novel_chatbot|interest_chatbot|lonely_chatbot|comfort_chatbot,vign|novel_youtube|lonely_youtube|comfort_youtube|interest_youtube|entertain_youtube|engage_youtube|connect_youtube
2/6/23 14:13,2/6/23 14:17,0,100,231,1,2/6/23 14:17,R_3KVCciyg89IQtIM,anonymous,EN,1,2,2,3,58,44,50,54,51,60,60,43,42,58,58,34,50,55,50,63,46,40,51,70,49,2,3,2,3,2,,2,,3,,56,5,,person|chatbot|youtube,vign|interest_person|novel_person|comfort_person|engage_person|connect_person|entertain_person|lonely_person,vign|lonely_chatbot|engage_chatbot|comfort_chatbot|interest_chatbot|connect_chatbot|entertain_chatbot|novel_chatbot,vign|comfort_youtube|interest_youtube|novel_youtube|lonely_youtube|entertain_youtube|engage_youtube|connect_youtube
2/6/23 14:14,2/6/23 14:17,0,100,206,1,2/6/23 14:17,R_2vjNYhr4idpNeGW,anonymous,EN,1,2,2,2,68,69,63,55,79,62,68,60,67,72,57,81,74,75,81,80,65,73,74,71,82,3,3,2,2,2,,1,,3,,57,5,,person|chatbot|youtube,vign|lonely_person|engage_person|interest_person|comfort_person|entertain_person|connect_person|novel_person,vign|engage_chatbot|comfort_chatbot|entertain_chatbot|interest_chatbot|novel_chatbot|connect_chatbot|lonely_chatbot,vign|interest_youtube|entertain_youtube|comfort_youtube|novel_youtube|lonely_youtube|engage_youtube|connect_youtube
2/6/23 14:17,2/6/23 14:19,0,100,102,1,2/6/23 14:19,R_3j2wPUaXHWloTW5,anonymous,EN,1,2,2,1,12,1,59,1,1,1,1,100,62,65,100,83,55,75,76,67,68,74,93,74,85,3,3,3,3,1,yes,1,,3,,26,5,,youtube|chatbot|person,vign|novel_person|engage_person|lonely_person|comfort_person|interest_person|entertain_person|connect_person,vign|entertain_chatbot|novel_chatbot|lonely_chatbot|comfort_chatbot|connect_chatbot|engage_chatbot|interest_chatbot,vign|comfort_youtube|entertain_youtube|novel_youtube|interest_youtube|lonely_youtube|engage_youtube|connect_youtube
2/6/23 14:19,2/6/23 14:23,0,100,222,1,2/6/23 14:23,R_2aLF5gtLdU8LgZj,anonymous,EN,1,2,2,3,65,37,33,78,35,56,75,47,0,61,27,45,29,56,89,0,87,86,67,85,42,1,1,2,1,1,I have interacted with customer service chatbots on vendor websites which act similarly to an automated phone tree system.,1,,3,,36,5,,chatbot|person|youtube,vign|connect_person|interest_person|entertain_person|lonely_person|comfort_person|novel_person|engage_person,vign|interest_chatbot|lonely_chatbot|entertain_chatbot|novel_chatbot|comfort_chatbot|engage_chatbot|connect_chatbot,vign|lonely_youtube|novel_youtube|comfort_youtube|interest_youtube|entertain_youtube|engage_youtube|connect_youtube
2/6/23 14:18,2/6/23 14:23,0,100,276,1,2/6/23 14:23,R_1GvodzEFphoBFpC,anonymous,EN,1,2,2,3,100,100,100,100,100,100,100,100,100,100,100,100,100,100,100,100,100,100,100,100,100,1,1,1,1,1,I interacted with a chatbot on another HIT with MTurk.,2,,3,,32,4,,youtube|chatbot|person,vign|comfort_person|novel_person|engage_person|connect_person|entertain_person|interest_person|lonely_person,vign|engage_chatbot|lonely_chatbot|novel_chatbot|connect_chatbot|entertain_chatbot|comfort_chatbot|interest_chatbot,vign|entertain_youtube|lonely_youtube|comfort_youtube|novel_youtube|interest_youtube|engage_youtube|connect_youtube
2/6/23 14:22,2/6/23 14:26,0,100,239,1,2/6/23 14:26,R_1d0Tfgl49nV3d5P,anonymous,EN,1,2,2,1,32,44,22,65,54,47,38,39,39,27,40,23,27,18,35,27,25,88,34,38,53,2,2,2,2,2,,2,,3,,34,5,,youtube|person|chatbot,vign|lonely_person|novel_person|comfort_person|entertain_person|connect_person|engage_person|interest_person,vign|novel_chatbot|lonely_chatbot|connect_chatbot|interest_chatbot|engage_chatbot|entertain_chatbot|comfort_chatbot,vign|novel_youtube|interest_youtube|entertain_youtube|comfort_youtube|lonely_youtube|engage_youtube|connect_youtube
2/6/23 14:25,2/6/23 14:29,0,100,244,1,2/6/23 14:29,R_ONXVPQeNnEjZY4h,anonymous,EN,1,2,2,3,28,88,38,59,60,44,82,63,15,75,70,30,70,25,90,10,60,60,52,80,30,2,1,1,1,1,I've used chatgpt a few times and interacted with it in a few different ways.,1,,3,,31,3,,chatbot|youtube|person,vign|comfort_person|lonely_person|interest_person|engage_person|connect_person|novel_person|entertain_person,vign|comfort_chatbot|entertain_chatbot|lonely_chatbot|interest_chatbot|novel_chatbot|engage_chatbot|connect_chatbot,vign|novel_youtube|interest_youtube|comfort_youtube|entertain_youtube|lonely_youtube|engage_youtube|connect_youtube
2/6/23 14:25,2/6/23 14:32,0,100,389,1,2/6/23 14:32,R_3DpcCdtqQCmSIH8,anonymous,EN,1,2,2,3,25,30,20,25,5,15,30,35,10,30,35,40,50,20,85,30,75,70,70,80,45,3,3,3,3,1,I have interacted with chatbots a few times on matters of customer service and/or troubleshooting.,2,,3,,43,4,,person|chatbot|youtube,vign|lonely_person|comfort_person|engage_person|novel_person|interest_person|connect_person|entertain_person,vign|interest_chatbot|connect_chatbot|engage_chatbot|novel_chatbot|lonely_chatbot|entertain_chatbot|comfort_chatbot,vign|entertain_youtube|lonely_youtube|comfort_youtube|novel_youtube|interest_youtube|engage_youtube|connect_youtube
2/6/23 14:28,2/6/23 14:32,0,100,238,1,2/6/23 14:32,R_3HOGcgl4JLYiDdr,anonymous,EN,1,2,2,3,20,27,50,20,29,23,13,13,15,39,16,71,40,6,99,48,93,96,100,96,21,2,2,2,2,1,I used a customer service Chatbot,2,,3,,45,2,,person|chatbot|youtube,vign|lonely_person|novel_person|entertain_person|engage_person|interest_person|connect_person|comfort_person,vign|entertain_chatbot|lonely_chatbot|novel_chatbot|connect_chatbot|interest_chatbot|engage_chatbot|comfort_chatbot,vign|comfort_youtube|lonely_youtube|entertain_youtube|novel_youtube|interest_youtube|engage_youtube|connect_youtube
2/6/23 14:41,2/6/23 14:48,0,100,420,1,2/6/23 14:48,R_3qxQjt54WQ4hCwr,anonymous,EN,1,2,2,1,70,70,70,70,50,70,70,50,40,40,30,50,60,20,70,0,60,60,60,60,30,1,3,3,1,1,I currently use chatgpt. In the past I've used other chatbots on mturk and various other websites.,1,,6,black and white,34,3,,chatbot|youtube|person,vign|connect_person|entertain_person|comfort_person|interest_person|novel_person|lonely_person|engage_person,vign|engage_chatbot|connect_chatbot|entertain_chatbot|lonely_chatbot|novel_chatbot|comfort_chatbot|interest_chatbot,vign|lonely_youtube|interest_youtube|entertain_youtube|comfort_youtube|novel_youtube|engage_youtube|connect_youtube