"","StartDate","EndDate","Status","IPAddress","Progress","Duration..in.seconds.","Finished","RecordedDate","ResponseId","RecipientLastName","RecipientFirstName","RecipientEmail","ExternalReference","LocationLatitude","LocationLongitude","DistributionChannel","UserLanguage","consent_q","att1","att2","essence","willing_friend_1","willing_romantic_1","wtp","comp_1","comp_2","essence.1","willing_friend_1.1","willing_romantic_1.1","wtp.1","comp_1.1","comp_2.1","ai_companion_exp","ai_companion_exp2","gender","gender_4_TEXT","ethnicity","ethnicity_6_TEXT","age","edu","edu_8_TEXT","ai_capability_1","FL_4_DO"
"1","2022-10-25 10:48:33","2022-10-25 10:51:16",0,"Anonymized",100,162,1,"2022-10-25 10:51:17","R_6GtVsi18JwUMZq1",NA,NA,NA,NA,"Anonymized","Anonymized","anonymous","EN",1,2,2,2,20,0,2,2,2,NA,NA,NA,NA,NA,NA,2,"",2,"",3,"",28,1,"",80,"essential"
"2","2022-10-25 10:54:08","2022-10-25 10:56:36",0,"Anonymized",100,148,1,"2022-10-25 10:56:37","R_1ImWpUaMue7jIis",NA,NA,NA,NA,"Anonymized","Anonymized","anonymous","EN",1,2,2,NA,NA,NA,NA,NA,NA,1,0,0,0,2,2,2,"",2,"",3,"",33,5,"",10,"superficial"
"3","2022-10-25 10:54:39","2022-10-25 10:57:55",0,"Anonymized",100,196,1,"2022-10-25 10:57:56","R_3DjRIcrx0Zf5kHr",NA,NA,NA,NA,"Anonymized","Anonymized","anonymous","EN",1,2,2,NA,NA,NA,NA,NA,NA,1,25,25,0,1,2,2,"",1,"",2,"",37,5,"",67,"superficial"
"4","2022-10-25 11:00:07","2022-10-25 11:02:10",0,"Anonymized",100,122,1,"2022-10-25 11:02:10","R_xaWALOdNLaQYcNj",NA,NA,NA,NA,"Anonymized","Anonymized","anonymous","EN",1,2,2,2,25,0,3,2,2,NA,NA,NA,NA,NA,NA,2,"",2,"",3,"",25,4,"",80,"essential"
"5","2022-10-25 11:03:34","2022-10-25 11:03:50",0,"Anonymized",100,16,1,"2022-10-25 11:03:50","R_3Mxsp5jDWUDAHLM",NA,NA,NA,NA,"Anonymized","Anonymized","anonymous","EN",1,2,1,NA,NA,NA,NA,NA,NA,NA,NA,NA,NA,NA,NA,NA,"",NA,"",NA,"",NA,NA,"",NA,""
"6","2022-10-25 11:04:51","2022-10-25 11:09:03",0,"Anonymized",100,251,1,"2022-10-25 11:09:04","R_1Io3jAwFetxmM6C",NA,NA,NA,NA,"Anonymized","Anonymized","anonymous","EN",1,2,2,2,81,23,5,1,2,NA,NA,NA,NA,NA,NA,2,"",2,"",4,"",28,2,"",88,"essential"
"7","2022-10-25 11:05:51","2022-10-25 11:09:17",0,"Anonymized",100,206,1,"2022-10-25 11:09:17","R_3DhdB6GmtqmlDdk",NA,NA,NA,NA,"Anonymized","Anonymized","anonymous","EN",1,2,2,NA,NA,NA,NA,NA,NA,1,100,100,3,2,2,1,"I had one on my phone I used but I prefer the computer usually so far. But Chatty sounds like one version I would like.",2,"",3,"",33,3,"",100,"superficial"
"8","2022-10-25 11:08:01","2022-10-25 11:10:04",0,"Anonymized",100,122,1,"2022-10-25 11:10:04","R_2y3K11KsHhll0dM",NA,NA,NA,NA,"Anonymized","Anonymized","anonymous","EN",1,2,2,NA,NA,NA,NA,NA,NA,1,26,7,1,2,2,2,"",2,"",3,"",23,2,"",74,"superficial"
"9","2022-10-25 11:14:48","2022-10-25 11:17:24",0,"Anonymized",100,156,1,"2022-10-25 11:17:25","R_11XtKrAUlvSdYj7",NA,NA,NA,NA,"Anonymized","Anonymized","anonymous","EN",1,2,2,2,14,0,2,2,2,NA,NA,NA,NA,NA,NA,2,"",2,"",5,"",66,3,"",64,"essential"
"10","2022-10-25 11:15:57","2022-10-25 11:18:15",0,"Anonymized",100,137,1,"2022-10-25 11:18:15","R_1dNe8SroIxuRMIm",NA,NA,NA,NA,"Anonymized","Anonymized","anonymous","EN",1,2,2,NA,NA,NA,NA,NA,NA,1,7,0,0,2,2,2,"",2,"",3,"",46,3,"",84,"superficial"
"11","2022-10-25 11:14:53","2022-10-25 11:18:55",0,"Anonymized",100,242,1,"2022-10-25 11:18:55","R_A0xa20Lw5p98eAx",NA,NA,NA,NA,"Anonymized","Anonymized","anonymous","EN",1,2,2,2,15,5,0,2,2,NA,NA,NA,NA,NA,NA,2,"",2,"",3,"",52,5,"",85,"essential"
"12","2022-10-25 11:18:28","2022-10-25 11:20:33",0,"Anonymized",100,125,1,"2022-10-25 11:20:34","R_23V2nv4zUYFlnr2",NA,NA,NA,NA,"Anonymized","Anonymized","anonymous","EN",1,2,2,2,85,0,2.5,1,2,NA,NA,NA,NA,NA,NA,1,"I have used lesser known AI messaging bots before, I just dont remember the names",2,"",3,"",26,3,"",89,"essential"
"13","2022-10-25 11:20:55","2022-10-25 11:21:26",0,"Anonymized",100,31,1,"2022-10-25 11:21:26","R_TkpNCAf4GpRIKel",NA,NA,NA,NA,"Anonymized","Anonymized","anonymous","EN",1,2,1,NA,NA,NA,NA,NA,NA,NA,NA,NA,NA,NA,NA,NA,"",NA,"",NA,"",NA,NA,"",NA,""
"14","2022-10-25 11:17:13","2022-10-25 11:22:09",0,"Anonymized",100,296,1,"2022-10-25 11:22:10","R_1LvtelwGCMZzhXY",NA,NA,NA,NA,"Anonymized","Anonymized","anonymous","EN",1,2,2,NA,NA,NA,NA,NA,NA,1,73,42,5.99,2,2,2,"",2,"",3,"",36,4,"",72,"superficial"
"15","2022-10-25 11:19:19","2022-10-25 11:22:13",0,"Anonymized",100,173,1,"2022-10-25 11:22:13","R_30v2kw7GJqE2aFx",NA,NA,NA,NA,"Anonymized","Anonymized","anonymous","EN",1,2,2,2,63,54,8,2,2,NA,NA,NA,NA,NA,NA,2,"",2,"",3,"",49,3,"",62,"essential"
"16","2022-10-25 11:20:19","2022-10-25 11:22:43",0,"Anonymized",100,143,1,"2022-10-25 11:22:43","R_1l5fMMfhNwUCwjG",NA,NA,NA,NA,"Anonymized","Anonymized","anonymous","EN",1,2,2,NA,NA,NA,NA,NA,NA,1,0,0,0,2,2,2,"",2,"",3,"",38,5,"",5,"superficial"
"17","2022-10-25 11:23:14","2022-10-25 11:23:38",0,"Anonymized",100,23,1,"2022-10-25 11:23:38","R_1o21AckbPAVqq2y",NA,NA,NA,NA,"Anonymized","Anonymized","anonymous","EN",1,2,1,NA,NA,NA,NA,NA,NA,NA,NA,NA,NA,NA,NA,NA,"",NA,"",NA,"",NA,NA,"",NA,""
"18","2022-10-25 11:24:25","2022-10-25 11:24:38",0,"Anonymized",100,13,1,"2022-10-25 11:24:39","R_3eltJF2QTy6CHbR",NA,NA,NA,NA,"Anonymized","Anonymized","anonymous","EN",1,2,1,NA,NA,NA,NA,NA,NA,NA,NA,NA,NA,NA,NA,NA,"",NA,"",NA,"",NA,NA,"",NA,""
"19","2022-10-25 11:23:57","2022-10-25 11:26:28",0,"Anonymized",100,151,1,"2022-10-25 11:26:28","R_UlHG65vVSzcSFpv",NA,NA,NA,NA,"Anonymized","Anonymized","anonymous","EN",1,2,2,NA,NA,NA,NA,NA,NA,1,13,6,0,2,2,2,"",2,"",3,"",66,4,"",64,"superficial"
"20","2022-10-25 11:20:35","2022-10-25 11:26:43",0,"Anonymized",100,368,1,"2022-10-25 11:26:43","R_3PTcZzgrZICXo1f",NA,NA,NA,NA,"Anonymized","Anonymized","anonymous","EN",1,2,2,1,77,75,0,2,2,NA,NA,NA,NA,NA,NA,2,"",1,"",3,"",34,4,"",63,"essential"
"21","2022-10-25 11:24:53","2022-10-25 11:27:47",0,"Anonymized",100,174,1,"2022-10-25 11:27:48","R_3GjtWdReRLQbzHL",NA,NA,NA,NA,"Anonymized","Anonymized","anonymous","EN",1,2,2,NA,NA,NA,NA,NA,NA,1,50,7,1,1,2,2,"",2,"",1,"",48,3,"",56,"superficial"
"22","2022-10-25 11:26:27","2022-10-25 11:28:35",0,"Anonymized",100,128,1,"2022-10-25 11:28:35","R_1F8lflnlLVNOdjo",NA,NA,NA,NA,"Anonymized","Anonymized","anonymous","EN",1,2,2,2,90,0,5,2,2,NA,NA,NA,NA,NA,NA,2,"",1,"",3,"",19,1,"",100,"essential"
"23","2022-10-25 11:31:04","2022-10-25 11:32:27",0,"Anonymized",100,83,1,"2022-10-25 11:32:28","R_2ClwIFe1GKt2iBe",NA,NA,NA,NA,"Anonymized","Anonymized","anonymous","EN",1,2,2,2,33,0,0,2,2,NA,NA,NA,NA,NA,NA,2,"",1,"",3,"",38,7,"",0,"essential"
"24","2022-10-25 11:30:55","2022-10-25 11:32:38",0,"Anonymized",100,103,1,"2022-10-25 11:32:39","R_2wzxZoQe4oNwZEk",NA,NA,NA,NA,"Anonymized","Anonymized","anonymous","EN",1,2,2,2,30,10,0,2,2,NA,NA,NA,NA,NA,NA,2,"",1,"",3,"",25,5,"",70,"essential"
"25","2022-10-25 11:31:03","2022-10-25 11:32:42",0,"Anonymized",100,99,1,"2022-10-25 11:32:42","R_3hbyKLq0TmGccro",NA,NA,NA,NA,"Anonymized","Anonymized","anonymous","EN",1,2,2,NA,NA,NA,NA,NA,NA,1,14,8,2.99,2,2,2,"",1,"",3,"",29,4,"",61,"superficial"
"26","2022-10-25 11:30:57","2022-10-25 11:32:49",0,"Anonymized",100,112,1,"2022-10-25 11:32:50","R_2tuqHgApaCew1T7",NA,NA,NA,NA,"Anonymized","Anonymized","anonymous","EN",1,2,2,NA,NA,NA,NA,NA,NA,1,0,0,0,2,2,2,"",1,"",3,"",24,4,"",0,"superficial"
"27","2022-10-25 11:31:13","2022-10-25 11:33:15",0,"Anonymized",100,122,1,"2022-10-25 11:33:15","R_2wpemcbNpQCzULe",NA,NA,NA,NA,"Anonymized","Anonymized","anonymous","EN",1,2,2,2,5,0,0,2,2,NA,NA,NA,NA,NA,NA,2,"",2,"",3,"",37,4,"",85,"essential"
"28","2022-10-25 11:31:55","2022-10-25 11:33:27",0,"Anonymized",100,92,1,"2022-10-25 11:33:27","R_3gxWm2wvz3jOSd3",NA,NA,NA,NA,"Anonymized","Anonymized","anonymous","EN",1,2,2,2,30,10,0,2,2,NA,NA,NA,NA,NA,NA,2,"",2,"",5,"",25,3,"",50,"essential"
"29","2022-10-25 11:31:21","2022-10-25 11:33:47",0,"Anonymized",100,145,1,"2022-10-25 11:33:47","R_1EZ3yE1A5WDKSKD",NA,NA,NA,NA,"Anonymized","Anonymized","anonymous","EN",1,2,2,NA,NA,NA,NA,NA,NA,2,100,0,1,2,2,2,"",2,"",2,"",22,4,"",70,"superficial"
"30","2022-10-25 11:31:57","2022-10-25 11:33:50",0,"Anonymized",100,113,1,"2022-10-25 11:33:51","R_3EGVtGl4Nf3nw8c",NA,NA,NA,NA,"Anonymized","Anonymized","anonymous","EN",1,2,2,NA,NA,NA,NA,NA,NA,1,8,8,0,1,2,2,"",1,"",3,"",41,4,"",27,"superficial"
"31","2022-10-25 11:31:58","2022-10-25 11:33:58",0,"Anonymized",100,119,1,"2022-10-25 11:33:58","R_21tAKl2mGR5f5cs",NA,NA,NA,NA,"Anonymized","Anonymized","anonymous","EN",1,2,2,NA,NA,NA,NA,NA,NA,1,0,0,0,2,2,2,"",2,"",3,"",38,4,"",91,"superficial"
"32","2022-10-25 11:32:12","2022-10-25 11:34:02",0,"Anonymized",100,110,1,"2022-10-25 11:34:02","R_1NFiNfpuVxK5HGw",NA,NA,NA,NA,"Anonymized","Anonymized","anonymous","EN",1,2,2,NA,NA,NA,NA,NA,NA,1,4,0,0,2,2,1,"I have used an ai chat friend app before and found it unfulfilling.",2,"",3,"",32,4,"",30,"superficial"
"33","2022-10-25 11:31:04","2022-10-25 11:34:03",0,"Anonymized",100,178,1,"2022-10-25 11:34:03","R_1n7Jn7NCqCgBIs2",NA,NA,NA,NA,"Anonymized","Anonymized","anonymous","EN",1,2,2,NA,NA,NA,NA,NA,NA,1,4,0,0,1,2,2,"",1,"",3,"",42,5,"",50,"superficial"
"34","2022-10-25 11:32:44","2022-10-25 11:34:24",0,"Anonymized",100,99,1,"2022-10-25 11:34:24","R_Um3D6yP850y3NTz",NA,NA,NA,NA,"Anonymized","Anonymized","anonymous","EN",1,2,2,2,0,0,0,2,2,NA,NA,NA,NA,NA,NA,2,"",2,"",3,"",62,4,"",30,"essential"
"35","2022-10-25 11:31:45","2022-10-25 11:34:25",0,"Anonymized",100,159,1,"2022-10-25 11:34:25","R_3iysXX5gIcSzWue",NA,NA,NA,NA,"Anonymized","Anonymized","anonymous","EN",1,2,2,NA,NA,NA,NA,NA,NA,1,15,0,0,2,2,2,"",2,"",2,"",24,4,"",70,"superficial"
"36","2022-10-25 11:30:38","2022-10-25 11:34:38",0,"Anonymized",100,239,1,"2022-10-25 11:34:38","R_3MoCHvy41s2ETJA",NA,NA,NA,NA,"Anonymized","Anonymized","anonymous","EN",1,2,2,2,0,0,1,2,2,NA,NA,NA,NA,NA,NA,2,"",2,"",3,"",30,3,"",38,"essential"
"37","2022-10-25 11:32:09","2022-10-25 11:34:45",0,"Anonymized",100,156,1,"2022-10-25 11:34:45","R_2ypaIgLcwSdtZ7Y",NA,NA,NA,NA,"Anonymized","Anonymized","anonymous","EN",1,2,2,2,0,0,0,1,2,NA,NA,NA,NA,NA,NA,2,"",2,"",3,"",58,3,"",50,"essential"
"38","2022-10-25 11:31:14","2022-10-25 11:34:46",0,"Anonymized",100,211,1,"2022-10-25 11:34:48","R_2aeFr8MUtKdy5oM",NA,NA,NA,NA,"Anonymized","Anonymized","anonymous","EN",1,2,2,2,33,0,3,2,2,NA,NA,NA,NA,NA,NA,2,"",4,"non-binary",5,"",23,1,"",62,"essential"
"39","2022-10-25 11:32:59","2022-10-25 11:34:55",0,"Anonymized",100,116,1,"2022-10-25 11:34:56","R_6kRdRwHoFEgSrTP",NA,NA,NA,NA,"Anonymized","Anonymized","anonymous","EN",1,2,2,2,70,80,10,2,2,NA,NA,NA,NA,NA,NA,2,"",1,"",3,"",32,4,"",30,"essential"
"40","2022-10-25 11:32:30","2022-10-25 11:35:15",0,"Anonymized",100,165,1,"2022-10-25 11:35:19","R_3KCNryVdUc14GEB",NA,NA,NA,NA,"Anonymized","Anonymized","anonymous","EN",1,2,2,NA,NA,NA,NA,NA,NA,2,81,0,5,2,2,2,"",2,"",3,"",59,3,"",50,"superficial"
"41","2022-10-25 11:32:42","2022-10-25 11:35:21",0,"Anonymized",100,159,1,"2022-10-25 11:35:21","R_uxj69qI2YDL0mWd",NA,NA,NA,NA,"Anonymized","Anonymized","anonymous","EN",1,2,2,NA,NA,NA,NA,NA,NA,1,60,0,5,2,2,2,"",1,"",3,"",28,1,"",80,"superficial"
"42","2022-10-25 11:32:24","2022-10-25 11:35:26",0,"Anonymized",100,182,1,"2022-10-25 11:35:26","R_1JIUfZ0iin8V4mB",NA,NA,NA,NA,"Anonymized","Anonymized","anonymous","EN",1,2,2,NA,NA,NA,NA,NA,NA,1,20,20,0,2,2,1,"replika",1,"",3,"",24,4,"",84,"superficial"
"43","2022-10-25 11:32:01","2022-10-25 11:35:43",0,"Anonymized",100,221,1,"2022-10-25 11:35:43","R_1OpstRrTq2tzMGt",NA,NA,NA,NA,"Anonymized","Anonymized","anonymous","EN",1,2,2,2,38,15,0,2,2,NA,NA,NA,NA,NA,NA,2,"",2,"",3,"",38,3,"",0,"essential"
"44","2022-10-25 11:33:08","2022-10-25 11:35:52",0,"Anonymized",100,164,1,"2022-10-25 11:35:52","R_SJNpnrRsiIZE8o1",NA,NA,NA,NA,"Anonymized","Anonymized","anonymous","EN",1,2,2,NA,NA,NA,NA,NA,NA,1,58,4,0,2,2,1,"Cleverbot, which didnt work great so it was just entertaining and funny",2,"",3,"",24,4,"",50,"superficial"
"45","2022-10-25 11:32:31","2022-10-25 11:35:57",0,"Anonymized",100,205,1,"2022-10-25 11:35:57","R_1jNdCGM9j8M2Ynm",NA,NA,NA,NA,"Anonymized","Anonymized","anonymous","EN",1,2,2,NA,NA,NA,NA,NA,NA,1,0,0,0,2,2,1,"I remember messaging an AI bot when I was younger, but I canâ€™t remember the name of it now. ",2,"",5,"",32,4,"",70,"superficial"
"46","2022-10-25 11:31:03","2022-10-25 11:36:25",0,"Anonymized",100,321,1,"2022-10-25 11:36:25","R_OlhMV9eJzM584O5",NA,NA,NA,NA,"Anonymized","Anonymized","anonymous","EN",1,2,2,2,20,0,0.25,2,2,NA,NA,NA,NA,NA,NA,2,"",2,"",6,"Aboriginal",46,4,"",30,"essential"
"47","2022-10-25 11:32:42","2022-10-25 11:36:34",0,"Anonymized",100,231,1,"2022-10-25 11:36:34","R_10Z3DSyHqaVV1tB",NA,NA,NA,NA,"Anonymized","Anonymized","anonymous","EN",1,2,2,2,10,0,0,1,2,NA,NA,NA,NA,NA,NA,2,"",1,"",3,"",32,4,"",60,"essential"
"48","2022-10-25 11:32:51","2022-10-25 11:36:51",0,"Anonymized",100,239,1,"2022-10-25 11:36:51","R_3oL5YOfgCRT88L4",NA,NA,NA,NA,"Anonymized","Anonymized","anonymous","EN",1,2,2,NA,NA,NA,NA,NA,NA,1,10,0,0,2,2,2,"",2,"",3,"",54,2,"",30,"superficial"
"49","2022-10-25 11:32:12","2022-10-25 11:36:58",0,"Anonymized",100,285,1,"2022-10-25 11:36:58","R_1Hog5DOgRhTJcTT",NA,NA,NA,NA,"Anonymized","Anonymized","anonymous","EN",1,2,2,2,56,0,0.5,2,2,NA,NA,NA,NA,NA,NA,2,"n/a",2,"",3,"",41,5,"",28,"essential"
"50","2022-10-25 11:32:08","2022-10-25 11:39:01",0,"Anonymized",100,413,1,"2022-10-25 11:39:02","R_2y3mNIbsDA2BWga",NA,NA,NA,NA,"Anonymized","Anonymized","anonymous","EN",1,2,2,2,62,57,3.99,2,2,NA,NA,NA,NA,NA,NA,2,"",2,"",3,"",25,1,"",80,"essential"
"51","2022-10-25 19:14:26","2022-10-25 19:16:47",0,"Anonymized",100,140,1,"2022-10-25 19:16:47","R_1ePlgeF5qQQO7wv",NA,NA,NA,NA,"Anonymized","Anonymized","anonymous","EN",1,2,2,2,20,0,0,2,2,NA,NA,NA,NA,NA,NA,2,"",2,"",2,"",21,1,"",75,"essential"
"52","2022-10-25 19:19:32","2022-10-25 19:23:15",0,"Anonymized",100,222,1,"2022-10-25 19:23:15","R_1Qu3zTEwMlFcgHX",NA,NA,NA,NA,"Anonymized","Anonymized","anonymous","EN",1,2,2,NA,NA,NA,NA,NA,NA,1,59,14,5,2,2,2,"",2,"",2,"",26,4,"",63,"superficial"
"53","2022-10-25 19:20:22","2022-10-25 19:23:31",0,"Anonymized",100,189,1,"2022-10-25 19:23:31","R_11ik1KMbij4Zv0q",NA,NA,NA,NA,"Anonymized","Anonymized","anonymous","EN",1,2,2,2,65,0,0,2,2,NA,NA,NA,NA,NA,NA,2,"",2,"",3,"",62,1,"",35,"essential"
"54","2022-10-25 19:37:39","2022-10-25 19:40:21",0,"Anonymized",100,162,1,"2022-10-25 19:40:22","R_bKMyNWDP1J4YZ8t",NA,NA,NA,NA,"Anonymized","Anonymized","anonymous","EN",1,2,2,2,26,61,0,1,2,NA,NA,NA,NA,NA,NA,2,"",2,"",3,"",20,3,"",56,"essential"
"55","2022-10-25 19:38:38","2022-10-25 19:42:36",0,"Anonymized",100,238,1,"2022-10-25 19:42:37","R_1myr629Mx7IMb7o",NA,NA,NA,NA,"Anonymized","Anonymized","anonymous","EN",1,2,2,NA,NA,NA,NA,NA,NA,1,0,0,0,1,2,2,"",2,"",3,"",32,4,"",80,"superficial"
"56","2022-10-25 19:40:33","2022-10-25 19:43:25",0,"Anonymized",100,171,1,"2022-10-25 19:43:25","R_1ewXsGtVpLC0pVA",NA,NA,NA,NA,"Anonymized","Anonymized","anonymous","EN",1,2,2,NA,NA,NA,NA,NA,NA,1,50,0,1,1,2,2,"",2,"",3,"",22,4,"",60,"superficial"
"57","2022-10-25 19:42:03","2022-10-25 19:43:36",0,"Anonymized",100,92,1,"2022-10-25 19:43:36","R_3FOpBKzWQ6i4IO6",NA,NA,NA,NA,"Anonymized","Anonymized","anonymous","EN",1,2,2,2,42,26,1,2,2,NA,NA,NA,NA,NA,NA,2,"",2,"",3,"",25,4,"",57,"essential"
"58","2022-10-25 19:39:24","2022-10-25 19:43:37",0,"Anonymized",100,252,1,"2022-10-25 19:43:37","R_1omYintSFDS0S6L",NA,NA,NA,NA,"Anonymized","Anonymized","anonymous","EN",1,2,2,2,0,0,0,2,2,NA,NA,NA,NA,NA,NA,2,"",2,"",3,"",64,5,"",60,"essential"
"59","2022-10-25 19:31:53","2022-10-25 19:45:51",0,"Anonymized",100,838,1,"2022-10-25 19:45:52","R_1hZmrRdAStupkW8",NA,NA,NA,NA,"Anonymized","Anonymized","anonymous","EN",1,2,2,NA,NA,NA,NA,NA,NA,1,41,28,2.99,1,2,1,"It was a new idea for a mental use study that is an aid the need for so e companionship",1,"",4,"",36,3,"",70,"superficial"
"60","2022-10-25 19:47:25","2022-10-25 19:49:28",0,"Anonymized",100,123,1,"2022-10-25 19:49:28","R_eKwMyw11xTlcGJz",NA,NA,NA,NA,"Anonymized","Anonymized","anonymous","EN",1,2,2,2,28,0,0,1,2,NA,NA,NA,NA,NA,NA,2,"",2,"",3,"",24,2,"",58,"essential"
"61","2022-10-25 19:46:20","2022-10-25 19:50:13",0,"Anonymized",100,233,1,"2022-10-25 19:50:14","R_ekDsIeHZwNjtGxP",NA,NA,NA,NA,"Anonymized","Anonymized","anonymous","EN",1,2,2,NA,NA,NA,NA,NA,NA,1,81,17,0,1,2,2,"",2,"",5,"",41,1,"",67,"superficial"
"62","2022-10-25 19:48:26","2022-10-25 19:52:22",0,"Anonymized",100,236,1,"2022-10-25 19:52:22","R_2PyZTOrPbRZdp5l",NA,NA,NA,NA,"Anonymized","Anonymized","anonymous","EN",1,2,2,NA,NA,NA,NA,NA,NA,1,8,0,0,2,2,2,"",2,"",3,"",32,4,"",80,"superficial"
"63","2022-10-25 19:54:11","2022-10-25 19:56:42",0,"Anonymized",100,150,1,"2022-10-25 19:56:43","R_2SB6j8ahBKrJEap",NA,NA,NA,NA,"Anonymized","Anonymized","anonymous","EN",1,2,2,2,20,1,10,2,2,NA,NA,NA,NA,NA,NA,2,"",2,"",3,"",54,4,"",60,"essential"
"64","2022-10-25 19:47:23","2022-10-25 19:58:29",0,"Anonymized",100,666,1,"2022-10-25 19:58:29","R_30ohbyL9MNuWmao",NA,NA,NA,NA,"Anonymized","Anonymized","anonymous","EN",1,2,2,NA,NA,NA,NA,NA,NA,1,30,0,1,2,2,2,"",2,"",3,"",44,8,"Associates Degree",75,"superficial"
"65","2022-10-25 19:56:39","2022-10-25 19:59:09",0,"Anonymized",100,149,1,"2022-10-25 19:59:09","R_1g8E2u9NMWdjLEu",NA,NA,NA,NA,"Anonymized","Anonymized","anonymous","EN",1,2,2,2,73,64,5,2,2,NA,NA,NA,NA,NA,NA,1,"I briefly tried an app on my oculus quest VR headset, I forget the name. ",1,"",3,"",28,3,"",100,"essential"
"66","2022-10-25 19:58:28","2022-10-25 20:00:18",0,"Anonymized",100,109,1,"2022-10-25 20:00:18","R_2VBBPXI8su6LDkj",NA,NA,NA,NA,"Anonymized","Anonymized","anonymous","EN",1,2,2,2,0,0,0,2,2,NA,NA,NA,NA,NA,NA,2,"",2,"",3,"",21,3,"",69,"essential"
"67","2022-10-25 19:58:42","2022-10-25 20:00:27",0,"Anonymized",100,104,1,"2022-10-25 20:00:27","R_21ihsPZ1iK5IzKW",NA,NA,NA,NA,"Anonymized","Anonymized","anonymous","EN",1,2,2,NA,NA,NA,NA,NA,NA,1,19,12,0,2,2,2,"",2,"",3,"",30,4,"",17,"superficial"
"68","2022-10-25 19:58:32","2022-10-25 20:00:36",0,"Anonymized",100,124,1,"2022-10-25 20:00:37","R_3foACMuQUglAygM",NA,NA,NA,NA,"Anonymized","Anonymized","anonymous","EN",1,2,2,2,68,50,1,2,2,NA,NA,NA,NA,NA,NA,2,"",1,"",2,"",46,5,"",75,"essential"
"69","2022-10-25 19:57:41","2022-10-25 20:01:00",0,"Anonymized",100,198,1,"2022-10-25 20:01:00","R_UF4oB3Ja11QakSd",NA,NA,NA,NA,"Anonymized","Anonymized","anonymous","EN",1,2,2,NA,NA,NA,NA,NA,NA,2,69,0,5,2,2,2,"",1,"",3,"",35,5,"",79,"superficial"
"70","2022-10-25 19:59:37","2022-10-25 20:02:14",0,"Anonymized",100,157,1,"2022-10-25 20:02:15","R_5uNfU8XPPrj7dip",NA,NA,NA,NA,"Anonymized","Anonymized","anonymous","EN",1,2,2,NA,NA,NA,NA,NA,NA,1,1,1,0,1,2,2,"",1,"",3,"",52,2,"",10,"superficial"
"71","2022-10-25 20:00:31","2022-10-25 20:03:09",0,"Anonymized",100,158,1,"2022-10-25 20:03:10","R_YWZw14m5nedO9j3",NA,NA,NA,NA,"Anonymized","Anonymized","anonymous","EN",1,2,2,2,22,3,0,2,2,NA,NA,NA,NA,NA,NA,2,"",1,"",3,"",37,4,"",86,"essential"
"72","2022-10-25 20:00:41","2022-10-25 20:03:19",0,"Anonymized",100,157,1,"2022-10-25 20:03:19","R_2qmDCKyFK35nzhE",NA,NA,NA,NA,"Anonymized","Anonymized","anonymous","EN",1,2,2,NA,NA,NA,NA,NA,NA,1,20,10,3,2,2,2,"",1,"",3,"",34,4,"",70,"superficial"
"73","2022-10-25 19:58:25","2022-10-25 20:03:28",0,"Anonymized",100,302,1,"2022-10-25 20:03:29","R_279Th26jWj2CL6o",NA,NA,NA,NA,"Anonymized","Anonymized","anonymous","EN",1,2,2,NA,NA,NA,NA,NA,NA,1,25,0,1,1,2,2,"",2,"",3,"",42,3,"",14,"superficial"
"74","2022-10-25 20:00:43","2022-10-25 20:04:29",0,"Anonymized",100,226,1,"2022-10-25 20:04:29","R_2TsIxfcsJChPCwJ",NA,NA,NA,NA,"Anonymized","Anonymized","anonymous","EN",1,2,2,NA,NA,NA,NA,NA,NA,1,0,0,0,1,2,2,"",2,"",3,"",42,4,"",8,"superficial"
"75","2022-10-25 20:02:43","2022-10-25 20:04:37",0,"Anonymized",100,114,1,"2022-10-25 20:04:38","R_1gpVYbwlFoaEZly",NA,NA,NA,NA,"Anonymized","Anonymized","anonymous","EN",1,2,2,2,37,11,1,2,2,NA,NA,NA,NA,NA,NA,2,"",1,"",3,"",47,6,"",42,"essential"
"76","2022-10-25 20:01:34","2022-10-25 20:04:46",0,"Anonymized",100,192,1,"2022-10-25 20:04:47","R_oZEWAU8LWT0n54d",NA,NA,NA,NA,"Anonymized","Anonymized","anonymous","EN",1,2,2,NA,NA,NA,NA,NA,NA,1,0,0,0,2,2,2,"",2,"",5,"",48,5,"",9,"superficial"
"77","2022-10-25 20:01:57","2022-10-25 20:04:48",0,"Anonymized",100,170,1,"2022-10-25 20:04:48","R_1CrNjDbAdFncUXz",NA,NA,NA,NA,"Anonymized","Anonymized","anonymous","EN",1,2,2,NA,NA,NA,NA,NA,NA,1,79,20,8.99,2,2,2,"",1,"",5,"",23,4,"",63,"superficial"
"78","2022-10-25 20:01:00","2022-10-25 20:05:01",0,"Anonymized",100,240,1,"2022-10-25 20:05:02","R_1FP0TCfU9OLX7Zw",NA,NA,NA,NA,"Anonymized","Anonymized","anonymous","EN",1,2,2,2,0,0,0,2,2,NA,NA,NA,NA,NA,NA,2,"",2,"",1,"",32,5,"",8,"essential"
"79","2022-10-25 20:03:03","2022-10-25 20:05:13",0,"Anonymized",100,130,1,"2022-10-25 20:05:13","R_cSlJ8JAKkIt7xN7",NA,NA,NA,NA,"Anonymized","Anonymized","anonymous","EN",1,2,2,2,70,10,5,2,2,NA,NA,NA,NA,NA,NA,2,"",1,"",2,"",21,3,"",70,"essential"
"80","2022-10-25 20:01:39","2022-10-25 20:05:37",0,"Anonymized",100,237,1,"2022-10-25 20:05:37","R_2f2G2gJ8f8KnClh",NA,NA,NA,NA,"Anonymized","Anonymized","anonymous","EN",1,2,2,2,0,0,0,1,2,NA,NA,NA,NA,NA,NA,2,"",2,"",3,"",24,3,"",13,"essential"
"81","2022-10-25 20:06:12","2022-10-25 20:06:33",0,"Anonymized",100,21,1,"2022-10-25 20:06:33","R_31sj1nOsVEtijg3",NA,NA,NA,NA,"Anonymized","Anonymized","anonymous","EN",1,1,2,NA,NA,NA,NA,NA,NA,NA,NA,NA,NA,NA,NA,NA,"",NA,"",NA,"",NA,NA,"",NA,""
"82","2022-10-25 20:02:45","2022-10-25 20:06:33",0,"Anonymized",100,228,1,"2022-10-25 20:06:34","R_2QPBFxLsUBYXZu6",NA,NA,NA,NA,"Anonymized","Anonymized","anonymous","EN",1,2,2,NA,NA,NA,NA,NA,NA,1,0,0,0,2,2,2,"",2,"",3,"",64,3,"",16,"superficial"
"83","2022-10-25 20:00:34","2022-10-25 20:06:40",0,"Anonymized",100,366,1,"2022-10-25 20:06:40","R_1cZFe6ezdroiBxE",NA,NA,NA,NA,"Anonymized","Anonymized","anonymous","EN",1,2,2,2,30,0,0,1,2,NA,NA,NA,NA,NA,NA,2,"",2,"",3,"",32,5,"",20,"essential"
"84","2022-10-25 20:01:38","2022-10-25 20:06:41",0,"Anonymized",100,302,1,"2022-10-25 20:06:41","R_3IQLUh7i8O4FRWn",NA,NA,NA,NA,"Anonymized","Anonymized","anonymous","EN",1,2,2,NA,NA,NA,NA,NA,NA,1,0,0,0,1,2,2,"",2,"",3,"",59,6,"",5,"superficial"
"85","2022-10-25 20:04:49","2022-10-25 20:06:47",0,"Anonymized",100,117,1,"2022-10-25 20:06:48","R_3nTnYNfsMfzNykb",NA,NA,NA,NA,"Anonymized","Anonymized","anonymous","EN",1,2,2,NA,NA,NA,NA,NA,NA,1,0,0,0,2,2,2,"",2,"",3,"",22,2,"",39,"superficial"
"86","2022-10-25 20:05:12","2022-10-25 20:06:49",0,"Anonymized",100,97,1,"2022-10-25 20:06:50","R_3jW0ofD9lzCaRj3",NA,NA,NA,NA,"Anonymized","Anonymized","anonymous","EN",1,2,2,2,40,10,5,2,2,NA,NA,NA,NA,NA,NA,2,"N/A",1,"",1,"",23,3,"",80,"essential"
"87","2022-10-25 20:01:16","2022-10-25 20:06:51",0,"Anonymized",100,335,1,"2022-10-25 20:06:51","R_3MKD3fjes4LDf2G",NA,NA,NA,NA,"Anonymized","Anonymized","anonymous","EN",1,2,2,2,21,0,2,2,2,NA,NA,NA,NA,NA,NA,2,"",1,"",4,"",30,3,"",81,"essential"
"88","2022-10-25 20:05:30","2022-10-25 20:07:24",0,"Anonymized",100,113,1,"2022-10-25 20:07:24","R_2VxLe95LvHQsEuM",NA,NA,NA,NA,"Anonymized","Anonymized","anonymous","EN",1,2,2,NA,NA,NA,NA,NA,NA,1,14,3,2,2,2,2,"",2,"",3,"",30,3,"",75,"superficial"
"89","2022-10-25 20:04:59","2022-10-25 20:08:09",0,"Anonymized",100,189,1,"2022-10-25 20:08:09","R_24qnwIpaF064mwv",NA,NA,NA,NA,"Anonymized","Anonymized","anonymous","EN",1,2,2,2,25,5,0,4,2,NA,NA,NA,NA,NA,NA,2,"",1,"",5,"",31,3,"",50,"essential"
"90","2022-10-25 20:06:46","2022-10-25 20:08:29",0,"Anonymized",100,103,1,"2022-10-25 20:08:30","R_cSI2qaxskTcVHfr",NA,NA,NA,NA,"Anonymized","Anonymized","anonymous","EN",1,2,2,1,21,30,0,1,2,NA,NA,NA,NA,NA,NA,2,"",1,"",3,"",37,7,"",50,"essential"
"91","2022-10-25 20:06:22","2022-10-25 20:08:45",0,"Anonymized",100,142,1,"2022-10-25 20:08:45","R_vjzhFCMA77M8GxX",NA,NA,NA,NA,"Anonymized","Anonymized","anonymous","EN",1,2,2,NA,NA,NA,NA,NA,NA,1,7,0,0,2,2,2,"",2,"",2,"",27,4,"",53,"superficial"
"92","2022-10-25 20:06:43","2022-10-25 20:08:58",0,"Anonymized",100,134,1,"2022-10-25 20:08:58","R_1qanCsBGfso9JXg",NA,NA,NA,NA,"Anonymized","Anonymized","anonymous","EN",1,2,2,2,30,0,0,2,2,NA,NA,NA,NA,NA,NA,2,"",2,"",3,"",29,5,"",59,"essential"
"93","2022-10-25 20:06:40","2022-10-25 20:09:19",0,"Anonymized",100,158,1,"2022-10-25 20:09:19","R_2b3Ib38CMuWIXjJ",NA,NA,NA,NA,"Anonymized","Anonymized","anonymous","EN",1,2,2,NA,NA,NA,NA,NA,NA,1,55,10,0,2,2,2,"",2,"",3,"",35,3,"",56,"superficial"
"94","2022-10-25 20:05:29","2022-10-25 20:09:21",0,"Anonymized",100,231,1,"2022-10-25 20:09:22","R_TqhOOTSyhSpEKRz",NA,NA,NA,NA,"Anonymized","Anonymized","anonymous","EN",1,2,2,2,70,58,5,1,2,NA,NA,NA,NA,NA,NA,2,"",2,"",3,"",33,4,"",96,"essential"
"95","2022-10-25 20:07:11","2022-10-25 20:09:27",0,"Anonymized",100,136,1,"2022-10-25 20:09:28","R_Z4bZm2Jm13G6EU1",NA,NA,NA,NA,"Anonymized","Anonymized","anonymous","EN",1,2,2,NA,NA,NA,NA,NA,NA,1,10,0,0,2,2,2,"",2,"",3,"",57,4,"",33,"superficial"
"96","2022-10-25 20:03:13","2022-10-25 20:09:32",0,"Anonymized",100,378,1,"2022-10-25 20:09:32","R_YbKUWhuGvtuZY65",NA,NA,NA,NA,"Anonymized","Anonymized","anonymous","EN",1,2,2,NA,NA,NA,NA,NA,NA,1,25,0,3,2,2,2,"",2,"",3,"",25,1,"",35,"superficial"
"97","2022-10-25 20:06:48","2022-10-25 20:09:38",0,"Anonymized",100,170,1,"2022-10-25 20:09:39","R_21BVl2NP6IWGcBA",NA,NA,NA,NA,"Anonymized","Anonymized","anonymous","EN",1,2,2,NA,NA,NA,NA,NA,NA,1,0,0,0,2,2,2,"",1,"",3,"",32,4,"",60,"superficial"
"98","2022-10-25 20:07:19","2022-10-25 20:09:42",0,"Anonymized",100,142,1,"2022-10-25 20:09:42","R_3MDp4jILpq1uYGB",NA,NA,NA,NA,"Anonymized","Anonymized","anonymous","EN",1,2,2,2,0,0,0,1,2,NA,NA,NA,NA,NA,NA,2,"",2,"",3,"",65,1,"",0,"essential"
"99","2022-10-25 20:07:42","2022-10-25 20:10:00",0,"Anonymized",100,138,1,"2022-10-25 20:10:00","R_2f1mkrXTGMvvgUp",NA,NA,NA,NA,"Anonymized","Anonymized","anonymous","EN",1,2,2,NA,NA,NA,NA,NA,NA,1,0,0,0,2,2,2,"",1,"",2,"",37,5,"",70,"superficial"
"100","2022-10-25 20:07:39","2022-10-25 20:10:25",0,"Anonymized",100,165,1,"2022-10-25 20:10:25","R_3salNO7OV7bCFip",NA,NA,NA,NA,"Anonymized","Anonymized","anonymous","EN",1,2,2,2,9,0,0,2,2,NA,NA,NA,NA,NA,NA,2,"",2,"",3,"",30,4,"",55,"essential"
"101","2022-10-25 20:10:19","2022-10-25 20:10:50",0,"Anonymized",100,31,1,"2022-10-25 20:10:50","R_1eS2FlHw7czuF7b",NA,NA,NA,NA,"Anonymized","Anonymized","anonymous","EN",1,2,1,NA,NA,NA,NA,NA,NA,NA,NA,NA,NA,NA,NA,NA,"",NA,"",NA,"",NA,NA,"",NA,""
"102","2022-10-25 20:08:22","2022-10-25 20:11:01",0,"Anonymized",100,159,1,"2022-10-25 20:11:02","R_ROJzVv7hUBWy4oN",NA,NA,NA,NA,"Anonymized","Anonymized","anonymous","EN",1,2,2,NA,NA,NA,NA,NA,NA,1,45,6,0.1,2,2,2,"N/A",2,"",5,"",21,1,"",72,"superficial"
"103","2022-10-25 20:10:08","2022-10-25 20:11:38",0,"Anonymized",100,89,1,"2022-10-25 20:11:38","R_305IRaqEqxXxKxX",NA,NA,NA,NA,"Anonymized","Anonymized","anonymous","EN",1,1,2,NA,NA,NA,NA,NA,NA,NA,NA,NA,NA,NA,NA,NA,"",NA,"",NA,"",NA,NA,"",NA,""
"104","2022-10-25 20:09:46","2022-10-25 20:12:15",0,"Anonymized",100,148,1,"2022-10-25 20:12:15","R_3emnTLKcWSGd3cu",NA,NA,NA,NA,"Anonymized","Anonymized","anonymous","EN",1,2,2,NA,NA,NA,NA,NA,NA,1,51,0,0,2,2,1,"Heard of it as becoming a reality, not just science fiction. ",1,"",3,"",36,4,"",91,"superficial"
"105","2022-10-25 20:08:10","2022-10-25 20:12:18",0,"Anonymized",100,248,1,"2022-10-25 20:12:19","R_1Qo9g1YSLS0ovEq",NA,NA,NA,NA,"Anonymized","Anonymized","anonymous","EN",1,2,2,2,18,0,0,2,2,NA,NA,NA,NA,NA,NA,2,"",2,"",4,"",40,3,"",85,"essential"
"106","2022-10-25 20:08:37","2022-10-25 20:12:51",0,"Anonymized",100,253,1,"2022-10-25 20:12:51","R_3e0NqRKv8Czn2WR",NA,NA,NA,NA,"Anonymized","Anonymized","anonymous","EN",1,2,2,2,10,0,0,2,2,NA,NA,NA,NA,NA,NA,2,"",2,"",3,"",28,5,"",2,"essential"
"107","2022-10-25 20:10:46","2022-10-25 20:13:05",0,"Anonymized",100,139,1,"2022-10-25 20:13:05","R_3lueTJmtFwZuodK",NA,NA,NA,NA,"Anonymized","Anonymized","anonymous","EN",1,2,2,NA,NA,NA,NA,NA,NA,1,14,0,0,1,2,2,"",2,"",3,"",36,4,"",96,"superficial"
"108","2022-10-25 20:11:38","2022-10-25 20:13:46",0,"Anonymized",100,127,1,"2022-10-25 20:13:46","R_syWnYdZd9qDHWx3",NA,NA,NA,NA,"Anonymized","Anonymized","anonymous","EN",1,2,2,2,0,0,0,1,2,NA,NA,NA,NA,NA,NA,2,"",1,"",3,"",29,1,"",35,"essential"
"109","2022-10-25 20:12:27","2022-10-25 20:13:47",0,"Anonymized",100,80,1,"2022-10-25 20:13:47","R_3k6vAp4pKmq8SgK",NA,NA,NA,NA,"Anonymized","Anonymized","anonymous","EN",1,2,2,NA,NA,NA,NA,NA,NA,1,18,36,5,2,2,2,"",2,"",3,"",19,3,"",77,"superficial"
"110","2022-10-25 20:11:08","2022-10-25 20:13:50",0,"Anonymized",100,161,1,"2022-10-25 20:13:50","R_2VmO4oKP8vRxGee",NA,NA,NA,NA,"Anonymized","Anonymized","anonymous","EN",1,2,2,NA,NA,NA,NA,NA,NA,1,3,0,0,1,2,2,"",2,"",3,"",56,5,"",71,"superficial"
"111","2022-10-25 20:11:36","2022-10-25 20:14:09",0,"Anonymized",100,153,1,"2022-10-25 20:14:10","R_RCaRG0YED4fiu9X",NA,NA,NA,NA,"Anonymized","Anonymized","anonymous","EN",1,2,2,2,0,0,0,1,2,NA,NA,NA,NA,NA,NA,2,"",2,"",3,"",36,5,"",90,"essential"
"112","2022-10-25 20:11:08","2022-10-25 20:14:30",0,"Anonymized",100,201,1,"2022-10-25 20:14:30","R_33lE5x2tkJjFbOH",NA,NA,NA,NA,"Anonymized","Anonymized","anonymous","EN",1,2,2,NA,NA,NA,NA,NA,NA,1,50,0,0,1,2,2,"",4,"non-binary",5,"",37,4,"",100,"superficial"
"113","2022-10-25 20:11:10","2022-10-25 20:14:40",0,"Anonymized",100,210,1,"2022-10-25 20:14:40","R_3HUC4zqPAyybhHX",NA,NA,NA,NA,"Anonymized","Anonymized","anonymous","EN",1,2,2,NA,NA,NA,NA,NA,NA,1,81,17,5,2,2,1,"I have used a few, one called replika ",2,"",3,"",28,3,"",100,"superficial"
"114","2022-10-25 20:13:18","2022-10-25 20:15:00",0,"Anonymized",100,102,1,"2022-10-25 20:15:00","R_1Ooz6O9zhumNZsa",NA,NA,NA,NA,"Anonymized","Anonymized","anonymous","EN",1,2,2,2,73,2,2.99,2,2,NA,NA,NA,NA,NA,NA,2,"",2,"",3,"",26,1,"",36,"essential"
"115","2022-10-25 20:13:47","2022-10-25 20:15:33",0,"Anonymized",100,106,1,"2022-10-25 20:15:33","R_3syLwJvmPVsMyJL",NA,NA,NA,NA,"Anonymized","Anonymized","anonymous","EN",1,2,2,2,63,68,1,2,2,NA,NA,NA,NA,NA,NA,2,"",1,"",3,"",NA,3,"",38,"essential"
"116","2022-10-25 20:14:39","2022-10-25 20:15:56",0,"Anonymized",100,76,1,"2022-10-25 20:15:56","R_3ha88cz31uBAZkT",NA,NA,NA,NA,"Anonymized","Anonymized","anonymous","EN",1,2,2,NA,NA,NA,NA,NA,NA,1,8,2,2,2,2,2,"",2,"",3,"",25,4,"",54,"superficial"
"117","2022-10-25 20:10:30","2022-10-25 20:15:56",0,"Anonymized",100,325,1,"2022-10-25 20:15:56","R_1OVnxocpFpp6A9q",NA,NA,NA,NA,"Anonymized","Anonymized","anonymous","EN",1,2,2,2,50,67,0,2,2,NA,NA,NA,NA,NA,NA,2,"",1,"",5,"",26,7,"",50,"essential"
"118","2022-10-25 20:12:03","2022-10-25 20:16:42",0,"Anonymized",100,279,1,"2022-10-25 20:16:42","R_DcLq5BmaO3KWe0p",NA,NA,NA,NA,"Anonymized","Anonymized","anonymous","EN",1,2,2,2,0,0,0,2,2,NA,NA,NA,NA,NA,NA,2,"",1,"",3,"",32,4,"",50,"essential"
"119","2022-10-25 20:14:09","2022-10-25 20:17:00",0,"Anonymized",100,171,1,"2022-10-25 20:17:00","R_1DYBJqCiUdnlVeC",NA,NA,NA,NA,"Anonymized","Anonymized","anonymous","EN",1,2,2,2,5,0,3,2,2,NA,NA,NA,NA,NA,NA,2,"",1,"",3,"",46,4,"",40,"essential"
"120","2022-10-25 20:14:55","2022-10-25 20:17:00",0,"Anonymized",100,124,1,"2022-10-25 20:17:00","R_W6hzNGLPeiGpaIp",NA,NA,NA,NA,"Anonymized","Anonymized","anonymous","EN",1,2,2,NA,NA,NA,NA,NA,NA,1,60,30,5,2,2,2,"",2,"",5,"",33,4,"",67,"superficial"
"121","2022-10-25 20:15:56","2022-10-25 20:17:32",0,"Anonymized",100,96,1,"2022-10-25 20:17:33","R_beKiwMSOnNg89gt",NA,NA,NA,NA,"Anonymized","Anonymized","anonymous","EN",1,2,1,NA,NA,NA,NA,NA,NA,NA,NA,NA,NA,NA,NA,NA,"",NA,"",NA,"",NA,NA,"",NA,""
"122","2022-10-25 20:15:32","2022-10-25 20:17:41",0,"Anonymized",100,129,1,"2022-10-25 20:17:41","R_VIOJ8J2Rp7BidI5",NA,NA,NA,NA,"Anonymized","Anonymized","anonymous","EN",1,2,2,1,61,38,0,2,2,NA,NA,NA,NA,NA,NA,1,"I have used AI chat since the late 1990s.",1,"",3,"",36,3,"",28,"essential"
"123","2022-10-25 20:15:46","2022-10-25 20:17:57",0,"Anonymized",100,131,1,"2022-10-25 20:17:57","R_2RPxsPU7sbaIAjJ",NA,NA,NA,NA,"Anonymized","Anonymized","anonymous","EN",1,2,2,1,20,5,0,1,2,NA,NA,NA,NA,NA,NA,2,"",2,"",3,"",26,4,"",13,"essential"
"124","2022-10-25 20:16:17","2022-10-25 20:17:58",0,"Anonymized",100,100,1,"2022-10-25 20:17:58","R_2RRqJXoAQ1KBkTi",NA,NA,NA,NA,"Anonymized","Anonymized","anonymous","EN",1,2,2,NA,NA,NA,NA,NA,NA,1,0,0,0,2,2,1,"i tried replika before ",1,"",3,"",22,1,"",0,"superficial"
"125","2022-10-25 20:15:50","2022-10-25 20:18:07",0,"Anonymized",100,136,1,"2022-10-25 20:18:07","R_ULWY8xj91TU7U65",NA,NA,NA,NA,"Anonymized","Anonymized","anonymous","EN",1,2,2,NA,NA,NA,NA,NA,NA,1,0,0,0,2,2,2,"",2,"",3,"",25,5,"",35,"superficial"
"126","2022-10-25 20:15:23","2022-10-25 20:18:23",0,"Anonymized",100,180,1,"2022-10-25 20:18:24","R_3JmbdxF8cAoOeZ7",NA,NA,NA,NA,"Anonymized","Anonymized","anonymous","EN",1,2,2,2,35,5,1,2,2,NA,NA,NA,NA,NA,NA,2,"",2,"",3,"",29,6,"",70,"essential"
"127","2022-10-25 20:15:38","2022-10-25 20:18:25",0,"Anonymized",100,166,1,"2022-10-25 20:18:25","R_1jkBIXIIY7jGBzB",NA,NA,NA,NA,"Anonymized","Anonymized","anonymous","EN",1,2,2,NA,NA,NA,NA,NA,NA,1,19,4,1,2,2,2,"",1,"",1,"",37,4,"",56,"superficial"
"128","2022-10-25 20:13:39","2022-10-25 20:18:41",0,"Anonymized",100,301,1,"2022-10-25 20:18:41","R_3HAg1tv45RYajJa",NA,NA,NA,NA,"Anonymized","Anonymized","anonymous","EN",1,2,2,NA,NA,NA,NA,NA,NA,1,4,1,0,2,2,1,"On Amazon mturk",2,"",5,"",35,3,"",57,"superficial"
"129","2022-10-25 20:16:57","2022-10-25 20:18:52",0,"Anonymized",100,115,1,"2022-10-25 20:18:53","R_UrQa1lW9qFZqde9",NA,NA,NA,NA,"Anonymized","Anonymized","anonymous","EN",1,2,2,2,0,15,5,2,2,NA,NA,NA,NA,NA,NA,2,"",1,"",4,"",34,5,"",91,"essential"
"130","2022-10-25 20:17:17","2022-10-25 20:19:00",0,"Anonymized",100,103,1,"2022-10-25 20:19:00","R_1hDNVTmQxInKcnk",NA,NA,NA,NA,"Anonymized","Anonymized","anonymous","EN",1,2,2,NA,NA,NA,NA,NA,NA,1,100,40,0,2,2,2,"",2,"",3,"",23,3,"",74,"superficial"
"131","2022-10-25 20:15:55","2022-10-25 20:19:32",0,"Anonymized",100,217,1,"2022-10-25 20:19:32","R_QfYFqKMAFXMngNX",NA,NA,NA,NA,"Anonymized","Anonymized","anonymous","EN",1,2,2,2,15,0,0,1,2,NA,NA,NA,NA,NA,NA,2,"",1,"",3,"",24,4,"",75,"essential"
"132","2022-10-25 20:17:53","2022-10-25 20:19:52",0,"Anonymized",100,119,1,"2022-10-25 20:19:53","R_1HjF0j68C7slYnP",NA,NA,NA,NA,"Anonymized","Anonymized","anonymous","EN",1,2,2,NA,NA,NA,NA,NA,NA,1,10,0,0,2,2,2,"",1,"",3,"",20,3,"",80,"superficial"
"133","2022-10-25 20:17:32","2022-10-25 20:20:30",0,"Anonymized",100,177,1,"2022-10-25 20:20:30","R_20SV0o7JxjvLdp0",NA,NA,NA,NA,"Anonymized","Anonymized","anonymous","EN",1,2,2,2,25,0,1,1,2,NA,NA,NA,NA,NA,NA,2,"",1,"",3,"",26,4,"",20,"essential"
"134","2022-10-25 20:17:47","2022-10-25 20:20:52",0,"Anonymized",100,185,1,"2022-10-25 20:20:53","R_20UPRYsYRkr1o6N",NA,NA,NA,NA,"Anonymized","Anonymized","anonymous","EN",1,2,2,NA,NA,NA,NA,NA,NA,1,5,0,0,2,2,2,"",2,"",3,"",36,5,"",5,"superficial"
"135","2022-10-25 20:16:30","2022-10-25 20:20:53",0,"Anonymized",100,263,1,"2022-10-25 20:20:53","R_vernN66IoVXugQ9",NA,NA,NA,NA,"Anonymized","Anonymized","anonymous","EN",1,2,2,NA,NA,NA,NA,NA,NA,1,70,0,1.99,2,2,2,"",2,"",3,"",34,3,"",100,"superficial"
"136","2022-10-25 20:18:52","2022-10-25 20:20:59",0,"Anonymized",100,127,1,"2022-10-25 20:20:59","R_2vdzeXvFWB6kF5g",NA,NA,NA,NA,"Anonymized","Anonymized","anonymous","EN",1,2,2,NA,NA,NA,NA,NA,NA,1,40,0,0,2,2,2,"",2,"",3,"",28,5,"",10,"superficial"
"137","2022-10-25 20:16:30","2022-10-25 20:21:00",0,"Anonymized",100,269,1,"2022-10-25 20:21:01","R_1K72vQqrNVGxRnO",NA,NA,NA,NA,"Anonymized","Anonymized","anonymous","EN",1,2,2,1,10,0,0,2,2,NA,NA,NA,NA,NA,NA,2,"",2,"",3,"",47,3,"",25,"essential"
"138","2022-10-25 20:18:45","2022-10-25 20:21:25",0,"Anonymized",100,159,1,"2022-10-25 20:21:26","R_1lgBHq3YJeWnZf4",NA,NA,NA,NA,"Anonymized","Anonymized","anonymous","EN",1,2,2,2,0,0,0,2,2,NA,NA,NA,NA,NA,NA,2,"na",2,"",3,"",55,1,"",17,"essential"
"139","2022-10-25 20:19:06","2022-10-25 20:21:43",0,"Anonymized",100,157,1,"2022-10-25 20:21:44","R_RzeOWCnzia4kofv",NA,NA,NA,NA,"Anonymized","Anonymized","anonymous","EN",1,2,2,2,60,0,5,2,2,NA,NA,NA,NA,NA,NA,2,"",1,"",5,"",23,4,"",90,"essential"
"140","2022-10-25 20:18:10","2022-10-25 20:22:13",0,"Anonymized",100,243,1,"2022-10-25 20:22:13","R_3fGHFRL5PFJakOv",NA,NA,NA,NA,"Anonymized","Anonymized","anonymous","EN",1,2,2,2,75,55,2,2,2,NA,NA,NA,NA,NA,NA,2,"",2,"",1,"",44,6,"",55,"essential"
"141","2022-10-25 20:20:08","2022-10-25 20:22:15",0,"Anonymized",100,126,1,"2022-10-25 20:22:15","R_1NkVDheaHFbmr5X",NA,NA,NA,NA,"Anonymized","Anonymized","anonymous","EN",1,2,2,2,21,10,0,1,2,NA,NA,NA,NA,NA,NA,2,"N/A",2,"",3,"",42,5,"",28,"essential"
"142","2022-10-25 20:21:15","2022-10-25 20:22:35",0,"Anonymized",100,79,1,"2022-10-25 20:22:35","R_1dcOH1TcYVlBZ5X",NA,NA,NA,NA,"Anonymized","Anonymized","anonymous","EN",1,2,2,NA,NA,NA,NA,NA,NA,1,28,10,0,2,2,2,"",1,"",3,"",23,4,"",10,"superficial"
"143","2022-10-25 20:18:05","2022-10-25 20:22:43",0,"Anonymized",100,278,1,"2022-10-25 20:22:43","R_Wkz2x7yeRHtktsR",NA,NA,NA,NA,"Anonymized","Anonymized","anonymous","EN",1,2,2,NA,NA,NA,NA,NA,NA,1,10,0,0,2,2,2,"",2,"",5,"",58,3,"",85,"superficial"
"144","2022-10-25 20:19:54","2022-10-25 20:22:44",0,"Anonymized",100,170,1,"2022-10-25 20:22:44","R_54hhXXSq9g9tdL3",NA,NA,NA,NA,"Anonymized","Anonymized","anonymous","EN",1,2,2,2,21,1,0,1,2,NA,NA,NA,NA,NA,NA,2,"",2,"",3,"",71,3,"",25,"essential"
"145","2022-10-25 20:19:32","2022-10-25 20:22:50",0,"Anonymized",100,198,1,"2022-10-25 20:22:50","R_3q9liXzyjZWwi0Y",NA,NA,NA,NA,"Anonymized","Anonymized","anonymous","EN",1,2,2,NA,NA,NA,NA,NA,NA,1,25,0,0,2,2,2,"",1,"",2,"",25,4,"",85,"superficial"
"146","2022-10-25 20:20:22","2022-10-25 20:23:20",0,"Anonymized",100,177,1,"2022-10-25 20:23:20","R_WCNj8Jy564jjULD",NA,NA,NA,NA,"Anonymized","Anonymized","anonymous","EN",1,2,2,2,8,0,0,2,2,NA,NA,NA,NA,NA,NA,2,"",2,"",3,"",39,3,"",11,"essential"
"147","2022-10-25 20:21:01","2022-10-25 20:23:38",0,"Anonymized",100,156,1,"2022-10-25 20:23:38","R_SPo1gBLT09wKABb",NA,NA,NA,NA,"Anonymized","Anonymized","anonymous","EN",1,2,2,NA,NA,NA,NA,NA,NA,1,31,0,1,2,2,2,"",2,"",3,"",19,3,"",43,"superficial"
"148","2022-10-25 20:21:26","2022-10-25 20:23:48",0,"Anonymized",100,141,1,"2022-10-25 20:23:48","R_25SZCuKt5f9T3oI",NA,NA,NA,NA,"Anonymized","Anonymized","anonymous","EN",1,2,2,2,11,0,0,2,2,NA,NA,NA,NA,NA,NA,2,"",2,"",3,"",34,4,"",30,"essential"
"149","2022-10-25 20:21:34","2022-10-25 20:24:31",0,"Anonymized",100,177,1,"2022-10-25 20:24:32","R_2Yt5bClKzvtmdqL",NA,NA,NA,NA,"Anonymized","Anonymized","anonymous","EN",1,2,2,NA,NA,NA,NA,NA,NA,2,29,0,0,2,2,2,"",2,"",3,"",37,3,"",0,"superficial"
"150","2022-10-25 20:20:00","2022-10-25 20:24:35",0,"Anonymized",100,274,1,"2022-10-25 20:24:35","R_eUMr9gs152I2ctr",NA,NA,NA,NA,"Anonymized","Anonymized","anonymous","EN",1,2,2,NA,NA,NA,NA,NA,NA,1,30,0,5,2,2,2,"",2,"",3,"",59,5,"",35,"superficial"
"151","2022-10-25 20:19:53","2022-10-25 20:24:37",0,"Anonymized",100,283,1,"2022-10-25 20:24:37","R_SOj5oetpfOk0qIN",NA,NA,NA,NA,"Anonymized","Anonymized","anonymous","EN",1,2,2,2,26,33,5,2,2,NA,NA,NA,NA,NA,NA,2,"",2,"",1,"",23,5,"",32,"essential"
"152","2022-10-25 20:21:06","2022-10-25 20:24:40",0,"Anonymized",100,214,1,"2022-10-25 20:24:41","R_1F3wxweI2XVsSeU",NA,NA,NA,NA,"Anonymized","Anonymized","anonymous","EN",1,2,2,2,80,13,0,2,2,NA,NA,NA,NA,NA,NA,2,"",1,"",3,"",40,5,"",71,"essential"
"153","2022-10-25 20:22:04","2022-10-25 20:25:01",0,"Anonymized",100,177,1,"2022-10-25 20:25:02","R_C778uaT9Vv34GRj",NA,NA,NA,NA,"Anonymized","Anonymized","anonymous","EN",1,2,2,NA,NA,NA,NA,NA,NA,1,0,0,0,2,2,2,"",2,"",3,"",22,4,"",82,"superficial"
"154","2022-10-25 20:20:47","2022-10-25 20:25:03",0,"Anonymized",100,256,1,"2022-10-25 20:25:04","R_2ZJsdr9dFTuYoA1",NA,NA,NA,NA,"Anonymized","Anonymized","anonymous","EN",1,2,2,NA,NA,NA,NA,NA,NA,1,72,0,5,1,2,2,"",2,"",3,"",50,5,"",70,"superficial"
"155","2022-10-25 20:23:25","2022-10-25 20:25:06",0,"Anonymized",100,100,1,"2022-10-25 20:25:06","R_stGgaGr6wl7IZ0t",NA,NA,NA,NA,"Anonymized","Anonymized","anonymous","EN",1,2,2,2,67,53,5,1,2,NA,NA,NA,NA,NA,NA,2,"",1,"",2,"",36,7,"",77,"essential"
"156","2022-10-25 20:24:27","2022-10-25 20:25:07",0,"Anonymized",100,39,1,"2022-10-25 20:25:07","R_24ibCA6A7BL1ZYY",NA,NA,NA,NA,"Anonymized","Anonymized","anonymous","EN",1,2,1,NA,NA,NA,NA,NA,NA,NA,NA,NA,NA,NA,NA,NA,"",NA,"",NA,"",NA,NA,"",NA,""
"157","2022-10-25 20:21:08","2022-10-25 20:25:40",0,"Anonymized",100,271,1,"2022-10-25 20:25:40","R_2AX8uOMitfYwYci",NA,NA,NA,NA,"Anonymized","Anonymized","anonymous","EN",1,2,2,NA,NA,NA,NA,NA,NA,1,40,14,4,2,2,2,"",2,"",3,"",33,7,"",62,"superficial"
"158","2022-10-25 20:23:21","2022-10-25 20:25:48",0,"Anonymized",100,146,1,"2022-10-25 20:25:48","R_Drhj9kn5XSRyUbT",NA,NA,NA,NA,"Anonymized","Anonymized","anonymous","EN",1,2,2,NA,NA,NA,NA,NA,NA,2,0,8,0,2,2,2,"",1,"",3,"",31,5,"",52,"superficial"
"159","2022-10-25 20:22:46","2022-10-25 20:25:52",0,"Anonymized",100,185,1,"2022-10-25 20:25:52","R_1LAxVvWgYYg3Bml",NA,NA,NA,NA,"Anonymized","Anonymized","anonymous","EN",1,2,2,NA,NA,NA,NA,NA,NA,1,38,16,0.1,2,2,2,"",2,"",3,"",35,5,"",50,"superficial"
"160","2022-10-25 20:24:17","2022-10-25 20:26:07",0,"Anonymized",100,109,1,"2022-10-25 20:26:07","R_2dFm9RmNwY6ood5",NA,NA,NA,NA,"Anonymized","Anonymized","anonymous","EN",1,2,2,NA,NA,NA,NA,NA,NA,1,0,0,0,2,2,2,"",2,"",3,"",42,4,"",18,"superficial"
"161","2022-10-25 20:21:23","2022-10-25 20:26:28",0,"Anonymized",100,304,1,"2022-10-25 20:26:28","R_x60MePd6X2mpFYZ",NA,NA,NA,NA,"Anonymized","Anonymized","anonymous","EN",1,2,2,2,100,100,5,2,2,NA,NA,NA,NA,NA,NA,2,"",1,"",1,"",34,2,"",9,"essential"
"162","2022-10-25 20:19:15","2022-10-25 20:26:44",0,"Anonymized",100,449,1,"2022-10-25 20:26:44","R_AiLvGoQQjNAfmYV",NA,NA,NA,NA,"Anonymized","Anonymized","anonymous","EN",1,2,2,NA,NA,NA,NA,NA,NA,1,5,12,0,1,2,2,"",1,"",2,"",24,4,"",18,"superficial"
"163","2022-10-25 20:24:07","2022-10-25 20:27:05",0,"Anonymized",100,177,1,"2022-10-25 20:27:05","R_1jBrMjSmVZZx1XP",NA,NA,NA,NA,"Anonymized","Anonymized","anonymous","EN",1,2,2,1,0,0,0,2,2,NA,NA,NA,NA,NA,NA,2,"",1,"",3,"",24,5,"",50,"essential"
"164","2022-10-25 20:22:49","2022-10-25 20:27:16",0,"Anonymized",100,266,1,"2022-10-25 20:27:16","R_2D5oodZrxQgBVHM",NA,NA,NA,NA,"Anonymized","Anonymized","anonymous","EN",1,2,2,2,78,35,1,2,2,NA,NA,NA,NA,NA,NA,2,"",2,"",3,"",19,3,"",93,"essential"
"165","2022-10-25 20:25:48","2022-10-25 20:27:25",0,"Anonymized",100,96,1,"2022-10-25 20:27:25","R_3O6X80WOnjVH6CC",NA,NA,NA,NA,"Anonymized","Anonymized","anonymous","EN",1,2,2,2,51,38,2,2,2,NA,NA,NA,NA,NA,NA,2,"",1,"",3,"",29,3,"",92,"essential"
"166","2022-10-25 20:23:42","2022-10-25 20:27:25",0,"Anonymized",100,223,1,"2022-10-25 20:27:26","R_3QYriJrhaEbmKm6",NA,NA,NA,NA,"Anonymized","Anonymized","anonymous","EN",1,2,2,2,20,0,0,2,2,NA,NA,NA,NA,NA,NA,2,"",1,"",3,"",38,5,"",80,"essential"
"167","2022-10-25 20:24:50","2022-10-25 20:27:41",0,"Anonymized",100,171,1,"2022-10-25 20:27:42","R_31GzbgLY4ba7bA5",NA,NA,NA,NA,"Anonymized","Anonymized","anonymous","EN",1,2,2,NA,NA,NA,NA,NA,NA,1,4,0,0,2,2,2,"",2,"",3,"",56,3,"",1,"superficial"
"168","2022-10-25 20:24:44","2022-10-25 20:28:17",0,"Anonymized",100,213,1,"2022-10-25 20:28:18","R_55pKBF0GCIw4s4V",NA,NA,NA,NA,"Anonymized","Anonymized","anonymous","EN",1,2,2,NA,NA,NA,NA,NA,NA,1,0,0,0,2,2,2,"",2,"",3,"",47,4,"",0,"superficial"
"169","2022-10-25 20:26:09","2022-10-25 20:28:20",0,"Anonymized",100,131,1,"2022-10-25 20:28:20","R_3JK03HGLLCfLd4M",NA,NA,NA,NA,"Anonymized","Anonymized","anonymous","EN",1,2,2,NA,NA,NA,NA,NA,NA,1,0,0,0,2,2,2,"",1,"",3,"",28,6,"",5,"superficial"
"170","2022-10-25 20:25:04","2022-10-25 20:28:23",0,"Anonymized",100,198,1,"2022-10-25 20:28:23","R_2w6mLkUJPbB4f74",NA,NA,NA,NA,"Anonymized","Anonymized","anonymous","EN",1,2,2,2,59,0,5,2,2,NA,NA,NA,NA,NA,NA,2,"",2,"",3,"",36,3,"",37,"essential"
"171","2022-10-25 20:25:54","2022-10-25 20:29:09",0,"Anonymized",100,195,1,"2022-10-25 20:29:10","R_shSL49CoPfBcuSB",NA,NA,NA,NA,"Anonymized","Anonymized","anonymous","EN",1,2,2,NA,NA,NA,NA,NA,NA,1,40,8,0,2,2,2,"",1,"",3,"",36,1,"",75,"superficial"
"172","2022-10-25 20:26:25","2022-10-25 20:29:10",0,"Anonymized",100,164,1,"2022-10-25 20:29:10","R_r7kgBVuGAIRUoNP",NA,NA,NA,NA,"Anonymized","Anonymized","anonymous","EN",1,2,2,2,17,0,1,2,2,NA,NA,NA,NA,NA,NA,2,"",2,"",3,"",24,4,"",59,"essential"
"173","2022-10-25 20:25:45","2022-10-25 20:29:23",0,"Anonymized",100,217,1,"2022-10-25 20:29:23","R_UzhwFoAYE8SWlrj",NA,NA,NA,NA,"Anonymized","Anonymized","anonymous","EN",1,2,2,1,10,0,0,2,2,NA,NA,NA,NA,NA,NA,2,"",2,"",3,"",54,5,"",80,"essential"
"174","2022-10-25 20:29:00","2022-10-25 20:29:26",0,"Anonymized",100,25,1,"2022-10-25 20:29:26","R_22CYBEfywWJ7wQu",NA,NA,NA,NA,"Anonymized","Anonymized","anonymous","EN",1,1,2,NA,NA,NA,NA,NA,NA,NA,NA,NA,NA,NA,NA,NA,"",NA,"",NA,"",NA,NA,"",NA,""
"175","2022-10-25 20:26:36","2022-10-25 20:29:34",0,"Anonymized",100,178,1,"2022-10-25 20:29:35","R_2SxeYJtj15XOHh0",NA,NA,NA,NA,"Anonymized","Anonymized","anonymous","EN",1,2,2,2,0,0,0,2,2,NA,NA,NA,NA,NA,NA,2,"",2,"",4,"",22,3,"",40,"essential"
"176","2022-10-25 20:17:59","2022-10-25 20:29:41",0,"Anonymized",100,701,1,"2022-10-25 20:29:41","R_3isEew6FqTr04sV",NA,NA,NA,NA,"Anonymized","Anonymized","anonymous","EN",1,2,2,2,93,13,15,2,2,NA,NA,NA,NA,NA,NA,1,"I have a popular program in my computer, it is named ""Kari"" and uses very basic AI, it also has many adjustable features from word triggers creating responses to a selection of moods, voices and online screen facial appearances. It can also be adjusted for male and female voices in many different tones. ",1,"",3,"",67,4,"",66,"essential"
"177","2022-10-25 20:25:42","2022-10-25 20:29:52",0,"Anonymized",100,249,1,"2022-10-25 20:29:52","R_2WVdbaOW9mlIBzV",NA,NA,NA,NA,"Anonymized","Anonymized","anonymous","EN",1,2,2,NA,NA,NA,NA,NA,NA,1,60,0,1,2,2,2,"",1,"",3,"",48,6,"",33,"superficial"
"178","2022-10-25 20:26:46","2022-10-25 20:29:55",0,"Anonymized",100,188,1,"2022-10-25 20:29:56","R_214nhN2JirgtGZC",NA,NA,NA,NA,"Anonymized","Anonymized","anonymous","EN",1,2,2,NA,NA,NA,NA,NA,NA,1,5,0,0,2,2,1,"AI apps are a curiosity to me and I test everything I see.",1,"",3,"",45,4,"",20,"superficial"
"179","2022-10-25 20:28:27","2022-10-25 20:30:08",0,"Anonymized",100,100,1,"2022-10-25 20:30:08","R_1MSXztbPqBmKMRQ",NA,NA,NA,NA,"Anonymized","Anonymized","anonymous","EN",1,2,2,2,61,18,0,1,2,NA,NA,NA,NA,NA,NA,2,"",4,"nonbinary",3,"",24,4,"",57,"essential"
"180","2022-10-25 20:27:05","2022-10-25 20:30:19",0,"Anonymized",100,193,1,"2022-10-25 20:30:19","R_ufBKBoTMyQiuMiR",NA,NA,NA,NA,"Anonymized","Anonymized","anonymous","EN",1,2,2,2,65,30,3,2,2,NA,NA,NA,NA,NA,NA,2,"",1,"",3,"",36,5,"",85,"essential"
"181","2022-10-25 20:29:07","2022-10-25 20:30:46",0,"Anonymized",100,99,1,"2022-10-25 20:30:47","R_Ah46zEMs2DZZ7k5",NA,NA,NA,NA,"Anonymized","Anonymized","anonymous","EN",1,2,2,2,40,0,0,2,2,NA,NA,NA,NA,NA,NA,2,"",2,"",3,"",59,1,"",48,"essential"
"182","2022-10-25 20:28:19","2022-10-25 20:30:53",0,"Anonymized",100,154,1,"2022-10-25 20:30:54","R_33y7ea7cMcTfQ1N",NA,NA,NA,NA,"Anonymized","Anonymized","anonymous","EN",1,2,2,2,91,100,0,1,2,NA,NA,NA,NA,NA,NA,2,"",1,"",3,"",51,4,"",100,"essential"
"183","2022-10-25 20:29:05","2022-10-25 20:31:17",0,"Anonymized",100,131,1,"2022-10-25 20:31:17","R_3MQdvyq4rYYGXfu",NA,NA,NA,NA,"Anonymized","Anonymized","anonymous","EN",1,2,2,NA,NA,NA,NA,NA,NA,1,70,60,2,2,2,2,"",1,"",2,"",25,1,"",80,"superficial"
"184","2022-10-25 20:28:52","2022-10-25 20:31:26",0,"Anonymized",100,154,1,"2022-10-25 20:31:26","R_2uEPbzbzlMNHk8o",NA,NA,NA,NA,"Anonymized","Anonymized","anonymous","EN",1,2,2,NA,NA,NA,NA,NA,NA,1,15,5,2,1,2,2,"",1,"",3,"",29,4,"",65,"superficial"
"185","2022-10-25 20:28:59","2022-10-25 20:31:42",0,"Anonymized",100,162,1,"2022-10-25 20:31:42","R_2xyIT4f8jLRjxul",NA,NA,NA,NA,"Anonymized","Anonymized","anonymous","EN",1,2,2,NA,NA,NA,NA,NA,NA,1,31,6,1,2,2,2,"",1,"",5,"",35,5,"",26,"superficial"
"186","2022-10-25 20:29:54","2022-10-25 20:32:16",0,"Anonymized",100,142,1,"2022-10-25 20:32:16","R_1kO0WPc1KSx7ekI",NA,NA,NA,NA,"Anonymized","Anonymized","anonymous","EN",1,2,2,2,64,16,5,1,2,NA,NA,NA,NA,NA,NA,1,"I used Replika for a while.",2,"",6,"Native American",32,3,"",58,"essential"
"187","2022-10-25 20:27:52","2022-10-25 20:32:16",0,"Anonymized",100,263,1,"2022-10-25 20:32:17","R_OkHhqZCIrBlLMbv",NA,NA,NA,NA,"Anonymized","Anonymized","anonymous","EN",1,2,2,NA,NA,NA,NA,NA,NA,1,0,0,0,2,2,1,"Not necessarily a companion, but online shopping assistants or site navigation assistants. ",2,"",2,"",20,3,"",40,"superficial"
"188","2022-10-25 20:30:53","2022-10-25 20:32:52",0,"Anonymized",100,119,1,"2022-10-25 20:32:53","R_2EERQOl3oVk0VvB",NA,NA,NA,NA,"Anonymized","Anonymized","anonymous","EN",1,2,2,NA,NA,NA,NA,NA,NA,1,4,0,3,2,2,2,"",4,"trans male",3,"",26,4,"",0,"superficial"
"189","2022-10-25 20:30:49","2022-10-25 20:33:09",0,"Anonymized",100,140,1,"2022-10-25 20:33:09","R_eEgyfbqsIGgzrqx",NA,NA,NA,NA,"Anonymized","Anonymized","anonymous","EN",1,2,2,NA,NA,NA,NA,NA,NA,1,0,0,0,2,2,1,"I actually used an AI companion app for a study at some point around 6 months ago; I didn't like the experience at all",2,"",3,"",20,1,"",45,"superficial"
"190","2022-10-25 20:30:09","2022-10-25 20:33:30",0,"Anonymized",100,201,1,"2022-10-25 20:33:31","R_UyFItpeXAMXLTVv",NA,NA,NA,NA,"Anonymized","Anonymized","anonymous","EN",1,2,2,2,60,0,0,1,2,NA,NA,NA,NA,NA,NA,2,"",2,"",3,"",39,3,"",80,"essential"
"191","2022-10-25 20:30:13","2022-10-25 20:33:32",0,"Anonymized",100,198,1,"2022-10-25 20:33:33","R_2V3fcenzPHdnPlv",NA,NA,NA,NA,"Anonymized","Anonymized","anonymous","EN",1,2,2,2,40,0,5,1,2,NA,NA,NA,NA,NA,NA,2,"",2,"",3,"",25,4,"",10,"essential"
"192","2022-10-25 20:31:13","2022-10-25 20:34:07",0,"Anonymized",100,173,1,"2022-10-25 20:34:07","R_PLLR7m9f0ynlAc1",NA,NA,NA,NA,"Anonymized","Anonymized","anonymous","EN",1,2,2,2,1,0,0,1,2,NA,NA,NA,NA,NA,NA,2,"",2,"",3,"",29,5,"",25,"essential"
"193","2022-10-25 20:31:12","2022-10-25 20:34:14",0,"Anonymized",100,182,1,"2022-10-25 20:34:15","R_1DSVGMKwu55bngU",NA,NA,NA,NA,"Anonymized","Anonymized","anonymous","EN",1,2,2,2,0,0,0,1,2,NA,NA,NA,NA,NA,NA,2,"",1,"",3,"",41,2,"",75,"essential"
"194","2022-10-25 20:27:50","2022-10-25 20:34:18",0,"Anonymized",100,387,1,"2022-10-25 20:34:18","R_3FIIPtbdKr5TZXw",NA,NA,NA,NA,"Anonymized","Anonymized","anonymous","EN",1,2,2,NA,NA,NA,NA,NA,NA,1,28,0,0,2,2,2,"",2,"",3,"",40,4,"",45,"superficial"
"195","2022-10-25 20:30:19","2022-10-25 20:34:30",0,"Anonymized",100,251,1,"2022-10-25 20:34:30","R_3iR62P8xS2STXvj",NA,NA,NA,NA,"Anonymized","Anonymized","anonymous","EN",1,2,2,NA,NA,NA,NA,NA,NA,2,87,0,6,2,2,2,"",1,"",1,"",34,4,"",85,"superficial"
"196","2022-10-25 20:31:56","2022-10-25 20:34:46",0,"Anonymized",100,169,1,"2022-10-25 20:34:47","R_1diQx2tQVUvZCpR",NA,NA,NA,NA,"Anonymized","Anonymized","anonymous","EN",1,2,2,NA,NA,NA,NA,NA,NA,1,18,0,0,2,2,2,"",2,"",3,"",36,7,"",72,"superficial"
"197","2022-10-25 20:35:41","2022-10-25 20:38:20",0,"Anonymized",100,158,1,"2022-10-25 20:38:20","R_3Dby4ZnCw18QvhI",NA,NA,NA,NA,"Anonymized","Anonymized","anonymous","EN",1,2,2,NA,NA,NA,NA,NA,NA,1,52,19,1.99,1,2,1,"Alexa",2,"",1,"",41,4,"",43,"superficial"
"198","2022-10-25 20:29:16","2022-10-25 20:43:16",0,"Anonymized",100,839,1,"2022-10-25 20:43:16","R_301zl6WrrX5213A",NA,NA,NA,NA,"Anonymized","Anonymized","anonymous","EN",1,2,2,2,100,23,10,1,2,NA,NA,NA,NA,NA,NA,2,"",1,"",2,"",31,4,"",95,"essential"
"199","2022-10-25 20:30:05","2022-10-25 20:48:49",0,"Anonymized",100,1123,1,"2022-10-25 20:48:50","R_30wnKKIfhazlIPF",NA,NA,NA,NA,"Anonymized","Anonymized","anonymous","EN",1,2,2,NA,NA,NA,NA,NA,NA,2,7,0,0,1,2,2,"",1,"",3,"",43,1,"",60,"superficial"
"200","2022-10-25 21:00:54","2022-10-25 21:05:17",0,"Anonymized",100,263,1,"2022-10-25 21:05:18","R_3fZAKVCEYZQlUQT",NA,NA,NA,NA,"Anonymized","Anonymized","anonymous","EN",1,2,2,NA,NA,NA,NA,NA,NA,1,50,0,0,2,2,2,"",2,"",3,"",31,4,"",50,"superficial"
