"","StartDate","EndDate","Status","IPAddress","Progress","Duration..in.seconds.","Finished","RecordedDate","ResponseId","RecipientLastName","RecipientFirstName","RecipientEmail","ExternalReference","LocationLatitude","LocationLongitude","DistributionChannel","UserLanguage","consent_q","att1","att2","willing_friend_1","willing_romantic_1","wtp","true_1","talk_listen_1","not_judge_1","feel_1","understand_1","body_1","comp_1","comp_2","willing_friend_1.1","willing_romantic_1.1","wtp.1","true_1.1","talk_listen_1.1","not_judge_1.1","feel_1.1","understand_1.1","body_1.1","comp_1.1","comp_2.1","loneliness_1_1","loneliness_2_1","loneliness_3_1","ai_companion_exp","ai_companion_exp2","gender","gender_4_TEXT","ethnicity","ethnicity_6_TEXT","age","edu","edu_8_TEXT","ai_capability_1","interaction_type","FL_51_DO"
"1","6/24/22 15:03","6/24/22 15:05",0,"Anonymized",100,114,1,"6/24/22 15:05","R_z71Y1GvZBU1iTux",NA,NA,NA,NA,"Anonymized","Anonymized","anonymous","EN",1,2,2,NA,NA,NA,NA,NA,NA,NA,NA,NA,NA,NA,80,70,5,40,95,95,60,10,98,1,2,20,15,20,2,"",1,"",3,"",31,4,"",100,"ai","FL_53"
"2","6/24/22 15:05","6/24/22 15:06",0,"Anonymized",100,44,1,"6/24/22 15:06","R_2uwyeVxVhc2dLfY",NA,NA,NA,NA,"Anonymized","Anonymized","anonymous","EN",1,2,2,NA,NA,NA,NA,NA,NA,NA,NA,NA,NA,NA,13,0,0,70,77,58,100,96,100,1,2,29,63,79,2,"",1,"",2,"",22,3,"",22,"ai","FL_53"
"3","6/24/22 15:04","6/24/22 15:09",0,"Anonymized",100,312,1,"6/24/22 15:09","R_1q3soHuMiJtqoJ9",NA,NA,NA,NA,"Anonymized","Anonymized","anonymous","EN",1,2,2,0,0,5,100,28,0,0,0,100,2,2,NA,NA,NA,NA,NA,NA,NA,NA,NA,NA,NA,90,100,82,2,"",2,"",1,"",42,1,"",0,"human","FL_52"
"4","6/24/22 15:10","6/24/22 15:14",0,"Anonymized",100,198,1,"6/24/22 15:14","R_1kS8m3mwOb6UiIb",NA,NA,NA,NA,"Anonymized","Anonymized","anonymous","EN",1,2,2,71,58,2,89,15,27,99,99,94,2,2,NA,NA,NA,NA,NA,NA,NA,NA,NA,NA,NA,29,20,40,2,"",1,"",3,"",25,4,"",63,"human","FL_52"
"5","6/24/22 15:21","6/24/22 15:24",0,"Anonymized",100,169,1,"6/24/22 15:24","R_1B1rBMYLKBTLLTr",NA,NA,NA,NA,"Anonymized","Anonymized","anonymous","EN",1,2,2,NA,NA,NA,NA,NA,NA,NA,NA,NA,NA,NA,86,97,7.5,56,60,61,84,38,95,2,2,63,66,82,2,"",1,"",3,"",26,4,"",75,"ai","FL_53"
"6","6/24/22 15:29","6/24/22 15:33",0,"Anonymized",100,239,1,"6/24/22 15:33","R_1gvYQ2qDXwAncEI",NA,NA,NA,NA,"Anonymized","Anonymized","anonymous","EN",1,2,2,72,70,8,75,69,81,62,73,74,1,2,NA,NA,NA,NA,NA,NA,NA,NA,NA,NA,NA,85,76,90,2,"",1,"",3,"",31,4,"",70,"human","FL_52"
"7","6/24/22 15:55","6/24/22 15:55",0,"Anonymized",100,24,1,"6/24/22 15:55","R_3Gv0bcIuzX5jwwG",NA,NA,NA,NA,"Anonymized","Anonymized","anonymous","EN",1,2,1,NA,NA,NA,NA,NA,NA,NA,NA,NA,NA,NA,NA,NA,NA,NA,NA,NA,NA,NA,NA,NA,NA,NA,NA,NA,NA,"",NA,"",NA,"",NA,NA,"",NA,"",""
"8","6/24/22 15:55","6/24/22 15:56",0,"Anonymized",100,74,1,"6/24/22 15:56","R_wYScvbQygbZtgvT",NA,NA,NA,NA,"Anonymized","Anonymized","anonymous","EN",1,2,2,0,0,0,0,9,12,0,61,100,1,2,NA,NA,NA,NA,NA,NA,NA,NA,NA,NA,NA,0,0,0,2,"",1,"",3,"",29,3,"",100,"human","FL_52"
"9","6/24/22 15:55","6/24/22 15:57",0,"Anonymized",100,117,1,"6/24/22 15:57","R_3kG7dLIAhcbh129",NA,NA,NA,NA,"Anonymized","Anonymized","anonymous","EN",1,2,2,NA,NA,NA,NA,NA,NA,NA,NA,NA,NA,NA,19,10,2,100,100,50,100,69,100,2,2,0,0,0,2,"",2,"",3,"",34,1,"",20,"ai","FL_53"
"10","6/24/22 15:56","6/24/22 15:59",0,"Anonymized",100,176,1,"6/24/22 15:59","R_6ME21jgWQ2DX6xj",NA,NA,NA,NA,"Anonymized","Anonymized","anonymous","EN",1,2,2,50,0,2,50,50,50,50,50,50,1,2,NA,NA,NA,NA,NA,NA,NA,NA,NA,NA,NA,0,3,0,2,"",2,"",1,"",33,4,"",50,"human","FL_52"
"11","6/24/22 15:56","6/24/22 15:59",0,"Anonymized",100,155,1,"6/24/22 15:59","R_3rTUI6GIL3Yr228",NA,NA,NA,NA,"Anonymized","Anonymized","anonymous","EN",1,2,2,NA,NA,NA,NA,NA,NA,NA,NA,NA,NA,NA,60,40,2,100,100,80,100,20,100,2,2,80,30,61,2,"",1,"",3,"",49,1,"",0,"ai","FL_53"
"12","6/24/22 15:55","6/24/22 15:59",0,"Anonymized",100,250,1,"6/24/22 15:59","R_0AJKbijGZNTNEAx",NA,NA,NA,NA,"Anonymized","Anonymized","anonymous","EN",1,2,2,74,83,5,59,64,62,90,66,62,1,2,NA,NA,NA,NA,NA,NA,NA,NA,NA,NA,NA,92,88,82,2,"",2,"",1,"",42,1,"",100,"human","FL_52"
"13","6/24/22 15:57","6/24/22 16:00",0,"Anonymized",100,185,1,"6/24/22 16:00","R_31pj8V8SHeQfPUs",NA,NA,NA,NA,"Anonymized","Anonymized","anonymous","EN",1,2,2,90,18,7,31,92,8,0,0,29,1,2,NA,NA,NA,NA,NA,NA,NA,NA,NA,NA,NA,100,100,100,2,"",2,"",3,"",37,3,"",10,"human","FL_52"
"14","6/24/22 15:57","6/24/22 16:00",0,"Anonymized",100,159,1,"6/24/22 16:00","R_Rsm5b5VIU3PNNXH",NA,NA,NA,NA,"Anonymized","Anonymized","anonymous","EN",1,2,2,NA,NA,NA,NA,NA,NA,NA,NA,NA,NA,NA,0,0,0,100,100,100,100,20,100,2,2,20,5,85,2,"",2,"",1,"",32,4,"",10,"ai","FL_53"
"15","6/24/22 15:55","6/24/22 16:00",0,"Anonymized",100,287,1,"6/24/22 16:00","R_wRbpvT6EQwmePw5",NA,NA,NA,NA,"Anonymized","Anonymized","anonymous","EN",1,2,2,NA,NA,NA,NA,NA,NA,NA,NA,NA,NA,NA,15,0,0,100,80,100,100,40,100,2,2,80,100,80,2,"",2,"",3,"",37,1,"",100,"ai","FL_53"
"16","6/24/22 15:56","6/24/22 16:00",0,"Anonymized",100,259,1,"6/24/22 16:00","R_3oHJ1dimePAuCEs",NA,NA,NA,NA,"Anonymized","Anonymized","anonymous","EN",1,2,2,70,30,5,8,66,13,0,27,100,1,2,NA,NA,NA,NA,NA,NA,NA,NA,NA,NA,NA,79,31,32,2,"",1,"",3,"",37,4,"",100,"human","FL_52"
"17","6/24/22 15:57","6/24/22 16:00",0,"Anonymized",100,193,1,"6/24/22 16:00","R_VIJ0j57skjqXLm9",NA,NA,NA,NA,"Anonymized","Anonymized","anonymous","EN",1,2,2,71,30,2,79,32,38,82,30,82,2,2,NA,NA,NA,NA,NA,NA,NA,NA,NA,NA,NA,23,19,67,2,"",1,"",3,"",54,1,"",27,"human","FL_52"
"18","6/24/22 15:59","6/24/22 16:01",0,"Anonymized",100,104,1,"6/24/22 16:01","R_1Nw4nBnQ2p452uF",NA,NA,NA,NA,"Anonymized","Anonymized","anonymous","EN",1,2,2,NA,NA,NA,NA,NA,NA,NA,NA,NA,NA,NA,0,0,0,90,14,0,95,90,77,1,2,50,69,68,2,"",2,"",3,"",36,1,"",23,"ai","FL_53"
"19","6/24/22 15:57","6/24/22 16:01",0,"Anonymized",100,241,1,"6/24/22 16:01","R_3nBeF4Td7fu6AZs",NA,NA,NA,NA,"Anonymized","Anonymized","anonymous","EN",1,2,2,NA,NA,NA,NA,NA,NA,NA,NA,NA,NA,NA,71,29,8,39,95,82,80,30,90,1,2,72,66,79,2,"",2,"",3,"",76,4,"",98,"ai","FL_53"
"20","6/24/22 15:58","6/24/22 16:01",0,"Anonymized",100,209,1,"6/24/22 16:01","R_8GEVhlARREHsDq9",NA,NA,NA,NA,"Anonymized","Anonymized","anonymous","EN",1,2,2,60,80,5,0,70,21,0,0,80,1,2,NA,NA,NA,NA,NA,NA,NA,NA,NA,NA,NA,71,72,81,2,"",1,"",3,"",38,4,"",60,"human","FL_52"
"21","6/24/22 15:58","6/24/22 16:02",0,"Anonymized",100,216,1,"6/24/22 16:02","R_1dE2Qo4A3bbkvZy",NA,NA,NA,NA,"Anonymized","Anonymized","anonymous","EN",1,2,2,NA,NA,NA,NA,NA,NA,NA,NA,NA,NA,NA,80,90,6,9,84,67,75,91,17,2,2,23,18,20,2,"",1,"",3,"",28,7,"",21,"ai","FL_53"
"22","6/24/22 15:59","6/24/22 16:02",0,"Anonymized",100,177,1,"6/24/22 16:02","R_28NEtuFo4fQaW0e",NA,NA,NA,NA,"Anonymized","Anonymized","anonymous","EN",1,2,2,0,0,5,92,70,74,19,0,100,1,2,NA,NA,NA,NA,NA,NA,NA,NA,NA,NA,NA,84,50,61,2,"",2,"",3,"",61,3,"",61,"human","FL_52"
"23","6/24/22 15:57","6/24/22 16:02",0,"Anonymized",100,278,1,"6/24/22 16:02","R_sGnEbw1escmuGkh",NA,NA,NA,NA,"Anonymized","Anonymized","anonymous","EN",1,2,2,NA,NA,NA,NA,NA,NA,NA,NA,NA,NA,NA,80,80,10,84,95,78,81,65,42,1,2,81,61,87,2,"",2,"",1,"",34,4,"",79,"ai","FL_53"
"24","6/24/22 15:56","6/24/22 16:02",0,"Anonymized",100,391,1,"6/24/22 16:02","R_ysgluUcIU7LJ3jP",NA,NA,NA,NA,"Anonymized","Anonymized","anonymous","EN",1,2,2,NA,NA,NA,NA,NA,NA,NA,NA,NA,NA,NA,23,17,0,97,100,100,100,40,100,2,2,22,8,7,2,"",2,"",1,"",42,5,"",5,"ai","FL_53"
"25","6/24/22 16:00","6/24/22 16:02",0,"Anonymized",100,145,1,"6/24/22 16:02","R_RzCCpk1JLpjwkEN",NA,NA,NA,NA,"Anonymized","Anonymized","anonymous","EN",1,2,2,75,75,5,24,66,71,27,62,69,2,2,NA,NA,NA,NA,NA,NA,NA,NA,NA,NA,NA,74,79,72,2,"",1,"",4,"",25,4,"",82,"human","FL_52"
"26","6/24/22 15:59","6/24/22 16:03",0,"Anonymized",100,239,1,"6/24/22 16:03","R_2dKIWu0KHUbGLKu",NA,NA,NA,NA,"Anonymized","Anonymized","anonymous","EN",1,2,2,67,76,9,62,71,65,73,67,81,1,2,NA,NA,NA,NA,NA,NA,NA,NA,NA,NA,NA,71,85,64,2,"",2,"",1,"",37,4,"",84,"human","FL_52"
"27","6/24/22 16:00","6/24/22 16:04",0,"Anonymized",100,198,1,"6/24/22 16:04","R_2agnDd98uciKGfk",NA,NA,NA,NA,"Anonymized","Anonymized","anonymous","EN",1,2,2,73,81,9.99,16,71,46,35,10,43,1,2,NA,NA,NA,NA,NA,NA,NA,NA,NA,NA,NA,0,0,0,2,"",1,"",3,"",64,2,"",74,"human","FL_52"
"28","6/24/22 16:01","6/24/22 16:04",0,"Anonymized",100,152,1,"6/24/22 16:04","R_qOyx6qB2xrz23eh",NA,NA,NA,NA,"Anonymized","Anonymized","anonymous","EN",1,2,2,80,68,3,6,60,5,0,0,100,1,2,NA,NA,NA,NA,NA,NA,NA,NA,NA,NA,NA,90,90,90,2,"",2,"",3,"",34,3,"",60,"human","FL_52"
"29","6/24/22 16:01","6/24/22 16:04",0,"Anonymized",100,185,1,"6/24/22 16:04","R_3EmaAXsKTQBaSCc",NA,NA,NA,NA,"Anonymized","Anonymized","anonymous","EN",1,2,2,NA,NA,NA,NA,NA,NA,NA,NA,NA,NA,NA,0,0,0,100,100,61,100,71,100,2,2,0,0,0,2,"",2,"",3,"",45,3,"",37,"ai","FL_53"
"30","6/24/22 16:00","6/24/22 16:05",0,"Anonymized",100,286,1,"6/24/22 16:05","R_2vbIYHWXwMqLAW4",NA,NA,NA,NA,"Anonymized","Anonymized","anonymous","EN",1,2,2,NA,NA,NA,NA,NA,NA,NA,NA,NA,NA,NA,10,0,3,100,90,70,95,60,0,1,2,65,40,55,2,"",1,"",3,"",59,4,"",90,"ai","FL_53"
"31","6/24/22 16:03","6/24/22 16:05",0,"Anonymized",100,134,1,"6/24/22 16:05","R_xhFqwvutpjrFndT",NA,NA,NA,NA,"Anonymized","Anonymized","anonymous","EN",1,2,2,9,28,0,78,35,15,0,41,95,1,2,NA,NA,NA,NA,NA,NA,NA,NA,NA,NA,NA,63,21,50,2,"",1,"",3,"",44,4,"",40,"human","FL_52"
"32","6/24/22 16:03","6/24/22 16:06",0,"Anonymized",100,196,1,"6/24/22 16:06","R_21b3lQhMQ50Y34L",NA,NA,NA,NA,"Anonymized","Anonymized","anonymous","EN",1,2,2,80,82,5,29,40,52,52,60,82,1,2,NA,NA,NA,NA,NA,NA,NA,NA,NA,NA,NA,71,52,61,2,"",1,"",3,"",51,3,"",70,"human","FL_52"
"33","6/24/22 16:02","6/24/22 16:06",0,"Anonymized",100,249,1,"6/24/22 16:06","R_SE2ar1p40aO7QkN",NA,NA,NA,NA,"Anonymized","Anonymized","anonymous","EN",1,2,2,NA,NA,NA,NA,NA,NA,NA,NA,NA,NA,NA,80,71,10,76,84,75,73,70,76,2,2,82,82,78,2,"",1,"",3,"",34,4,"",74,"ai","FL_53"
"34","6/24/22 16:04","6/24/22 16:07",0,"Anonymized",100,128,1,"6/24/22 16:07","R_269InFtKz0MuQ2Y",NA,NA,NA,NA,"Anonymized","Anonymized","anonymous","EN",1,2,2,63,82,5,62,80,59,72,73,62,2,2,NA,NA,NA,NA,NA,NA,NA,NA,NA,NA,NA,73,58,82,1,"yes",1,"",1,"",40,5,"",80,"human","FL_52"
"35","6/24/22 16:04","6/24/22 16:07",0,"Anonymized",100,205,1,"6/24/22 16:07","R_vjz2krPNK27bLZD",NA,NA,NA,NA,"Anonymized","Anonymized","anonymous","EN",1,2,2,NA,NA,NA,NA,NA,NA,NA,NA,NA,NA,NA,0,0,0,100,70,100,100,100,100,1,2,35,15,20,2,"",2,"",3,"",37,4,"",0,"ai","FL_53"
"36","6/24/22 16:05","6/24/22 16:07",0,"Anonymized",100,154,1,"6/24/22 16:07","R_2CkBKRUYD4s6MlS",NA,NA,NA,NA,"Anonymized","Anonymized","anonymous","EN",1,2,2,83,47,5,32,81,86,70,19,43,2,2,NA,NA,NA,NA,NA,NA,NA,NA,NA,NA,NA,33,36,30,2,"",2,"",3,"",31,5,"",62,"human","FL_52"
"37","6/24/22 16:04","6/24/22 16:08",0,"Anonymized",100,222,1,"6/24/22 16:08","R_7OlUso3VAOMXBap",NA,NA,NA,NA,"Anonymized","Anonymized","anonymous","EN",1,2,2,NA,NA,NA,NA,NA,NA,NA,NA,NA,NA,NA,16,0,2,88,100,100,98,78,100,2,2,28,28,39,2,"",2,"",3,"",36,1,"",99,"ai","FL_53"
"38","6/24/22 16:06","6/24/22 16:08",0,"Anonymized",100,114,1,"6/24/22 16:08","R_2yr0D5K1DdYuQhQ",NA,NA,NA,NA,"Anonymized","Anonymized","anonymous","EN",1,2,2,82,55,2.5,31,69,78,19,3,71,1,2,NA,NA,NA,NA,NA,NA,NA,NA,NA,NA,NA,30,61,65,2,"",2,"",3,"",24,3,"",84,"human","FL_52"
"39","6/24/22 16:03","6/24/22 16:09",0,"Anonymized",100,351,1,"6/24/22 16:09","R_1JXeUVUH5n0hl3I",NA,NA,NA,NA,"Anonymized","Anonymized","anonymous","EN",1,2,2,NA,NA,NA,NA,NA,NA,NA,NA,NA,NA,NA,10,1,2,95,70,20,99,80,100,2,2,9,10,10,2,"",2,"",1,"",54,3,"",55,"ai","FL_53"
"40","6/24/22 16:05","6/24/22 16:09",0,"Anonymized",100,223,1,"6/24/22 16:09","R_1GBTc9zi79IC8cF",NA,NA,NA,NA,"Anonymized","Anonymized","anonymous","EN",1,2,2,65,45,1,0,20,0,0,0,100,1,2,NA,NA,NA,NA,NA,NA,NA,NA,NA,NA,NA,80,20,70,2,"",2,"",3,"",46,4,"",70,"human","FL_52"
"41","6/24/22 16:06","6/24/22 16:09",0,"Anonymized",100,189,1,"6/24/22 16:09","R_2qwkKl213gBAifn",NA,NA,NA,NA,"Anonymized","Anonymized","anonymous","EN",1,2,2,NA,NA,NA,NA,NA,NA,NA,NA,NA,NA,NA,0,0,0,100,0,50,100,100,100,2,2,75,85,100,2,"",2,"",5,"",34,4,"",0,"ai","FL_53"
"42","6/24/22 16:01","6/24/22 16:09",0,"Anonymized",100,515,1,"6/24/22 16:09","R_1gC2DCeGKowW714",NA,NA,NA,NA,"Anonymized","Anonymized","anonymous","EN",1,2,2,NA,NA,NA,NA,NA,NA,NA,NA,NA,NA,NA,66,0,0,100,85,0,0,0,50,1,2,2,2,3,2,"",2,"",3,"",43,4,"",100,"ai","FL_53"
"43","6/24/22 16:07","6/24/22 16:09",0,"Anonymized",100,115,1,"6/24/22 16:09","R_1mkp6tLIEEAbkPO",NA,NA,NA,NA,"Anonymized","Anonymized","anonymous","EN",1,2,2,10,20,0,0,5,0,100,80,20,1,2,NA,NA,NA,NA,NA,NA,NA,NA,NA,NA,NA,5,5,5,2,"",2,"",3,"",28,4,"",10,"human","FL_52"
"44","6/24/22 16:04","6/24/22 16:10",0,"Anonymized",100,304,1,"6/24/22 16:10","R_3neIcjznfwoHbC4",NA,NA,NA,NA,"Anonymized","Anonymized","anonymous","EN",1,2,2,NA,NA,NA,NA,NA,NA,NA,NA,NA,NA,NA,71,94,6,81,72,95,61,88,67,2,2,77,62,93,1,"AI  include expert system  natural language processing speech recognition and machine  vision",2,"",3,"",30,4,"",63,"ai","FL_53"
"45","6/24/22 16:07","6/24/22 16:10",0,"Anonymized",100,166,1,"6/24/22 16:10","R_1FG4JOF9X4giVqy",NA,NA,NA,NA,"Anonymized","Anonymized","anonymous","EN",1,2,2,NA,NA,NA,NA,NA,NA,NA,NA,NA,NA,NA,50,30,4,34,48,56,31,63,89,2,2,30,36,40,2,"",1,"",3,"",28,3,"",50,"ai","FL_53"
"46","6/24/22 16:08","6/24/22 16:10",0,"Anonymized",100,117,1,"6/24/22 16:10","R_WvqlOBHDBXQIh45",NA,NA,NA,NA,"Anonymized","Anonymized","anonymous","EN",1,2,2,91,98,9,84,100,90,92,91,93,1,2,NA,NA,NA,NA,NA,NA,NA,NA,NA,NA,NA,89,100,82,2,"",1,"",3,"",30,4,"",97,"human","FL_52"
"47","6/24/22 16:07","6/24/22 16:11",0,"Anonymized",100,207,1,"6/24/22 16:11","R_3fAUW8GcmbqkIvv",NA,NA,NA,NA,"Anonymized","Anonymized","anonymous","EN",1,2,2,40,30,1,60,40,60,40,40,40,1,2,NA,NA,NA,NA,NA,NA,NA,NA,NA,NA,NA,30,30,70,2,"",2,"",3,"",53,5,"",70,"human","FL_52"
"48","6/24/22 16:00","6/24/22 16:12",0,"Anonymized",100,703,1,"6/24/22 16:12","R_3HTCGl4q7Yn2kWi",NA,NA,NA,NA,"Anonymized","Anonymized","anonymous","EN",1,2,2,NA,NA,NA,NA,NA,NA,NA,NA,NA,NA,NA,34,14,0,77,35,35,84,40,20,2,2,50,71,59,2,"",2,"",1,"",32,4,"",34,"ai","FL_53"
"49","6/24/22 16:10","6/24/22 16:12",0,"Anonymized",100,123,1,"6/24/22 16:12","R_3lEbRYjLkCw2Vtx",NA,NA,NA,NA,"Anonymized","Anonymized","anonymous","EN",1,2,2,NA,NA,NA,NA,NA,NA,NA,NA,NA,NA,NA,42,56,5,60,44,71,41,57,35,1,2,63,41,59,2,"",1,"",3,"",28,3,"",50,"ai","FL_53"
"50","6/24/22 16:09","6/24/22 16:12",0,"Anonymized",100,167,1,"6/24/22 16:12","R_1DA6UeJL8BYPZNr",NA,NA,NA,NA,"Anonymized","Anonymized","anonymous","EN",1,2,2,5,15,0,1,59,56,0,93,75,1,2,NA,NA,NA,NA,NA,NA,NA,NA,NA,NA,NA,33,12,20,2,"",1,"",3,"",31,4,"",90,"human","FL_52"
"51","6/24/22 16:09","6/24/22 16:12",0,"Anonymized",100,163,1,"6/24/22 16:12","R_2i6UIm3fCbTt1T3",NA,NA,NA,NA,"Anonymized","Anonymized","anonymous","EN",1,2,2,NA,NA,NA,NA,NA,NA,NA,NA,NA,NA,NA,20,10,1,100,100,90,100,100,100,1,2,30,50,71,2,"",1,"",2,"",24,5,"",5,"ai","FL_53"
"52","6/24/22 16:11","6/24/22 16:12",0,"Anonymized",100,100,1,"6/24/22 16:12","R_3jeWztR5pMNOThu",NA,NA,NA,NA,"Anonymized","Anonymized","anonymous","EN",1,2,2,3,0,0,60,50,13,0,61,100,1,2,NA,NA,NA,NA,NA,NA,NA,NA,NA,NA,NA,61,63,70,2,"",4,"non-binary",3,"",37,5,"",52,"human","FL_52"
"53","6/24/22 16:10","6/24/22 16:13",0,"Anonymized",100,178,1,"6/24/22 16:13","R_TaMxV4EYBzorsPL",NA,NA,NA,NA,"Anonymized","Anonymized","anonymous","EN",1,2,2,NA,NA,NA,NA,NA,NA,NA,NA,NA,NA,NA,0,0,0,100,91,10,95,84,100,2,2,8,6,3,2,"",1,"",6,"human",53,3,"",4,"ai","FL_53"
"54","6/24/22 16:11","6/24/22 16:14",0,"Anonymized",100,167,1,"6/24/22 16:14","R_2zdJVruWEeZbKGM",NA,NA,NA,NA,"Anonymized","Anonymized","anonymous","EN",1,2,2,NA,NA,NA,NA,NA,NA,NA,NA,NA,NA,NA,0,0,0,100,100,100,100,100,100,2,2,80,71,92,2,"",2,"",2,"",23,4,"",79,"ai","FL_53"
"55","6/24/22 16:06","6/24/22 16:14",0,"Anonymized",100,486,1,"6/24/22 16:14","R_322XcpiSoKxxxrI",NA,NA,NA,NA,"Anonymized","Anonymized","anonymous","EN",1,2,2,NA,NA,NA,NA,NA,NA,NA,NA,NA,NA,NA,0,0,0,100,100,100,100,100,100,2,2,0,10,70,2,"",1,"",3,"",36,5,"",100,"ai","FL_53"
"56","6/24/22 16:12","6/24/22 16:15",0,"Anonymized",100,183,1,"6/24/22 16:15","R_3JCbVnp4DGmsxl0",NA,NA,NA,NA,"Anonymized","Anonymized","anonymous","EN",1,2,2,100,0,3,100,100,100,100,13,100,1,2,NA,NA,NA,NA,NA,NA,NA,NA,NA,NA,NA,0,0,0,2,"",2,"",3,"",43,3,"",0,"human","FL_52"
"57","6/24/22 16:13","6/24/22 16:15",0,"Anonymized",100,168,1,"6/24/22 16:15","R_3NN42FvPIfTiGCB",NA,NA,NA,NA,"Anonymized","Anonymized","anonymous","EN",1,2,2,85,83,6,93,93,95,90,91,93,1,2,NA,NA,NA,NA,NA,NA,NA,NA,NA,NA,NA,85,92,85,2,"",2,"",3,"",34,7,"",87,"human","FL_52"
"58","6/24/22 16:15","6/24/22 16:16",0,"Anonymized",100,12,1,"6/24/22 16:16","R_3rSCONsT5hBYXwF",NA,NA,NA,NA,"Anonymized","Anonymized","anonymous","EN",1,2,1,NA,NA,NA,NA,NA,NA,NA,NA,NA,NA,NA,NA,NA,NA,NA,NA,NA,NA,NA,NA,NA,NA,NA,NA,NA,NA,"",NA,"",NA,"",NA,NA,"",NA,"",""
"59","6/24/22 16:09","6/24/22 16:16",0,"Anonymized",100,411,1,"6/24/22 16:16","R_3ptzJnxqJx4CUOR",NA,NA,NA,NA,"Anonymized","Anonymized","anonymous","EN",1,2,2,39,27,5,29,82,49,50,30,41,1,2,NA,NA,NA,NA,NA,NA,NA,NA,NA,NA,NA,0,0,62,2,"",2,"",1,"",51,1,"",86,"human","FL_52"
"60","6/24/22 16:12","6/24/22 16:16",0,"Anonymized",100,252,1,"6/24/22 16:16","R_2coyW44hXV4EB7Z",NA,NA,NA,NA,"Anonymized","Anonymized","anonymous","EN",1,2,2,82,15,1,12,83,33,0,4,87,1,2,NA,NA,NA,NA,NA,NA,NA,NA,NA,NA,NA,0,0,0,2,"",2,"",3,"",27,4,"",76,"human","FL_52"
"61","6/24/22 16:12","6/24/22 16:18",0,"Anonymized",100,357,1,"6/24/22 16:18","R_3QFvHMYuzQYflZh",NA,NA,NA,NA,"Anonymized","Anonymized","anonymous","EN",1,2,2,NA,NA,NA,NA,NA,NA,NA,NA,NA,NA,NA,0,0,0,90,79,71,91,56,100,2,2,72,62,78,2,"",2,"",3,"",36,3,"",82,"ai","FL_53"
"62","6/24/22 16:15","6/24/22 16:18",0,"Anonymized",100,213,1,"6/24/22 16:18","R_21Ez7ZWMRBsYUhk",NA,NA,NA,NA,"Anonymized","Anonymized","anonymous","EN",1,2,2,NA,NA,NA,NA,NA,NA,NA,NA,NA,NA,NA,85,30,3.99,50,90,75,30,15,100,2,2,85,65,50,2,"",2,"",3,"",42,2,"",80,"ai","FL_53"
"63","6/24/22 16:08","6/24/22 16:19",0,"Anonymized",100,630,1,"6/24/22 16:19","R_1IJVpVDBqcUP2LQ",NA,NA,NA,NA,"Anonymized","Anonymized","anonymous","EN",1,2,2,NA,NA,NA,NA,NA,NA,NA,NA,NA,NA,NA,60,2,3.99,100,90,90,100,20,100,2,2,35,35,35,1,"I tried the app called ""Replica,"" out of sheer curiosity. I didn't find it meaningful, useful or novel in any kind of way, so I deleted it within a day or two. However, I might be willing to try one if the technology really improved to the point where it passes the Turing Test (or at least was close enough to pass it), which doesn't seem very far off, since I recently read a few articles of a Google employee discussing an AI that he believed had real thoughts and feelings, which means we're almost there with the tech.  ",2,"",3,"",42,3,"",25,"ai","FL_53"
"64","6/24/22 16:17","6/24/22 16:20",0,"Anonymized",100,208,1,"6/24/22 16:20","R_1DvY8bdSJrfPOsJ",NA,NA,NA,NA,"Anonymized","Anonymized","anonymous","EN",1,2,2,NA,NA,NA,NA,NA,NA,NA,NA,NA,NA,NA,59,0,2,87,75,94,100,96,100,2,2,5,2,2,2,"N/A",2,"",3,"",35,4,"",58,"ai","FL_53"
"65","6/24/22 16:14","6/24/22 16:20",0,"Anonymized",100,358,1,"6/24/22 16:20","R_3fBrpxBLWfQXMs6",NA,NA,NA,NA,"Anonymized","Anonymized","anonymous","EN",1,2,2,70,70,0,50,25,8,0,0,100,1,2,NA,NA,NA,NA,NA,NA,NA,NA,NA,NA,NA,25,10,5,2,"",1,"",3,"",59,4,"",0,"human","FL_52"
"66","6/24/22 16:17","6/24/22 16:21",0,"Anonymized",100,200,1,"6/24/22 16:21","R_3PnJc6yX6aeIC98",NA,NA,NA,NA,"Anonymized","Anonymized","anonymous","EN",1,2,2,NA,NA,NA,NA,NA,NA,NA,NA,NA,NA,NA,59,64,5,41,70,56,87,52,82,2,2,71,58,58,2,"",1,"",4,"",45,4,"",62,"ai","FL_53"
"67","6/24/22 16:18","6/24/22 16:21",0,"Anonymized",100,144,1,"6/24/22 16:21","R_3Dqi0GX8pK7Y3YM",NA,NA,NA,NA,"Anonymized","Anonymized","anonymous","EN",1,2,2,40,0,2,60,80,50,20,0,100,1,2,NA,NA,NA,NA,NA,NA,NA,NA,NA,NA,NA,0,0,0,2,"",1,"",2,"",38,5,"",80,"human","FL_52"
"68","6/24/22 16:19","6/24/22 16:21",0,"Anonymized",100,130,1,"6/24/22 16:21","R_2410PUeaI1r5Ge5",NA,NA,NA,NA,"Anonymized","Anonymized","anonymous","EN",1,2,2,NA,NA,NA,NA,NA,NA,NA,NA,NA,NA,NA,64,0,0,94,83,90,98,77,100,2,2,60,34,54,2,"",2,"",3,"",55,4,"",64,"ai","FL_53"
"69","6/24/22 16:15","6/24/22 16:21",0,"Anonymized",100,359,1,"6/24/22 16:21","R_2QS64ZDwebKnoMN",NA,NA,NA,NA,"Anonymized","Anonymized","anonymous","EN",1,2,2,75,0,4.99,100,100,0,0,0,100,1,2,NA,NA,NA,NA,NA,NA,NA,NA,NA,NA,NA,0,0,0,2,"n/a",2,"",3,"",33,3,"",100,"human","FL_52"
"70","6/24/22 16:19","6/24/22 16:22",0,"Anonymized",100,146,1,"6/24/22 16:22","R_2vjCb05DCtZgtgi",NA,NA,NA,NA,"Anonymized","Anonymized","anonymous","EN",1,2,2,30,20,0,60,50,40,0,10,100,1,2,NA,NA,NA,NA,NA,NA,NA,NA,NA,NA,NA,40,40,40,2,"",2,"",2,"",23,4,"",60,"human","FL_52"
"71","6/24/22 16:18","6/24/22 16:23",0,"Anonymized",100,267,1,"6/24/22 16:23","R_6V9OGA12BcZukzn",NA,NA,NA,NA,"Anonymized","Anonymized","anonymous","EN",1,2,2,NA,NA,NA,NA,NA,NA,NA,NA,NA,NA,NA,40,0,5,100,100,70,100,40,100,2,2,60,50,60,2,"",2,"",3,"",31,4,"",70,"ai","FL_53"
"72","6/24/22 16:21","6/24/22 16:24",0,"Anonymized",100,179,1,"6/24/22 16:24","R_22l6bvirqwBQNfp",NA,NA,NA,NA,"Anonymized","Anonymized","anonymous","EN",1,2,2,20,5,0,50,50,25,33,80,0,1,2,NA,NA,NA,NA,NA,NA,NA,NA,NA,NA,NA,33,10,20,1,"I use Siri, if that counts",1,"",3,"",37,5,"",80,"human","FL_52"
"73","6/24/22 16:22","6/24/22 16:24",0,"Anonymized",100,125,1,"6/24/22 16:24","R_1BQadQBTfQy18Qr",NA,NA,NA,NA,"Anonymized","Anonymized","anonymous","EN",1,2,2,NA,NA,NA,NA,NA,NA,NA,NA,NA,NA,NA,25,0,0,9,90,63,99,21,100,2,2,86,99,94,2,"",2,"",4,"",20,3,"",63,"ai","FL_53"
"74","6/24/22 16:21","6/24/22 16:24",0,"Anonymized",100,152,1,"6/24/22 16:24","R_eVBFyEmGGuRGp9L",NA,NA,NA,NA,"Anonymized","Anonymized","anonymous","EN",1,2,2,60,30,8,35,40,30,20,20,50,1,2,NA,NA,NA,NA,NA,NA,NA,NA,NA,NA,NA,80,90,70,2,"",1,"",3,"",30,4,"",60,"human","FL_52"
"75","6/24/22 16:21","6/24/22 16:24",0,"Anonymized",100,166,1,"6/24/22 16:24","R_2AWFNKL3v3tYpoi",NA,NA,NA,NA,"Anonymized","Anonymized","anonymous","EN",1,2,2,5,0,5,100,50,50,100,0,100,1,2,NA,NA,NA,NA,NA,NA,NA,NA,NA,NA,NA,0,0,7,2,"",2,"",1,"",63,3,"",50,"human","FL_52"
"76","6/24/22 16:20","6/24/22 16:25",0,"Anonymized",100,269,1,"6/24/22 16:25","R_1H9qJpt6BBxxPcB",NA,NA,NA,NA,"Anonymized","Anonymized","anonymous","EN",1,2,2,NA,NA,NA,NA,NA,NA,NA,NA,NA,NA,NA,14,0,0,75,55,46,97,80,100,2,2,70,76,75,2,"",1,"",5,"",44,4,"",30,"ai","FL_53"
"77","6/24/22 16:23","6/24/22 16:25",0,"Anonymized",100,125,1,"6/24/22 16:25","R_2eajEFyqnxHShz3",NA,NA,NA,NA,"Anonymized","Anonymized","anonymous","EN",1,2,2,70,60,5,20,80,80,0,0,70,1,2,NA,NA,NA,NA,NA,NA,NA,NA,NA,NA,NA,60,60,60,2,"",2,"",3,"",28,4,"",95,"human","FL_52"
"78","6/24/22 16:24","6/24/22 16:26",0,"Anonymized",100,124,1,"6/24/22 16:26","R_1f9i1RcUoIFdkAs",NA,NA,NA,NA,"Anonymized","Anonymized","anonymous","EN",1,2,2,NA,NA,NA,NA,NA,NA,NA,NA,NA,NA,NA,15,0,1.99,100,100,100,100,0,100,1,2,0,0,0,2,"",2,"",3,"",45,6,"",71,"ai","FL_53"
"79","6/24/22 16:23","6/24/22 16:26",0,"Anonymized",100,159,1,"6/24/22 16:26","R_1IGgsft03DaBNZ3",NA,NA,NA,NA,"Anonymized","Anonymized","anonymous","EN",1,2,2,63,60,1,35,25,38,16,55,73,1,2,NA,NA,NA,NA,NA,NA,NA,NA,NA,NA,NA,78,64,84,2,"",1,"",1,"",26,3,"",54,"human","FL_52"
"80","6/24/22 16:23","6/24/22 16:28",0,"Anonymized",100,314,1,"6/24/22 16:28","R_2AEkcAhG7CLLsVu",NA,NA,NA,NA,"Anonymized","Anonymized","anonymous","EN",1,2,2,NA,NA,NA,NA,NA,NA,NA,NA,NA,NA,NA,72,5,5,85,70,40,94,48,100,2,2,95,90,90,2,"",2,"",3,"",48,2,"",60,"ai","FL_53"
"81","6/24/22 16:26","6/24/22 16:28",0,"Anonymized",100,125,1,"6/24/22 16:28","R_PMdzgZRocLPvV9n",NA,NA,NA,NA,"Anonymized","Anonymized","anonymous","EN",1,2,2,5,0,0,86,0,0,30,61,100,1,2,NA,NA,NA,NA,NA,NA,NA,NA,NA,NA,NA,56,53,57,2,"",2,"",3,"",30,3,"",1,"human","FL_52"
"82","6/24/22 16:26","6/24/22 16:29",0,"Anonymized",100,139,1,"6/24/22 16:29","R_1hNd0YdDFo3xS7g",NA,NA,NA,NA,"Anonymized","Anonymized","anonymous","EN",1,2,2,32,21,4,84,22,16,90,93,92,1,2,NA,NA,NA,NA,NA,NA,NA,NA,NA,NA,NA,83,86,91,2,"",2,"",3,"",48,3,"",29,"human","FL_52"
"83","6/24/22 16:27","6/24/22 16:30",0,"Anonymized",100,179,1,"6/24/22 16:30","R_3nkrJVWwLDULwGU",NA,NA,NA,NA,"Anonymized","Anonymized","anonymous","EN",1,2,2,NA,NA,NA,NA,NA,NA,NA,NA,NA,NA,NA,10,0,0.01,100,0,0,100,100,100,2,2,70,0,0,2,"",2,"",3,"",46,4,"",0,"ai","FL_53"
"84","6/24/22 16:23","6/24/22 16:30",0,"Anonymized",100,416,1,"6/24/22 16:30","R_3I3rbvPr1wBWAbV",NA,NA,NA,NA,"Anonymized","Anonymized","anonymous","EN",1,2,2,NA,NA,NA,NA,NA,NA,NA,NA,NA,NA,NA,5,0,0,100,75,60,100,40,100,2,2,80,73,76,2,"",2,"",3,"",42,4,"",25,"ai","FL_53"
"85","6/24/22 16:25","6/24/22 16:31",0,"Anonymized",100,329,1,"6/24/22 16:31","R_1dmgiacjr8Icja0",NA,NA,NA,NA,"Anonymized","Anonymized","anonymous","EN",1,2,2,NA,NA,NA,NA,NA,NA,NA,NA,NA,NA,NA,64,24,0,26,95,93,61,8,97,2,2,95,94,100,2,"",2,"",3,"",33,3,"",84,"ai","FL_53"
"86","6/24/22 16:30","6/24/22 16:31",0,"Anonymized",100,116,1,"6/24/22 16:31","R_25vJDxg5RrLMGlc",NA,NA,NA,NA,"Anonymized","Anonymized","anonymous","EN",1,2,1,NA,NA,NA,NA,NA,NA,NA,NA,NA,NA,NA,NA,NA,NA,NA,NA,NA,NA,NA,NA,NA,NA,NA,NA,NA,NA,"",NA,"",NA,"",NA,NA,"",NA,"",""
"87","6/24/22 16:33","6/24/22 16:37",0,"Anonymized",100,218,1,"6/24/22 16:37","R_3stwziPWKq1Slgx",NA,NA,NA,NA,"Anonymized","Anonymized","anonymous","EN",1,2,2,67,50,5,42,64,61,23,79,94,1,2,NA,NA,NA,NA,NA,NA,NA,NA,NA,NA,NA,23,22,29,2,"",1,"",2,"",35,5,"",76,"human","FL_52"
"88","6/24/22 16:37","6/24/22 16:38",0,"Anonymized",100,80,1,"6/24/22 16:38","R_3JLzZMKQPFGZt7c",NA,NA,NA,NA,"Anonymized","Anonymized","anonymous","EN",1,2,2,49,18,5,43,29,34,30,54,36,1,2,NA,NA,NA,NA,NA,NA,NA,NA,NA,NA,NA,32,28,64,2,"",2,"",3,"",49,3,"",26,"human","FL_52"
"89","6/24/22 16:33","6/24/22 16:39",0,"Anonymized",100,362,1,"6/24/22 16:39","R_x9NPbbuSt43AlKV",NA,NA,NA,NA,"Anonymized","Anonymized","anonymous","EN",1,2,2,2,1,0,34,32,20,6,49,71,1,2,NA,NA,NA,NA,NA,NA,NA,NA,NA,NA,NA,15,14,34,2,"",2,"",2,"",27,4,"",53,"human","FL_52"
"90","6/24/22 16:37","6/24/22 16:39",0,"Anonymized",100,127,1,"6/24/22 16:39","R_1f3OMft4zPZKONQ",NA,NA,NA,NA,"Anonymized","Anonymized","anonymous","EN",1,2,2,NA,NA,NA,NA,NA,NA,NA,NA,NA,NA,NA,10,2,1,69,24,25,61,69,65,2,2,72,72,75,2,"",2,"",4,"",24,1,"",37,"ai","FL_53"
"91","6/24/22 16:38","6/24/22 16:41",0,"Anonymized",100,139,1,"6/24/22 16:41","R_PS4bmhz9vEjyTGp",NA,NA,NA,NA,"Anonymized","Anonymized","anonymous","EN",1,2,2,NA,NA,NA,NA,NA,NA,NA,NA,NA,NA,NA,55,25,5.99,32,81,62,29,31,100,1,2,35,43,37,2,"",1,"",3,"",34,4,"",59,"ai","FL_53"
"92","6/24/22 16:38","6/24/22 16:41",0,"Anonymized",100,163,1,"6/24/22 16:41","R_11jyrmPXlpeHs7e",NA,NA,NA,NA,"Anonymized","Anonymized","anonymous","EN",1,2,2,34,14,1,92,25,64,76,28,100,1,2,NA,NA,NA,NA,NA,NA,NA,NA,NA,NA,NA,92,70,84,2,"",2,"",3,"",60,1,"",74,"human","FL_52"
"93","6/24/22 16:38","6/24/22 16:41",0,"Anonymized",100,197,1,"6/24/22 16:41","R_agZ3pGYTZcBz6ZH",NA,NA,NA,NA,"Anonymized","Anonymized","anonymous","EN",1,2,2,75,70,5,30,40,70,70,65,86,2,2,NA,NA,NA,NA,NA,NA,NA,NA,NA,NA,NA,60,55,40,2,"",1,"",3,"",28,4,"",20,"human","FL_52"
"94","6/24/22 16:36","6/24/22 16:42",0,"Anonymized",100,409,1,"6/24/22 16:42","R_2SwALgkwb3J3i88",NA,NA,NA,NA,"Anonymized","Anonymized","anonymous","EN",1,2,2,NA,NA,NA,NA,NA,NA,NA,NA,NA,NA,NA,50,0,0,100,70,30,100,80,100,1,2,0,0,0,2,"",2,"",3,"",50,5,"",100,"ai","FL_53"
"95","6/24/22 16:39","6/24/22 16:43",0,"Anonymized",100,213,1,"6/24/22 16:43","R_2Ei5X2Sj6BUPkFR",NA,NA,NA,NA,"Anonymized","Anonymized","anonymous","EN",1,2,2,29,29,5.99,21,30,50,50,50,66,1,2,NA,NA,NA,NA,NA,NA,NA,NA,NA,NA,NA,27,64,60,2,"",2,"",1,"",25,4,"",20,"human","FL_52"
"96","6/24/22 16:38","6/24/22 16:43",0,"Anonymized",100,264,1,"6/24/22 16:43","R_3QKJ9DqBwaAARKO",NA,NA,NA,NA,"Anonymized","Anonymized","anonymous","EN",1,2,2,NA,NA,NA,NA,NA,NA,NA,NA,NA,NA,NA,54,55,4,50,72,75,66,66,89,1,2,48,37,36,2,"",2,"",3,"",62,3,"",50,"ai","FL_53"
"97","6/24/22 16:35","6/24/22 16:43",0,"Anonymized",100,465,1,"6/24/22 16:43","R_2COoFRLqnG7gLaQ",NA,NA,NA,NA,"Anonymized","Anonymized","anonymous","EN",1,2,2,NA,NA,NA,NA,NA,NA,NA,NA,NA,NA,NA,80,0,2,0,100,100,100,100,100,3,2,0,0,0,1,"Siri",2,"",3,"",34,3,"",0,"ai","FL_53"
"98","6/24/22 16:40","6/24/22 16:43",0,"Anonymized",100,192,1,"6/24/22 16:43","R_DMFIvztDzrkF8TT",NA,NA,NA,NA,"Anonymized","Anonymized","anonymous","EN",1,2,2,50,50,6.5,50,50,20,20,20,80,1,2,NA,NA,NA,NA,NA,NA,NA,NA,NA,NA,NA,0,0,0,2,"",1,"",4,"",27,3,"",60,"human","FL_52"
"99","6/24/22 16:42","6/24/22 16:45",0,"Anonymized",100,185,1,"6/24/22 16:45","R_z3iGdu4jesPU8mt",NA,NA,NA,NA,"Anonymized","Anonymized","anonymous","EN",1,2,2,NA,NA,NA,NA,NA,NA,NA,NA,NA,NA,NA,80,91,5,61,50,61,60,41,100,2,2,83,61,72,2,"",2,"",3,"",49,4,"",75,"ai","FL_53"
"100","6/24/22 16:45","6/24/22 16:46",0,"Anonymized",100,19,1,"6/24/22 16:46","R_2uy2nsfg8rAODls",NA,NA,NA,NA,"Anonymized","Anonymized","anonymous","EN",1,2,1,NA,NA,NA,NA,NA,NA,NA,NA,NA,NA,NA,NA,NA,NA,NA,NA,NA,NA,NA,NA,NA,NA,NA,NA,NA,NA,"",NA,"",NA,"",NA,NA,"",NA,"",""
"101","6/24/22 16:42","6/24/22 16:46",0,"Anonymized",100,241,1,"6/24/22 16:46","R_2e2oZEe5LTxhfnL",NA,NA,NA,NA,"Anonymized","Anonymized","anonymous","EN",1,2,2,NA,NA,NA,NA,NA,NA,NA,NA,NA,NA,NA,40,0,10,66,97,93,100,18,100,2,2,30,9,25,2,"",2,"",3,"",41,4,"",71,"ai","FL_53"
"102","6/24/22 16:44","6/24/22 16:48",0,"Anonymized",100,197,1,"6/24/22 16:48","R_2YxhO2CX1zppeCf",NA,NA,NA,NA,"Anonymized","Anonymized","anonymous","EN",1,2,2,51,20,0,39,17,40,62,46,73,1,2,NA,NA,NA,NA,NA,NA,NA,NA,NA,NA,NA,30,86,12,2,"",2,"",4,"",39,3,"",82,"human","FL_52"
"103","6/24/22 16:46","6/24/22 16:48",0,"Anonymized",100,123,1,"6/24/22 16:48","R_22zFhY5ymi3GSrg",NA,NA,NA,NA,"Anonymized","Anonymized","anonymous","EN",1,2,2,0,0,0,100,100,100,100,100,100,2,2,NA,NA,NA,NA,NA,NA,NA,NA,NA,NA,NA,0,0,0,2,"",2,"",3,"",31,4,"",86,"human","FL_52"
"104","6/24/22 16:45","6/24/22 16:50",0,"Anonymized",100,304,1,"6/24/22 16:50","R_02Qe3ki9DBXPnH3",NA,NA,NA,NA,"Anonymized","Anonymized","anonymous","EN",1,2,2,NA,NA,NA,NA,NA,NA,NA,NA,NA,NA,NA,29,0,5,80,100,100,100,80,100,2,2,80,60,60,2,"",1,"",1,"",22,3,"",10,"ai","FL_53"
"105","6/24/22 16:48","6/24/22 16:50",0,"Anonymized",100,166,1,"6/24/22 16:50","R_3kwjppohPcB4tkB",NA,NA,NA,NA,"Anonymized","Anonymized","anonymous","EN",1,2,2,0,0,0,100,0,0,100,100,100,1,2,NA,NA,NA,NA,NA,NA,NA,NA,NA,NA,NA,8,7,6,2,"",2,"",3,"",28,4,"",0,"human","FL_52"
"106","6/24/22 16:51","6/24/22 16:51",0,"Anonymized",100,18,1,"6/24/22 16:51","R_1laYvlJ7bpxGKVj",NA,NA,NA,NA,"Anonymized","Anonymized","anonymous","EN",1,2,1,NA,NA,NA,NA,NA,NA,NA,NA,NA,NA,NA,NA,NA,NA,NA,NA,NA,NA,NA,NA,NA,NA,NA,NA,NA,NA,"",NA,"",NA,"",NA,NA,"",NA,"",""
"107","6/24/22 16:49","6/24/22 16:53",0,"Anonymized",100,244,1,"6/24/22 16:53","R_8rkNUti1zbIdZ5v",NA,NA,NA,NA,"Anonymized","Anonymized","anonymous","EN",1,2,2,62,29,4,50,71,73,50,50,69,1,2,NA,NA,NA,NA,NA,NA,NA,NA,NA,NA,NA,30,31,32,2,"",2,"",3,"",62,3,"",55,"human","FL_52"
"108","6/24/22 16:51","6/24/22 16:53",0,"Anonymized",100,152,1,"6/24/22 16:53","R_qE2bxsweWMcx3Ox",NA,NA,NA,NA,"Anonymized","Anonymized","anonymous","EN",1,2,2,NA,NA,NA,NA,NA,NA,NA,NA,NA,NA,NA,67,59,2,44,63,41,35,23,62,2,2,36,19,36,1,"I USED ONE BUT CAN'T RECALL THE NAME",1,"",3,"",41,4,"",73,"ai","FL_53"
"109","6/24/22 16:51","6/24/22 16:53",0,"Anonymized",100,153,1,"6/24/22 16:54","R_3r21nnTxPmQ6236",NA,NA,NA,NA,"Anonymized","Anonymized","anonymous","EN",1,2,2,NA,NA,NA,NA,NA,NA,NA,NA,NA,NA,NA,64,22,2,33,55,53,99,47,59,2,2,60,39,59,2,"",2,"",3,"",20,3,"",65,"ai","FL_53"
"110","6/24/22 16:51","6/24/22 16:54",0,"Anonymized",100,173,1,"6/24/22 16:54","R_2E6qHMpONftoTgA",NA,NA,NA,NA,"Anonymized","Anonymized","anonymous","EN",1,2,2,86,77,10,12,77,74,24,87,78,1,2,NA,NA,NA,NA,NA,NA,NA,NA,NA,NA,NA,7,12,9,2,"",1,"",3,"",49,3,"",62,"human","FL_52"
"111","6/24/22 16:53","6/24/22 16:55",0,"Anonymized",100,114,1,"6/24/22 16:55","R_sBt0UDCd9F2gaBz",NA,NA,NA,NA,"Anonymized","Anonymized","anonymous","EN",1,2,2,0,0,0,9,25,12,0,3,100,1,2,NA,NA,NA,NA,NA,NA,NA,NA,NA,NA,NA,85,89,91,2,"",1,"",3,"",37,4,"",3,"human","FL_52"
"112","6/24/22 16:53","6/24/22 16:55",0,"Anonymized",100,146,1,"6/24/22 16:55","R_oXGw8RfSJYPdDyx",NA,NA,NA,NA,"Anonymized","Anonymized","anonymous","EN",1,2,2,95,96,1,12,100,77,0,0,91,1,2,NA,NA,NA,NA,NA,NA,NA,NA,NA,NA,NA,89,97,85,2,"",2,"",3,"",32,3,"",23,"human","FL_52"
"113","6/24/22 16:54","6/24/22 16:56",0,"Anonymized",100,129,1,"6/24/22 16:56","R_3hFq0nIHKVjUeQw",NA,NA,NA,NA,"Anonymized","Anonymized","anonymous","EN",1,2,2,46,34,0.3,6,46,30,3,97,83,1,2,NA,NA,NA,NA,NA,NA,NA,NA,NA,NA,NA,42,34,44,2,"",2,"",3,"",30,4,"",72,"human","FL_52"
"114","6/24/22 16:53","6/24/22 16:56",0,"Anonymized",100,173,1,"6/24/22 16:56","R_1jwh7ADCrnRWm8Z",NA,NA,NA,NA,"Anonymized","Anonymized","anonymous","EN",1,2,2,NA,NA,NA,NA,NA,NA,NA,NA,NA,NA,NA,0,0,0,100,65,49,100,49,98,2,2,12,12,18,2,NA,1,"",3,"",45,3,"",100,"ai","FL_53"
"115","6/24/22 16:54","6/24/22 16:58",0,"Anonymized",100,243,1,"6/24/22 16:58","R_1eQ85H4Vg1yDdMY",NA,NA,NA,NA,"Anonymized","Anonymized","anonymous","EN",1,2,2,NA,NA,NA,NA,NA,NA,NA,NA,NA,NA,NA,40,0,3,81,91,71,92,29,100,2,2,71,76,50,2,"",2,"",1,"",29,5,"",76,"ai","FL_53"
"116","6/24/22 16:58","6/24/22 17:00",0,"Anonymized",100,129,1,"6/24/22 17:00","R_3QRYIOUWqWMHx5O",NA,NA,NA,NA,"Anonymized","Anonymized","anonymous","EN",1,2,2,20,8,0,50,59,30,8,7,95,1,2,NA,NA,NA,NA,NA,NA,NA,NA,NA,NA,NA,4,7,2,2,"",1,"",1,"",29,4,"",41,"human","FL_52"
"117","6/24/22 16:58","6/24/22 17:03",0,"Anonymized",100,306,1,"6/24/22 17:03","R_1d6Pta88mEcOV6m",NA,NA,NA,NA,"Anonymized","Anonymized","anonymous","EN",1,2,2,NA,NA,NA,NA,NA,NA,NA,NA,NA,NA,NA,44,21,0,50,70,50,80,90,0,2,2,50,65,65,2,"",1,"",5,"",21,3,"",90,"ai","FL_53"
"118","6/24/22 17:01","6/24/22 17:03",0,"Anonymized",100,126,1,"6/24/22 17:03","R_1DpZ4Cqy68XENQt",NA,NA,NA,NA,"Anonymized","Anonymized","anonymous","EN",1,2,2,100,82,3,50,50,50,50,50,50,1,2,NA,NA,NA,NA,NA,NA,NA,NA,NA,NA,NA,100,100,100,1,"Replika",2,"",4,"",21,3,"",100,"human","FL_52"
"119","6/24/22 17:05","6/24/22 17:06",0,"Anonymized",100,27,1,"6/24/22 17:06","R_2moPBGAL9gDmbMR",NA,NA,NA,NA,"Anonymized","Anonymized","anonymous","EN",1,1,2,NA,NA,NA,NA,NA,NA,NA,NA,NA,NA,NA,NA,NA,NA,NA,NA,NA,NA,NA,NA,NA,NA,NA,NA,NA,NA,"",NA,"",NA,"",NA,NA,"",NA,"",""
"120","6/24/22 17:04","6/24/22 17:06",0,"Anonymized",100,101,1,"6/24/22 17:06","R_28LC2qdR0GZwI7E",NA,NA,NA,NA,"Anonymized","Anonymized","anonymous","EN",1,2,2,20,0,5,50,50,0,0,0,100,1,2,NA,NA,NA,NA,NA,NA,NA,NA,NA,NA,NA,0,0,0,2,"",2,"",3,"",47,3,"",50,"human","FL_52"
"121","6/24/22 17:02","6/24/22 17:06",0,"Anonymized",100,266,1,"6/24/22 17:06","R_3QQq0g3mPOxdEeR",NA,NA,NA,NA,"Anonymized","Anonymized","anonymous","EN",1,2,2,5,5,1.99,0,29,27,13,6,100,1,2,NA,NA,NA,NA,NA,NA,NA,NA,NA,NA,NA,78,63,67,2,"",1,"",3,"",40,5,"",68,"human","FL_52"
"122","6/24/22 17:03","6/24/22 17:06",0,"Anonymized",100,186,1,"6/24/22 17:06","R_1LZl0DNECMafN6K",NA,NA,NA,NA,"Anonymized","Anonymized","anonymous","EN",1,2,2,NA,NA,NA,NA,NA,NA,NA,NA,NA,NA,NA,70,10,3,40,94,93,60,20,100,2,2,80,40,90,2,"N/A",1,"",3,"",37,4,"",80,"ai","FL_53"
"123","6/24/22 17:05","6/24/22 17:07",0,"Anonymized",100,107,1,"6/24/22 17:07","R_0MJMyaP1m9pJt05",NA,NA,NA,NA,"Anonymized","Anonymized","anonymous","EN",1,2,2,21,0,2.99,16,27,20,0,0,35,2,2,NA,NA,NA,NA,NA,NA,NA,NA,NA,NA,NA,0,0,0,2,"n/a",2,"",3,"",41,3,"",76,"human","FL_52"
"124","6/24/22 17:04","6/24/22 17:08",0,"Anonymized",100,252,1,"6/24/22 17:08","R_3fK6pofAuaGDY6r",NA,NA,NA,NA,"Anonymized","Anonymized","anonymous","EN",1,2,2,NA,NA,NA,NA,NA,NA,NA,NA,NA,NA,NA,40,0,2,90,90,70,100,60,100,2,2,40,60,65,2,"",1,"",3,"",44,3,"",73,"ai","FL_53"
"125","6/24/22 17:05","6/24/22 17:08",0,"Anonymized",100,164,1,"6/24/22 17:08","R_2cpSJRx3mtyMkvj",NA,NA,NA,NA,"Anonymized","Anonymized","anonymous","EN",1,2,2,NA,NA,NA,NA,NA,NA,NA,NA,NA,NA,NA,51,0,0,100,100,100,100,0,100,1,2,0,0,0,2,"",2,"",3,"",66,4,"",100,"ai","FL_53"
"126","6/24/22 17:06","6/24/22 17:09",0,"Anonymized",100,217,1,"6/24/22 17:09","R_2X4CPDEUAtPE16J",NA,NA,NA,NA,"Anonymized","Anonymized","anonymous","EN",1,2,2,NA,NA,NA,NA,NA,NA,NA,NA,NA,NA,NA,20,0,0,100,100,100,100,36,100,1,2,71,53,50,2,"",1,"",3,"",29,2,"",50,"ai","FL_53"
"127","6/24/22 17:07","6/24/22 17:09",0,"Anonymized",100,118,1,"6/24/22 17:09","R_33D5IbSwjasmQvY",NA,NA,NA,NA,"Anonymized","Anonymized","anonymous","EN",1,2,2,8,8,10,100,0,0,100,100,100,1,2,NA,NA,NA,NA,NA,NA,NA,NA,NA,NA,NA,83,3,3,2,"",2,"",3,"",38,3,"",0,"human","FL_52"
"128","6/24/22 17:03","6/24/22 17:10",0,"Anonymized",100,415,1,"6/24/22 17:10","R_3inhbbH9Z58m87q",NA,NA,NA,NA,"Anonymized","Anonymized","anonymous","EN",1,2,2,70,40,5,90,100,100,90,50,90,1,2,NA,NA,NA,NA,NA,NA,NA,NA,NA,NA,NA,90,95,85,2,"",2,"",4,"",34,2,"",75,"human","FL_52"
"129","6/24/22 17:08","6/24/22 17:11",0,"Anonymized",100,148,1,"6/24/22 17:11","R_3sBiiBmtWLdNXtD",NA,NA,NA,NA,"Anonymized","Anonymized","anonymous","EN",1,2,2,NA,NA,NA,NA,NA,NA,NA,NA,NA,NA,NA,40,0,0.11,25,80,60,75,65,100,2,2,25,35,35,2,"",1,"",3,"",27,3,"",65,"ai","FL_53"
"130","6/24/22 17:11","6/24/22 17:13",0,"Anonymized",100,122,1,"6/24/22 17:13","R_295QKd2AsURyOJo",NA,NA,NA,NA,"Anonymized","Anonymized","anonymous","EN",1,2,2,0,0,0,100,0,0,0,0,100,1,2,NA,NA,NA,NA,NA,NA,NA,NA,NA,NA,NA,75,75,75,2,"",2,"",3,"",53,4,"",0,"human","FL_52"
"131","6/24/22 17:08","6/24/22 17:14",0,"Anonymized",100,357,1,"6/24/22 17:14","R_1ff7QQeAvonbAAE",NA,NA,NA,NA,"Anonymized","Anonymized","anonymous","EN",1,2,2,NA,NA,NA,NA,NA,NA,NA,NA,NA,NA,NA,64,10,0,100,79,85,100,86,100,2,2,3,0,5,2,"n/a",2,"",4,"",45,3,"",15,"ai","FL_53"
"132","6/24/22 17:12","6/24/22 17:15",0,"Anonymized",100,170,1,"6/24/22 17:15","R_2Tv0LtTMN2tRpkC",NA,NA,NA,NA,"Anonymized","Anonymized","anonymous","EN",1,2,2,14,16,5,96,64,28,50,0,100,1,2,NA,NA,NA,NA,NA,NA,NA,NA,NA,NA,NA,71,59,66,2,"",2,"",3,"",29,5,"",66,"human","FL_52"
"133","6/24/22 17:10","6/24/22 17:20",0,"Anonymized",100,588,1,"6/24/22 17:20","R_3n0IwyAw8EkKJnO",NA,NA,NA,NA,"Anonymized","Anonymized","anonymous","EN",1,2,2,8,0,0,82,24,21,0,8,80,1,2,NA,NA,NA,NA,NA,NA,NA,NA,NA,NA,NA,13,10,9,2,"",2,"",1,"",32,5,"",0,"human","FL_52"
"134","6/24/22 17:16","6/24/22 17:20",0,"Anonymized",100,243,1,"6/24/22 17:20","R_3fpKGaFi8OjTvqD",NA,NA,NA,NA,"Anonymized","Anonymized","anonymous","EN",1,2,2,NA,NA,NA,NA,NA,NA,NA,NA,NA,NA,NA,71,20,10,50,85,50,91,70,100,1,2,0,0,25,2,"",2,"",3,"",60,1,"",50,"ai","FL_53"
"135","6/24/22 17:18","6/24/22 17:23",0,"Anonymized",100,280,1,"6/24/22 17:23","R_9BsxC4ULxKdhrUZ",NA,NA,NA,NA,"Anonymized","Anonymized","anonymous","EN",1,2,2,20,20,2,91,10,84,99,95,98,2,2,NA,NA,NA,NA,NA,NA,NA,NA,NA,NA,NA,0,1,3,2,"",1,"",5,"",45,4,"",30,"human","FL_52"
"136","6/24/22 17:17","6/24/22 17:24",0,"Anonymized",100,426,1,"6/24/22 17:24","R_3h0eYECaMVx4Pda",NA,NA,NA,NA,"Anonymized","Anonymized","anonymous","EN",1,2,2,NA,NA,NA,NA,NA,NA,NA,NA,NA,NA,NA,80,0,1.99,50,100,100,100,0,100,2,2,30,40,20,2,"",2,"",3,"",45,1,"",85,"ai","FL_53"
"137","6/24/22 17:24","6/24/22 17:26",0,"Anonymized",100,142,1,"6/24/22 17:26","R_29dmxv6KRLyUYzd",NA,NA,NA,NA,"Anonymized","Anonymized","anonymous","EN",1,2,2,9,10,3.99,10,10,20,19,18,91,1,2,NA,NA,NA,NA,NA,NA,NA,NA,NA,NA,NA,50,30,40,2,"",1,"",3,"",40,4,"",50,"human","FL_52"
"138","6/24/22 17:22","6/24/22 17:26",0,"Anonymized",100,236,1,"6/24/22 17:26","R_33atnM916SBkPlQ",NA,NA,NA,NA,"Anonymized","Anonymized","anonymous","EN",1,2,2,NA,NA,NA,NA,NA,NA,NA,NA,NA,NA,NA,50,0,2,100,100,100,100,21,100,1,2,20,50,83,2,"",1,"",3,"",41,4,"",50,"ai","FL_53"
"139","6/24/22 17:20","6/24/22 17:29",0,"Anonymized",100,509,1,"6/24/22 17:29","R_t0eJnOzDCejA7kZ",NA,NA,NA,NA,"Anonymized","Anonymized","anonymous","EN",1,2,2,62,36,3,34,67,60,33,72,42,1,2,NA,NA,NA,NA,NA,NA,NA,NA,NA,NA,NA,21,12,29,2,"n/a",1,"",1,"",50,5,"",65,"human","FL_52"
"140","6/24/22 17:31","6/24/22 17:35",0,"Anonymized",100,195,1,"6/24/22 17:35","R_1mVtihXciLLAC0L",NA,NA,NA,NA,"Anonymized","Anonymized","anonymous","EN",1,2,2,NA,NA,NA,NA,NA,NA,NA,NA,NA,NA,NA,21,0,1,98,51,88,100,24,100,2,2,10,28,13,2,"",2,"",3,"",52,3,"",69,"ai","FL_53"
"141","6/24/22 17:33","6/24/22 17:37",0,"Anonymized",100,222,1,"6/24/22 17:37","R_2wAz5U0jtnoKiev",NA,NA,NA,NA,"Anonymized","Anonymized","anonymous","EN",1,2,2,55,14,0,20,84,65,0,8,96,1,2,NA,NA,NA,NA,NA,NA,NA,NA,NA,NA,NA,90,61,92,2,"",2,"",3,"",45,5,"",3,"human","FL_52"
"142","6/24/22 17:26","6/24/22 17:37",0,"Anonymized",100,660,1,"6/24/22 17:37","R_XZheJtjtDM1YlEd",NA,NA,NA,NA,"Anonymized","Anonymized","anonymous","EN",1,2,2,NA,NA,NA,NA,NA,NA,NA,NA,NA,NA,NA,0,0,0,100,100,50,100,50,100,2,2,0,0,0,2,"",1,"",3,"",70,5,"",75,"ai","FL_53"
"143","6/24/22 17:36","6/24/22 17:38",0,"Anonymized",100,169,1,"6/24/22 17:38","R_272p9mD6QpNfkob",NA,NA,NA,NA,"Anonymized","Anonymized","anonymous","EN",1,2,2,NA,NA,NA,NA,NA,NA,NA,NA,NA,NA,NA,50,0,0,100,0,50,100,50,0,1,2,91,91,95,1,"I tried a chatbot app because I heard about it on a podcast and was curious. I wanted to see if it would say anything creepy.",2,"",3,"",39,4,"",0,"ai","FL_53"
"144","6/24/22 17:37","6/24/22 17:42",0,"Anonymized",100,255,1,"6/24/22 17:42","R_6YHeVuZo2NLiHgR",NA,NA,NA,NA,"Anonymized","Anonymized","anonymous","EN",1,2,2,1,0,0,80,50,50,18,29,66,1,2,NA,NA,NA,NA,NA,NA,NA,NA,NA,NA,NA,0,0,0,2,"",2,"",3,"",45,5,"",27,"human","FL_52"
"145","6/24/22 17:34","6/24/22 17:42",0,"Anonymized",100,493,1,"6/24/22 17:42","R_2sdTH9R2TablnJH",NA,NA,NA,NA,"Anonymized","Anonymized","anonymous","EN",1,2,2,20,0,0,50,50,50,50,50,50,1,2,NA,NA,NA,NA,NA,NA,NA,NA,NA,NA,NA,11,0,8,2,"",2,"",3,"",56,1,"",92,"human","FL_52"
"146","6/24/22 17:44","6/24/22 17:45",0,"Anonymized",100,109,1,"6/24/22 17:45","R_el2la3IicB5YRMZ",NA,NA,NA,NA,"Anonymized","Anonymized","anonymous","EN",1,2,2,NA,NA,NA,NA,NA,NA,NA,NA,NA,NA,NA,75,73,5,33,60,59,43,59,58,1,2,36,57,58,2,"",2,"",3,"",29,4,"",62,"ai","FL_53"
"147","6/24/22 17:44","6/24/22 17:47",0,"Anonymized",100,219,1,"6/24/22 17:47","R_1kFZBkmivfwC29f",NA,NA,NA,NA,"Anonymized","Anonymized","anonymous","EN",1,2,2,NA,NA,NA,NA,NA,NA,NA,NA,NA,NA,NA,20,0,0.25,75,90,60,75,25,100,2,2,60,80,70,2,"",2,"",2,"",32,4,"",70,"ai","FL_53"
"148","6/24/22 17:45","6/24/22 17:47",0,"Anonymized",100,167,1,"6/24/22 17:47","R_1pECwj6VSTZc91Z",NA,NA,NA,NA,"Anonymized","Anonymized","anonymous","EN",1,2,1,NA,NA,NA,NA,NA,NA,NA,NA,NA,NA,NA,NA,NA,NA,NA,NA,NA,NA,NA,NA,NA,NA,NA,NA,NA,NA,"",NA,"",NA,"",NA,NA,"",NA,"",""
"149","6/24/22 17:47","6/24/22 17:48",0,"Anonymized",100,25,1,"6/24/22 17:48","R_1OCTqkvAathIFKx",NA,NA,NA,NA,"Anonymized","Anonymized","anonymous","EN",1,3,1,NA,NA,NA,NA,NA,NA,NA,NA,NA,NA,NA,NA,NA,NA,NA,NA,NA,NA,NA,NA,NA,NA,NA,NA,NA,NA,"",NA,"",NA,"",NA,NA,"",NA,"",""
"150","6/24/22 17:48","6/24/22 17:51",0,"Anonymized",100,138,1,"6/24/22 17:51","R_26mvmLPm9Lu40hH",NA,NA,NA,NA,"Anonymized","Anonymized","anonymous","EN",1,2,2,NA,NA,NA,NA,NA,NA,NA,NA,NA,NA,NA,80,5,0,70,75,50,5,50,100,2,2,50,50,50,1,"I've used Replika before.",3,"",6,"Prefer not to disclose",39,8,"prefer not to disclose",50,"ai","FL_53"
"151","6/24/22 17:50","6/24/22 17:52",0,"Anonymized",100,124,1,"6/24/22 17:52","R_1lnL76zqq3oeKMa",NA,NA,NA,NA,"Anonymized","Anonymized","anonymous","EN",1,2,2,NA,NA,NA,NA,NA,NA,NA,NA,NA,NA,NA,40,10,2,80,80,70,81,80,100,2,2,34,40,45,2,"",1,"",3,"",36,4,"",40,"ai","FL_53"
"152","6/24/22 17:42","6/24/22 17:53",0,"Anonymized",100,625,1,"6/24/22 17:53","R_3dELTVQWyWpBal7",NA,NA,NA,NA,"Anonymized","Anonymized","anonymous","EN",1,2,2,19,3,0,25,44,37,33,33,65,2,2,NA,NA,NA,NA,NA,NA,NA,NA,NA,NA,NA,82,26,31,2,"",2,"",3,"",54,3,"",34,"human","FL_52"
"153","6/24/22 17:48","6/24/22 17:53",0,"Anonymized",100,273,1,"6/24/22 17:53","R_W8UWbXwBpjXryfv",NA,NA,NA,NA,"Anonymized","Anonymized","anonymous","EN",1,2,2,9,13,5.95,18,19,0,0,0,1,1,2,NA,NA,NA,NA,NA,NA,NA,NA,NA,NA,NA,1,12,12,2,"",2,"",3,"",29,1,"",100,"human","FL_52"
"154","6/24/22 17:52","6/24/22 17:54",0,"Anonymized",100,151,1,"6/24/22 17:54","R_2bPma5zo36dz1l2",NA,NA,NA,NA,"Anonymized","Anonymized","anonymous","EN",1,2,2,6,0,2,50,53,31,21,63,93,1,2,NA,NA,NA,NA,NA,NA,NA,NA,NA,NA,NA,32,16,73,1,"i once used a chat app with an AI that shaped itself around talking to you, it was called Replika",1,"",5,"",19,3,"",50,"human","FL_52"
"155","6/24/22 17:52","6/24/22 17:55",0,"Anonymized",100,213,1,"6/24/22 17:55","R_1ptycN75CbtjvdV",NA,NA,NA,NA,"Anonymized","Anonymized","anonymous","EN",1,2,2,NA,NA,NA,NA,NA,NA,NA,NA,NA,NA,NA,15,0,1,100,90,90,100,70,100,2,2,40,20,60,2,"",1,"",3,"",60,5,"",75,"ai","FL_53"
"156","6/24/22 17:55","6/24/22 17:57",0,"Anonymized",100,139,1,"6/24/22 17:57","R_1jMOISEwbzSJN2I",NA,NA,NA,NA,"Anonymized","Anonymized","anonymous","EN",1,2,2,100,0,1,50,20,30,0,0,100,1,2,NA,NA,NA,NA,NA,NA,NA,NA,NA,NA,NA,65,40,80,2,"",2,"",3,"",46,4,"",20,"human","FL_52"
"157","6/24/22 17:54","6/24/22 17:57",0,"Anonymized",100,195,1,"6/24/22 17:57","R_2c8Cjw8yXgh0cYr",NA,NA,NA,NA,"Anonymized","Anonymized","anonymous","EN",1,2,2,NA,NA,NA,NA,NA,NA,NA,NA,NA,NA,NA,13,12,5,100,79,82,90,60,88,2,2,8,10,20,2,"",2,"",2,"",71,4,"",62,"ai","FL_53"
"158","6/24/22 17:54","6/24/22 17:57",0,"Anonymized",100,175,1,"6/24/22 17:57","R_3Mnw0HUUjFy5P70",NA,NA,NA,NA,"Anonymized","Anonymized","anonymous","EN",1,2,2,85,81,5,86,72,29,85,35,73,2,2,NA,NA,NA,NA,NA,NA,NA,NA,NA,NA,NA,81,73,94,2,"",1,"",4,"",25,4,"",76,"human","FL_52"
"159","6/24/22 17:56","6/24/22 17:58",0,"Anonymized",100,123,1,"6/24/22 17:58","R_2ScnYe3ynTq1M27",NA,NA,NA,NA,"Anonymized","Anonymized","anonymous","EN",1,2,2,35,10,6.99,28,74,55,15,16,83,1,2,NA,NA,NA,NA,NA,NA,NA,NA,NA,NA,NA,16,69,61,2,"",1,"",3,"",43,4,"",67,"human","FL_52"
"160","6/24/22 17:55","6/24/22 17:59",0,"Anonymized",100,207,1,"6/24/22 17:59","R_1kZG5dajISZIGUG",NA,NA,NA,NA,"Anonymized","Anonymized","anonymous","EN",1,2,2,13,0,4.99,30,27,14,22,18,18,1,2,NA,NA,NA,NA,NA,NA,NA,NA,NA,NA,NA,11,32,44,2,"",2,"",3,"",38,4,"",34,"human","FL_52"
"161","6/24/22 17:54","6/24/22 17:59",0,"Anonymized",100,351,1,"6/24/22 18:00","R_10NroX6UZSENDlm",NA,NA,NA,NA,"Anonymized","Anonymized","anonymous","EN",1,2,2,NA,NA,NA,NA,NA,NA,NA,NA,NA,NA,NA,0,0,1,100,100,100,100,50,100,2,2,80,0,50,2,"",2,"",3,"",31,1,"",90,"ai","FL_53"
"162","6/24/22 18:02","6/24/22 18:04",0,"Anonymized",100,132,1,"6/24/22 18:04","R_Tq6eJl5T1JIULjb",NA,NA,NA,NA,"Anonymized","Anonymized","anonymous","EN",1,2,2,NA,NA,NA,NA,NA,NA,NA,NA,NA,NA,NA,0,0,0,100,100,100,100,4,100,2,2,86,72,74,2,"",2,"",2,"",27,4,"",68,"ai","FL_53"
"163","6/24/22 18:06","6/24/22 18:07",0,"Anonymized",100,38,1,"6/24/22 18:07","R_2PBv7WSQtjvTaw6",NA,NA,NA,NA,"Anonymized","Anonymized","anonymous","EN",1,2,1,NA,NA,NA,NA,NA,NA,NA,NA,NA,NA,NA,NA,NA,NA,NA,NA,NA,NA,NA,NA,NA,NA,NA,NA,NA,NA,"",NA,"",NA,"",NA,NA,"",NA,"",""
"164","6/24/22 18:07","6/24/22 18:11",0,"Anonymized",100,225,1,"6/24/22 18:11","R_3fitBASy8UYvJCs",NA,NA,NA,NA,"Anonymized","Anonymized","anonymous","EN",1,2,2,66,35,5,70,39,65,75,72,75,1,2,NA,NA,NA,NA,NA,NA,NA,NA,NA,NA,NA,62,65,63,1,"For a job I applied for recently, they had an AI chatbot instead of just going to Workday for example",2,"",3,"",45,4,"",72,"human","FL_52"
"165","6/24/22 18:09","6/24/22 18:11",0,"Anonymized",100,155,1,"6/24/22 18:12","R_3npWV59MoffJmBV",NA,NA,NA,NA,"Anonymized","Anonymized","anonymous","EN",1,2,2,NA,NA,NA,NA,NA,NA,NA,NA,NA,NA,NA,60,40,5,60,55,60,40,40,60,2,2,30,40,50,2,"",1,"",3,"",25,1,"",70,"ai","FL_53"
"166","6/24/22 18:05","6/24/22 18:12",0,"Anonymized",100,392,1,"6/24/22 18:12","R_8f6slhfZDqKtQIh",NA,NA,NA,NA,"Anonymized","Anonymized","anonymous","EN",1,2,2,NA,NA,NA,NA,NA,NA,NA,NA,NA,NA,NA,100,50,1,40,100,82,41,20,92,2,2,40,40,40,2,"",2,"",3,"",65,3,"",90,"ai","FL_53"
"167","6/24/22 18:10","6/24/22 18:14",0,"Anonymized",100,247,1,"6/24/22 18:14","R_11hxmqxUqxOIqtc",NA,NA,NA,NA,"Anonymized","Anonymized","anonymous","EN",1,2,2,0,0,0,100,70,12,16,23,100,1,2,NA,NA,NA,NA,NA,NA,NA,NA,NA,NA,NA,98,75,98,2,"",2,"",3,"",46,3,"",50,"human","FL_52"
"168","6/24/22 18:11","6/24/22 18:14",0,"Anonymized",100,199,1,"6/24/22 18:14","R_2wTz36zLzbwN93y",NA,NA,NA,NA,"Anonymized","Anonymized","anonymous","EN",1,2,2,NA,NA,NA,NA,NA,NA,NA,NA,NA,NA,NA,50,0,1,100,77,50,100,0,100,2,2,0,8,8,2,"",1,"",3,"",34,4,"",49,"ai","FL_53"
"169","6/24/22 18:12","6/24/22 18:15",0,"Anonymized",100,154,1,"6/24/22 18:15","R_3NvSH4UpCifqyKL",NA,NA,NA,NA,"Anonymized","Anonymized","anonymous","EN",1,2,2,42,8,1,86,29,62,88,65,97,2,2,NA,NA,NA,NA,NA,NA,NA,NA,NA,NA,NA,73,43,65,2,"",2,"",3,"",43,5,"",19,"human","FL_52"
"170","6/24/22 18:16","6/24/22 18:18",0,"Anonymized",100,129,1,"6/24/22 18:18","R_2q8kjLaq28GXnku",NA,NA,NA,NA,"Anonymized","Anonymized","anonymous","EN",1,2,2,20,0,5,30,60,10,0,0,80,1,2,NA,NA,NA,NA,NA,NA,NA,NA,NA,NA,NA,10,0,0,2,"",1,"",3,"",51,3,"",80,"human","FL_52"
"171","6/24/22 18:15","6/24/22 18:20",0,"Anonymized",100,266,1,"6/24/22 18:20","R_2dgYpw29aNLm6mD",NA,NA,NA,NA,"Anonymized","Anonymized","anonymous","EN",1,2,2,NA,NA,NA,NA,NA,NA,NA,NA,NA,NA,NA,9,0,0,100,29,90,100,40,100,2,2,9,26,51,2,"",2,"",4,"",28,3,"",90,"ai","FL_53"
"172","6/24/22 18:15","6/24/22 18:20",0,"Anonymized",100,275,1,"6/24/22 18:20","R_3R1N9RtfFHw78Hy",NA,NA,NA,NA,"Anonymized","Anonymized","anonymous","EN",1,2,2,70,55,8,35,30,30,20,35,55,1,2,NA,NA,NA,NA,NA,NA,NA,NA,NA,NA,NA,60,50,45,2,"",1,"",3,"",30,4,"",60,"human","FL_52"
"173","6/24/22 18:22","6/24/22 18:26",0,"Anonymized",100,229,1,"6/24/22 18:26","R_3dS74ukhduY3ub2",NA,NA,NA,NA,"Anonymized","Anonymized","anonymous","EN",1,2,2,20,9,3.99,61,71,60,29,80,100,1,2,NA,NA,NA,NA,NA,NA,NA,NA,NA,NA,NA,40,71,60,2,"",2,"",1,"",22,4,"",10,"human","FL_52"
"174","6/24/22 18:18","6/24/22 18:27",0,"Anonymized",100,516,1,"6/24/22 18:27","R_1KewCz6lgQNmzKU",NA,NA,NA,NA,"Anonymized","Anonymized","anonymous","EN",1,2,2,NA,NA,NA,NA,NA,NA,NA,NA,NA,NA,NA,40,20,5,82,71,97,93,82,100,1,2,0,40,0,2,"",1,"",3,"",71,3,"",71,"ai","FL_53"
"175","6/24/22 18:23","6/24/22 18:27",0,"Anonymized",100,236,1,"6/24/22 18:27","R_Xh838g4kgnY7733",NA,NA,NA,NA,"Anonymized","Anonymized","anonymous","EN",1,2,2,65,8,5,16,81,29,25,38,74,1,2,NA,NA,NA,NA,NA,NA,NA,NA,NA,NA,NA,0,62,37,2,"",2,"",3,"",21,3,"",63,"human","FL_52"
"176","6/24/22 18:25","6/24/22 18:28",0,"Anonymized",100,164,1,"6/24/22 18:28","R_2bNzbAiMJDWzOwG",NA,NA,NA,NA,"Anonymized","Anonymized","anonymous","EN",1,2,2,NA,NA,NA,NA,NA,NA,NA,NA,NA,NA,NA,50,0,1,100,100,100,100,20,100,1,2,70,29,50,2,"",2,"",3,"",51,1,"",100,"ai","FL_53"
"177","6/24/22 18:25","6/24/22 18:28",0,"Anonymized",100,184,1,"6/24/22 18:28","R_bdSQXZVHQJvw5Q5",NA,NA,NA,NA,"Anonymized","Anonymized","anonymous","EN",1,2,2,24,71,5,74,56,69,10,15,58,1,2,NA,NA,NA,NA,NA,NA,NA,NA,NA,NA,NA,9,11,7,2,"",2,"",3,"",44,3,"",34,"human","FL_52"
"178","6/24/22 18:23","6/24/22 18:28",0,"Anonymized",100,328,1,"6/24/22 18:28","R_XNdCIBCIu0caOs1",NA,NA,NA,NA,"Anonymized","Anonymized","anonymous","EN",1,2,2,NA,NA,NA,NA,NA,NA,NA,NA,NA,NA,NA,65,25,4,56,75,82,93,15,88,2,2,35,20,12,2,"",1,"",3,"",47,4,"",77,"ai","FL_53"
"179","6/24/22 18:27","6/24/22 18:32",0,"Anonymized",100,291,1,"6/24/22 18:32","R_3niW6kCkgCvGUfn",NA,NA,NA,NA,"Anonymized","Anonymized","anonymous","EN",1,2,2,NA,NA,NA,NA,NA,NA,NA,NA,NA,NA,NA,77,40,2,83,88,86,83,32,89,1,2,0,25,25,2,"",2,"",1,"",45,4,"",69,"ai","FL_53"
"180","6/24/22 18:31","6/24/22 18:32",0,"Anonymized",100,67,1,"6/24/22 18:32","R_4HPvZPqwjkGaDm1",NA,NA,NA,NA,"Anonymized","Anonymized","anonymous","EN",1,1,2,NA,NA,NA,NA,NA,NA,NA,NA,NA,NA,NA,NA,NA,NA,NA,NA,NA,NA,NA,NA,NA,NA,NA,NA,NA,NA,"",NA,"",NA,"",NA,NA,"",NA,"",""
"181","6/24/22 18:32","6/24/22 18:34",0,"Anonymized",100,106,1,"6/24/22 18:34","R_24nRpgx8LVaQbrQ",NA,NA,NA,NA,"Anonymized","Anonymized","anonymous","EN",1,2,2,NA,NA,NA,NA,NA,NA,NA,NA,NA,NA,NA,0,0,0,97,0,24,100,100,99,2,2,0,0,0,2,"",2,"",3,"",19,3,"",92,"ai","FL_53"
"182","6/24/22 18:28","6/24/22 18:34",0,"Anonymized",100,379,1,"6/24/22 18:34","R_3qOBwzSOfUv6kUx",NA,NA,NA,NA,"Anonymized","Anonymized","anonymous","EN",1,2,2,50,50,2.99,20,0,0,0,0,0,1,2,NA,NA,NA,NA,NA,NA,NA,NA,NA,NA,NA,40,15,0,2,"",1,"",1,"",45,1,"",75,"human","FL_52"
"183","6/24/22 18:32","6/24/22 18:35",0,"Anonymized",100,144,1,"6/24/22 18:35","R_3KIsc4bzGkqvjZD",NA,NA,NA,NA,"Anonymized","Anonymized","anonymous","EN",1,2,2,NA,NA,NA,NA,NA,NA,NA,NA,NA,NA,NA,86,80,10,81,72,68,70,68,63,1,3,78,77,69,1,"Memory power",1,"",1,"",NA,5,"",84,"ai","FL_53"
"184","6/24/22 18:33","6/24/22 18:35",0,"Anonymized",100,123,1,"6/24/22 18:35","R_4HqmA1VVArnOjG9",NA,NA,NA,NA,"Anonymized","Anonymized","anonymous","EN",1,2,2,28,5,2,65,43,22,8,36,95,1,2,NA,NA,NA,NA,NA,NA,NA,NA,NA,NA,NA,64,68,68,2,"",2,"",3,"",35,2,"",17,"human","FL_52"
"185","6/24/22 18:33","6/24/22 18:36",0,"Anonymized",100,216,1,"6/24/22 18:36","R_1FIWZRkoBq7Cvp2",NA,NA,NA,NA,"Anonymized","Anonymized","anonymous","EN",1,2,2,10,10,1.99,55,65,55,25,15,55,1,2,NA,NA,NA,NA,NA,NA,NA,NA,NA,NA,NA,5,15,10,2,"",2,"",3,"",44,4,"",35,"human","FL_52"
"186","6/24/22 18:32","6/24/22 18:38",0,"Anonymized",100,391,1,"6/24/22 18:38","R_3CZBVh2rPzRC502",NA,NA,NA,NA,"Anonymized","Anonymized","anonymous","EN",1,2,2,NA,NA,NA,NA,NA,NA,NA,NA,NA,NA,NA,62,40,5,50,92,67,87,50,99,1,2,50,40,44,2,"",2,"",3,"",42,3,"",50,"ai","FL_53"
"187","6/24/22 18:35","6/24/22 18:40",0,"Anonymized",100,256,1,"6/24/22 18:40","R_D8jwqp5q8GyF0c1",NA,NA,NA,NA,"Anonymized","Anonymized","anonymous","EN",1,2,2,35,35,0,25,50,50,50,35,100,1,2,NA,NA,NA,NA,NA,NA,NA,NA,NA,NA,NA,1,2,75,2,"",2,"",3,"",52,5,"",50,"human","FL_52"
"188","6/24/22 18:37","6/24/22 18:40",0,"Anonymized",100,204,1,"6/24/22 18:40","R_Z2Eo4qPBKfyAsVz",NA,NA,NA,NA,"Anonymized","Anonymized","anonymous","EN",1,2,2,NA,NA,NA,NA,NA,NA,NA,NA,NA,NA,NA,9,9,0,84,56,50,92,66,91,2,2,21,23,16,2,"",2,"",3,"",47,3,"",50,"ai","FL_53"
"189","6/24/22 18:41","6/24/22 18:43",0,"Anonymized",100,125,1,"6/24/22 18:43","R_2v2CtFA1sS6gb2p",NA,NA,NA,NA,"Anonymized","Anonymized","anonymous","EN",1,2,2,20,0,0,100,52,0,0,100,0,1,2,NA,NA,NA,NA,NA,NA,NA,NA,NA,NA,NA,0,0,0,2,"",2,"",4,"",41,4,"",50,"human","FL_52"
"190","6/24/22 18:42","6/24/22 18:44",0,"Anonymized",100,121,1,"6/24/22 18:44","R_2By2sLly9xapVdR",NA,NA,NA,NA,"Anonymized","Anonymized","anonymous","EN",1,2,2,NA,NA,NA,NA,NA,NA,NA,NA,NA,NA,NA,85,59,1,72,65,68,68,67,19,2,2,3,69,65,2,"",1,"",3,"",31,3,"",65,"ai","FL_53"
"191","6/24/22 18:40","6/24/22 18:45",0,"Anonymized",100,276,1,"6/24/22 18:45","R_3sieNHTFqJuJwzz",NA,NA,NA,NA,"Anonymized","Anonymized","anonymous","EN",1,2,2,71,0,5,50,30,0,0,83,0,1,2,NA,NA,NA,NA,NA,NA,NA,NA,NA,NA,NA,20,20,20,2,"",2,"",3,"",60,1,"",50,"human","FL_52"
"192","6/24/22 18:41","6/24/22 18:45",0,"Anonymized",100,279,1,"6/24/22 18:45","R_2YGrbBdBrBMsaGY",NA,NA,NA,NA,"Anonymized","Anonymized","anonymous","EN",1,2,2,NA,NA,NA,NA,NA,NA,NA,NA,NA,NA,NA,100,0,0,50,100,100,100,0,100,2,2,100,100,100,2,"n/a",2,"",4,"",28,1,"",50,"ai","FL_53"
"193","6/24/22 18:47","6/24/22 18:50",0,"Anonymized",100,127,1,"6/24/22 18:50","R_YWAKos7BkPSisSd",NA,NA,NA,NA,"Anonymized","Anonymized","anonymous","EN",1,2,2,NA,NA,NA,NA,NA,NA,NA,NA,NA,NA,NA,0,0,1,0,71,74,100,19,82,2,2,88,88,83,2,"",2,"",3,"",63,3,"",4,"ai","FL_53"
"194","6/24/22 18:48","6/24/22 18:50",0,"Anonymized",100,137,1,"6/24/22 18:50","R_1OxgU9al9jg7VIw",NA,NA,NA,NA,"Anonymized","Anonymized","anonymous","EN",1,2,2,NA,NA,NA,NA,NA,NA,NA,NA,NA,NA,NA,14,55,5,86,97,100,100,38,0,2,2,22,7,10,2,"",1,"",3,"",53,4,"",1,"ai","FL_53"
"195","6/24/22 18:46","6/24/22 18:51",0,"Anonymized",100,306,1,"6/24/22 18:51","R_1KfmRAx6V5iMWFh",NA,NA,NA,NA,"Anonymized","Anonymized","anonymous","EN",1,2,2,10,9,0,82,28,8,80,82,100,1,2,NA,NA,NA,NA,NA,NA,NA,NA,NA,NA,NA,18,4,14,2,"",1,"",3,"",61,4,"",82,"human","FL_52"
"196","6/24/22 18:49","6/24/22 18:52",0,"Anonymized",100,186,1,"6/24/22 18:52","R_2AZm11fUxL6BCVo",NA,NA,NA,NA,"Anonymized","Anonymized","anonymous","EN",1,2,2,100,0,8,0,100,48,0,0,100,1,2,NA,NA,NA,NA,NA,NA,NA,NA,NA,NA,NA,61,100,87,2,"",2,"",1,"",26,3,"",17,"human","FL_52"
"197","6/24/22 18:51","6/24/22 18:54",0,"Anonymized",100,133,1,"6/24/22 18:54","R_vc5z1bIwoc7mqIN",NA,NA,NA,NA,"Anonymized","Anonymized","anonymous","EN",1,2,2,NA,NA,NA,NA,NA,NA,NA,NA,NA,NA,NA,19,4,0,73,4,70,89,3,100,2,2,35,19,25,2,"",2,"",3,"",44,5,"",74,"ai","FL_53"
"198","6/24/22 18:55","6/24/22 18:57",0,"Anonymized",100,109,1,"6/24/22 18:57","R_24eK29wtpkiMndw",NA,NA,NA,NA,"Anonymized","Anonymized","anonymous","EN",1,2,2,0,0,0,50,15,0,0,0,100,1,2,NA,NA,NA,NA,NA,NA,NA,NA,NA,NA,NA,2,4,8,2,"",2,"",3,"",30,5,"",30,"human","FL_52"
"199","6/24/22 19:01","6/24/22 19:03",0,"Anonymized",100,143,1,"6/24/22 19:03","R_1j6xtF4ufWn9cMa",NA,NA,NA,NA,"Anonymized","Anonymized","anonymous","EN",1,2,2,NA,NA,NA,NA,NA,NA,NA,NA,NA,NA,NA,71,33,0,50,73,34,85,50,85,2,2,50,41,32,2,"",2,"",3,"",46,4,"",79,"ai","FL_53"
"200","6/24/22 18:59","6/24/22 19:03",0,"Anonymized",100,254,1,"6/24/22 19:03","R_1LYc7SAUm2qDJUX",NA,NA,NA,NA,"Anonymized","Anonymized","anonymous","EN",1,2,2,0,0,0,90,50,50,50,50,62,1,2,NA,NA,NA,NA,NA,NA,NA,NA,NA,NA,NA,5,8,4,2,"",2,"",3,"",38,5,"",44,"human","FL_52"
"201","6/24/22 19:04","6/24/22 19:05",0,"Anonymized",100,28,1,"6/24/22 19:05","R_WeBHRisc40IApTH",NA,NA,NA,NA,"Anonymized","Anonymized","anonymous","EN",1,2,1,NA,NA,NA,NA,NA,NA,NA,NA,NA,NA,NA,NA,NA,NA,NA,NA,NA,NA,NA,NA,NA,NA,NA,NA,NA,NA,"",NA,"",NA,"",NA,NA,"",NA,"",""
"202","6/24/22 19:02","6/24/22 19:05",0,"Anonymized",100,172,1,"6/24/22 19:05","R_vVonrolEuXcyRZn",NA,NA,NA,NA,"Anonymized","Anonymized","anonymous","EN",1,2,2,60,65,5,20,65,65,20,85,100,1,2,NA,NA,NA,NA,NA,NA,NA,NA,NA,NA,NA,35,30,30,2,"",1,"",3,"",29,4,"",10,"human","FL_52"
"203","6/24/22 19:05","6/24/22 19:07",0,"Anonymized",100,138,1,"6/24/22 19:07","R_2wKtO68Kum6zZ35",NA,NA,NA,NA,"Anonymized","Anonymized","anonymous","EN",1,2,2,NA,NA,NA,NA,NA,NA,NA,NA,NA,NA,NA,77,0,5,50,100,100,65,50,100,2,2,85,79,100,2,"",2,"",3,"",18,1,"",65,"ai","FL_53"
"204","6/24/22 19:06","6/24/22 19:08",0,"Anonymized",100,156,1,"6/24/22 19:08","R_3HZG0A6cVbChiiK",NA,NA,NA,NA,"Anonymized","Anonymized","anonymous","EN",1,2,2,70,50,5,16,60,50,3,86,27,1,2,NA,NA,NA,NA,NA,NA,NA,NA,NA,NA,NA,70,70,70,2,"",2,"",3,"",31,3,"",62,"human","FL_52"
"205","6/24/22 19:05","6/24/22 19:10",0,"Anonymized",100,320,1,"6/24/22 19:10","R_1E4EBtt5yTUXlLB",NA,NA,NA,NA,"Anonymized","Anonymized","anonymous","EN",1,2,2,NA,NA,NA,NA,NA,NA,NA,NA,NA,NA,NA,15,0,0,100,100,100,100,0,100,2,2,73,68,70,2,"",2,"",3,"",25,2,"",60,"ai","FL_53"
"206","6/24/22 19:08","6/24/22 19:10",0,"Anonymized",100,123,1,"6/24/22 19:10","R_3QGE2OZUZxlM71D",NA,NA,NA,NA,"Anonymized","Anonymized","anonymous","EN",1,2,2,NA,NA,NA,NA,NA,NA,NA,NA,NA,NA,NA,61,0,2,100,100,100,100,20,100,2,2,90,87,89,2,"",2,"",3,"",42,1,"",44,"ai","FL_53"
"207","6/24/22 19:08","6/24/22 19:10",0,"Anonymized",100,123,1,"6/24/22 19:10","R_3ly7WDhBE6rAriM",NA,NA,NA,NA,"Anonymized","Anonymized","anonymous","EN",1,2,2,15,0,0,45,29,23,55,46,66,1,2,NA,NA,NA,NA,NA,NA,NA,NA,NA,NA,NA,57,61,60,2,"none.",2,"",2,"",25,4,"",73,"human","FL_52"
"208","6/24/22 19:09","6/24/22 19:11",0,"Anonymized",100,145,1,"6/24/22 19:11","R_8IGwvlqsJfRUm9b",NA,NA,NA,NA,"Anonymized","Anonymized","anonymous","EN",1,2,2,7,8,2.99,18,66,70,9,62,93,1,2,NA,NA,NA,NA,NA,NA,NA,NA,NA,NA,NA,76,70,67,1,"I tried out an app, do not remember the name though",2,"",4,"",22,4,"",63,"human","FL_52"
"209","6/24/22 19:10","6/24/22 19:12",0,"Anonymized",100,102,1,"6/24/22 19:12","R_3DpCVgbPboqHCyS",NA,NA,NA,NA,"Anonymized","Anonymized","anonymous","EN",1,2,2,NA,NA,NA,NA,NA,NA,NA,NA,NA,NA,NA,27,6,3,60,42,60,61,55,83,2,2,57,8,14,2,"",2,"",3,"",23,5,"",22,"ai","FL_53"
"210","6/24/22 19:10","6/24/22 19:13",0,"Anonymized",100,204,1,"6/24/22 19:13","R_3Pzqp3kt2TbUBHF",NA,NA,NA,NA,"Anonymized","Anonymized","anonymous","EN",1,2,2,3,0,0,48,20,28,61,32,69,1,2,NA,NA,NA,NA,NA,NA,NA,NA,NA,NA,NA,15,52,50,2,"",2,"",1,"",26,4,"",40,"human","FL_52"
"211","6/24/22 19:09","6/24/22 19:14",0,"Anonymized",100,256,1,"6/24/22 19:14","R_12LkIUqAxnBfwwi",NA,NA,NA,NA,"Anonymized","Anonymized","anonymous","EN",1,2,2,NA,NA,NA,NA,NA,NA,NA,NA,NA,NA,NA,30,0,1.99,100,90,100,100,100,100,2,2,0,0,0,2,"",2,"",3,"",34,3,"",0,"ai","FL_53"
"212","6/24/22 19:07","6/24/22 19:16",0,"Anonymized",100,562,1,"6/24/22 19:16","R_2qxZiCUOrXJtyQO",NA,NA,NA,NA,"Anonymized","Anonymized","anonymous","EN",1,2,2,NA,NA,NA,NA,NA,NA,NA,NA,NA,NA,NA,62,9,1,91,99,63,62,61,0,2,2,72,82,71,2,"",2,"",3,"",51,3,"",82,"ai","FL_53"
"213","6/24/22 19:15","6/24/22 19:20",0,"Anonymized",100,262,1,"6/24/22 19:20","R_3IRA3ezc9IL0rle",NA,NA,NA,NA,"Anonymized","Anonymized","anonymous","EN",1,2,2,31,61,6,10,38,58,13,26,26,1,2,NA,NA,NA,NA,NA,NA,NA,NA,NA,NA,NA,6,4,5,2,"",1,"",3,"",27,1,"",72,"human","FL_52"
