"","StartDate","EndDate","Status","IPAddress","Progress","Duration..in.seconds.","Finished","RecordedDate","ResponseId","RecipientLastName","RecipientFirstName","RecipientEmail","ExternalReference","LocationLatitude","LocationLongitude","DistributionChannel","UserLanguage","consent_q","att1","att2","willing_friend_1","willing_romantic_1","wtp","true_1","talk_listen_1","not_judge_1","feel_1","understand_1","body_1","comp_1","comp_2","willing_friend_1.1","willing_romantic_1.1","wtp.1","true_1.1","talk_listen_1.1","not_judge_1.1","feel_1.1","understand_1.1","body_1.1","comp_1.1","comp_2.1","loneliness_1_1","loneliness_2_1","loneliness_3_1","ai_companion_exp","ai_companion_exp2","gender","gender_4_TEXT","ethnicity","ethnicity_6_TEXT","age","edu","edu_8_TEXT","ai_capability_1","Q14","completion_code","completion_code.1","willing_friend_post_1","willing_partner_post_1","wtp_post","true_post_1","talk_listen_post_1","not_judge_post_1","feel_post_1","understand_post_1","body_post_1","comp1_post","comp2_post","willing_friend_post_1.1","willing_partner_post_1.1","wtp_post.1","true_post_1.1","talk_listen_post_1.1","not_judge_post_1.1","feel_post_1.1","understand_post_1.1","body_post_1.1","comp1_post.1","comp2_post.1","believe_q","explain","interaction_type","will_interact","finished_conversation","Create.New.Field.or.Choose.From.Dropdown..."
"1","Start Date","End Date","Response Type","Anonymized","Progress","Duration (in seconds)","Finished","Recorded Date","Response ID","Recipient Last Name","Recipient First Name","Recipient Email","External Data Reference","Anonymized","Anonymized","Distribution Channel","User Language","Do you consent","This is an attention check. John is taller than Paul. Who is shorter?","What color is grass?



The fresh, uncut grass, not leaves or hay. Please make sure to select purple, so that we know you're paying attention.","How willing would you be to try to find a friend on Chatty?","How willing would you be to try to find a romantic partner on Chatty?","Imagine that you try out Chatty for a year, and that Chatty has a monthly subscription fee. How much would you be willing to pay per month? (typical apps cost anywhere between $0.00c and $10.00 per month.)



Please enter only the amount, without the dollar sign.","How much do you agree with the following statement?

 
Any friendship with a person on Chatty would not be a true friendship.","How much do you agree with the following statement? 

 
A person on Chatty would always be there to talk and listen to you.","How much do you agree with the following statement? 


A person on Chatty would always be on your side and not judge you.","How much do you agree with the following statement? 

 
A person on Chatty is unable to feel emotions.","How much do you agree with the following statement? 


A person on Chatty is unable to understand what you are saying.","How much do you agree with the following statement? 


A person on Chatty cannot provide physical intimacy.","You were shown a picture on a computer screen in the previous question. What did the picture represent?","What is Chatty?","How willing would you be to try to find a friend on Chatty?","How willing would you be to try to find a romantic partner on Chatty?","Imagine that you try out Chatty for a year, and that Chatty has a monthly subscription fee. How much would you be willing to pay per month? (typical apps cost anywhere between $0.00c and $10.00 per month.)



Please enter only the amount, without the dollar sign.","How much do you agree with the following statement?

 
Any friendship with an AI on Chatty would not be a true friendship.","How much do you agree with the following statement? 

 
An AI on Chatty would always be there to talk and listen to you.","How much do you agree with the following statement? 


An AI on Chatty would always be on your side and not judge you.","How much do you agree with the following statement? 

 
An AI on Chatty is unable to feel emotions.","How much do you agree with the following statement? 


An AI on Chatty is unable to understand what you are saying.","How much do you agree with the following statement? 


An AI on Chatty cannot provide physical intimacy.","You were shown a picture on a computer screen in the previous question. What did the picture represent?","What is Chatty?","How often do you feel that you lack companionship?","How often do you feel left out?","How often do you feel isolated from others?","Before this survey, have you ever used an artificial intelligence (AI) companion app before?","If you answered ‘yes’ above, please explain.","What is your gender? - Selected Choice","What is your gender? - Other (please specify) - Text","What is your ethnicity? - Selected Choice","What is your ethnicity? - Other (please specify) - Text","What is your age (in years)?","What is the highest level of education you have completed? - Selected Choice","What is the highest level of education you have completed? - Other (please specify) - Text","How capable do you think artificial intelligence (AI) is of becoming as intelligent as human beings?",1,"Important: Please enter the exact completion code you received at the end of your interaction with Chatty.","Important: Please enter the exact completion code you received at the end of your interaction with Chatty.","How willing would you be to try to find a friend on Chatty?","How willing would you be to try to find a romantic partner on Chatty?","Imagine that you try out Chatty for a year, and that Chatty has a monthly subscription fee. How much would you be willing to pay per month? (typical apps cost anywhere between $0.00c and $10.00 per month.)



Please enter only the amount, without the dollar sign.","How much do you agree with the following statement?

 
Any friendship with a person on Chatty would not be a true friendship.","How much do you agree with the following statement? 

 
A person on Chatty would always be there to talk and listen to you.","How much do you agree with the following statement? 

A person on Chatty would always be on your side and not judge you.","How much do you agree with the following statement? 

 
A person on Chatty is unable to feel emotions.","How much do you agree with the following statement? 


A person on Chatty is unable to understand what you are saying.","How much do you agree with the following statement? 


A person on Chatty cannot provide physical intimacy.","You were shown a picture on a computer screen in the previous question. What did the picture represent?","What is Chatty?","How willing would you be to try to find a friend on Chatty?","How willing would you be to try to find a romantic partner on Chatty?","Imagine that you try out Chatty for a year, and that Chatty has a monthly subscription fee. How much would you be willing to pay per month? (typical apps cost anywhere between $0.00c and $10.00 per month.)



Please enter only the amount, without the dollar sign.","How much do you agree with the following statement?

 
Any friendship with an AI on Chatty would not be a true friendship.","How much do you agree with the following statement? 

 
An AI on Chatty would always be there to talk and listen to you.","How much do you agree with the following statement? 


An AI on Chatty would always be on your side and not judge you.","How much do you agree with the following statement? 

 
An AI on Chatty is unable to feel emotions.","How much do you agree with the following statement? 


An AI on Chatty is unable to understand what you are saying.","How much do you agree with the following statement? 


An AI on Chatty cannot provide physical intimacy.","You were shown a picture on a computer screen in the previous question. What did the picture represent?","What is Chatty?","Did you believe that you were talking to a chatbot or a human?","Please explain why you thought you were interacting with a human or chatbot?","interaction_type","will_interact","finished_conversation","Create New Field or Choose From Dropdown..."
"2","{""ImportId"":""startDate"",""timeZone"":""America/Denver""}","{""ImportId"":""endDate"",""timeZone"":""America/Denver""}","{""ImportId"":""status""}","Anonymized","{""ImportId"":""progress""}","{""ImportId"":""duration""}","{""ImportId"":""finished""}","{""ImportId"":""recordedDate"",""timeZone"":""America/Denver""}","{""ImportId"":""_recordId""}","{""ImportId"":""recipientLastName""}","{""ImportId"":""recipientFirstName""}","{""ImportId"":""recipientEmail""}","{""ImportId"":""externalDataReference""}","Anonymized","Anonymized","{""ImportId"":""distributionChannel""}","{""ImportId"":""userLanguage""}","{""ImportId"":""QID60""}","{""ImportId"":""QID30""}","{""ImportId"":""QID31""}","{""ImportId"":""QID85_1""}","{""ImportId"":""QID86_1""}","{""ImportId"":""QID87_TEXT""}","{""ImportId"":""QID88_1""}","{""ImportId"":""QID89_1""}","{""ImportId"":""QID90_1""}","{""ImportId"":""QID91_1""}","{""ImportId"":""QID92_1""}","{""ImportId"":""QID93_1""}","{""ImportId"":""QID94""}","{""ImportId"":""QID95""}","{""ImportId"":""QID2_1""}","{""ImportId"":""QID33_1""}","{""ImportId"":""QID3_TEXT""}","{""ImportId"":""QID39_1""}","{""ImportId"":""QID79_1""}","{""ImportId"":""QID80_1""}","{""ImportId"":""QID7_1""}","{""ImportId"":""QID40_1""}","{""ImportId"":""QID62_1""}","{""ImportId"":""QID4""}","{""ImportId"":""QID5""}","{""ImportId"":""QID8_1""}","{""ImportId"":""QID10_1""}","{""ImportId"":""QID11_1""}","{""ImportId"":""QID36""}","{""ImportId"":""QID37_TEXT""}","{""ImportId"":""QID12""}","{""ImportId"":""QID12_4_TEXT""}","{""ImportId"":""QID13""}","{""ImportId"":""QID13_6_TEXT""}","{""ImportId"":""QID14_TEXT""}","{""ImportId"":""QID15""}","{""ImportId"":""QID15_8_TEXT""}","{""ImportId"":""QID59_1""}",2,"{""ImportId"":""QID97_TEXT""}","{""ImportId"":""QID67_TEXT""}","{""ImportId"":""QID112_1""}","{""ImportId"":""QID113_1""}","{""ImportId"":""QID114_TEXT""}","{""ImportId"":""QID115_1""}","{""ImportId"":""QID116_1""}","{""ImportId"":""QID117_1""}","{""ImportId"":""QID118_1""}","{""ImportId"":""QID119_1""}","{""ImportId"":""QID120_1""}","{""ImportId"":""QID121""}","{""ImportId"":""QID122""}","{""ImportId"":""QID69_1""}","{""ImportId"":""QID70_1""}","{""ImportId"":""QID71_TEXT""}","{""ImportId"":""QID72_1""}","{""ImportId"":""QID81_1""}","{""ImportId"":""QID82_1""}","{""ImportId"":""QID73_1""}","{""ImportId"":""QID74_1""}","{""ImportId"":""QID75_1""}","{""ImportId"":""QID76""}","{""ImportId"":""QID77""}","{""ImportId"":""QID125""}","{""ImportId"":""QID128_TEXT""}","{""ImportId"":""interaction_type""}","{""ImportId"":""will_interact""}","{""ImportId"":""finished_conversation""}","{""ImportId"":""Create New Field or Choose From Dropdown...""}"
"3","2022-11-17 04:21:20","2022-11-17 04:22:33","0","Anonymized","100","72","1","2022-11-17 04:22:33","R_3k1fl2MBVtsKH1D","","","","","Anonymized","Anonymized","anonymous","EN","2","","","","","","","","","","","","","","","","","","","","","","","","","","","","","","","","","","","","","",3,"","","","","","","","","","","","","","","","","","","","","","","","","","","","","",""
"4","2022-11-17 04:21:33","2022-11-17 04:22:47","0","Anonymized","100","73","1","2022-11-17 04:22:47","R_2wKN6LZ5pkQL6uO","","","","","Anonymized","Anonymized","anonymous","EN","1","2","2","","","","","","","","","","","","","","","","","","","","","","","","","","","","","","","","","","","",4,"12345","","","","","","","","","","","","","","","","","","","","","","","","","","human","yes","",""
"5","2022-11-17 04:23:51","2022-11-17 04:24:42","0","Anonymized","100","51","1","2022-11-17 04:24:43","R_1113SUUd4x99Lpb","","","","","Anonymized","Anonymized","anonymous","EN","1","1","2","","","","","","","","","","","","","","","","","","","","","","","","","","","","","","","","","","","",5,"","","","","","","","","","","","","","","","","","","","","","","","","","","","","",""
"6","2022-11-17 04:28:33","2022-11-17 04:29:50","0","Anonymized","100","77","1","2022-11-17 04:29:51","R_31ocjnsUP6TbvgX","","","","","Anonymized","Anonymized","anonymous","EN","1","1","2","","","","","","","","","","","","","","","","","","","","","","","","","","","","","","","","","","","",6,"","","","","","","","","","","","","","","","","","","","","","","","","","","","","",""
"7","2022-11-17 04:19:57","2022-11-17 04:40:16","0","Anonymized","100","1218","1","2022-11-17 04:40:17","R_1LoGMs9IUaIfntA","","","","","Anonymized","Anonymized","anonymous","EN","1","2","2","","","","","","","","","","","","","","","","","","","","","","","0","5","0","2","","1","","3","","41","3","","1",7,"1011-3101-2632-2534","","8","0","1","90","20","30","50","23","100","1","2","","","","","","","","","","","","2","As soon as I sent a message the chatbot instantly started typing.  Also said some strange combinations of words a Human wouldn't","human","yes","yes",""
"8","2022-11-17 04:20:41","2022-11-17 04:40:27","0","Anonymized","100","1185","1","2022-11-17 04:40:28","R_3JxRFxmLQ94PalD","","","","","Anonymized","Anonymized","anonymous","EN","1","2","2","","","","","","","","","","","","","","","","","","","","","","","60","50","75","2","","1","","3","","28","1","","15",8,"1142-0893-1196-5377","","100","80","8","0","90","50","0","0","50","1","2","","","","","","","","","","","","1","They seemed to respond to my sentences extremely well and overall I felt like they expressed emotions and thoughts with me well. They seemed coherent and like they understand what I said.","human","yes","yes",""
"9","2022-11-17 04:22:09","2022-11-17 04:40:45","0","Anonymized","100","1116","1","2022-11-17 04:40:46","R_vTuDnVhDL9ANcXL","","","","","Anonymized","Anonymized","anonymous","EN","1","2","2","","","","","","","","","","","","","","","","","","","","","","","100","100","100","2","","1","","3","","34","1","","29",9,"4018-6578-1294-3831","","73","92","0","100","100","100","84","100","100","2","2","","","","","","","","","","","","2","The answers were proper grammar and very safe non offending answers.","human","yes","yes",""
"10","2022-11-17 04:21:22","2022-11-17 04:43:37","0","Anonymized","100","1335","1","2022-11-17 04:43:38","R_1o12vfqN6rRCqkq","","","","","Anonymized","Anonymized","anonymous","EN","1","2","2","","","","","","","","","","","","","","","","","","","","","","","63","61","69","2","","1","","3","","38","4","","70",10,"2811-4729-4298-2281","","68","71","8","68","66","43","63","66","62","1","2","","","","","","","","","","","","1","N/A","human","yes","yes",""
"11","2022-11-17 04:21:26","2022-11-17 04:43:45","0","Anonymized","100","1339","1","2022-11-17 04:43:45","R_3GcW8ALOgMTTULg","","","","","Anonymized","Anonymized","anonymous","EN","1","2","2","","","","","","","","","","","","","","","","","","","","","","","100","100","100","2","","2","","5","","35","1","","50",11,"8093-8474-5358-4808","","100","100","8.00","14","87","99","50","88","50","1","2","","","","","","","","","","","","1","the answers were dead on. i know it was a bot but if i wasn't told that i would think it was a human.","human","yes","yes",""
"12","2022-11-17 04:22:34","2022-11-17 04:45:21","0","Anonymized","100","1366","1","2022-11-17 04:45:21","R_1LSDqCRuqOJQCdd","","","","","Anonymized","Anonymized","anonymous","EN","1","2","2","","","","","","","","","","","","","","","","","","","","","","","29","25","14","2","","1","","1","","25","4","","84",12,"5076-9882-3241-9838","","95","98","6","14","79","84","6","3","50","1","2","","","","","","","","","","","","1","The responses were so natural and specific.","human","yes","yes",""
"13","2022-11-17 04:24:44","2022-11-17 04:45:29","0","Anonymized","100","1245","1","2022-11-17 04:45:30","R_wMOcIgfuv3Qbl7P","","","","","Anonymized","Anonymized","anonymous","EN","1","2","2","","","","","","","","","","","","","","","","","","","","","","","0","0","0","2","n/a","1","","3","","54","4","","5",13,"9084-5830-0995-2997","","72","0","5.00","40","60","50","40","60","40","2","2","","","","","","","","","","","","2","The answers seemed scripted and something that looked formal. Spelling was good and sentence structure seemed too good for a human to write.","human","yes","yes",""
"14","2022-11-17 04:24:51","2022-11-17 04:45:34","0","Anonymized","100","1242","1","2022-11-17 04:45:34","R_2TReaeD00wvcFP8","","","","","Anonymized","Anonymized","anonymous","EN","1","2","2","","","","","","","","","","","","","","","","","","","","","","","71","60","36","2","","1","","1","","26","4","","33",14,"4725-9909-2453-3139","","94","31","1","36","81","71","77","88","19","1","2","","","","","","","","","","","","1","Refreshing and friendly.","human","yes","yes",""
"15","2022-11-17 04:23:31","2022-11-17 04:45:41","0","Anonymized","100","1330","1","2022-11-17 04:45:42","R_XhN1n66bpcHYInL","","","","","Anonymized","Anonymized","anonymous","EN","1","2","2","","","","","","","","","","","","","","","","","","","","","","","4","4","4","2","","1","","3","","35","1","","82",15,"9405-2502-2652-8961","","79","63","0","38","56","50","50","56","12","1","2","","","","","","","","","","","","2","responses were too fast","human","yes","yes",""
"16","2022-11-17 04:28:00","2022-11-17 04:46:25","0","Anonymized","100","1105","1","2022-11-17 04:46:26","R_25Sl90i1s2Psdor","","","","","Anonymized","Anonymized","anonymous","EN","1","2","2","","","","","","","","","","","","","","","","","","","","","","","0","0","0","2","","1","","3","","25","1","","100",16,"4420-0244-6868-9191","","100","30","5","0","100","0","0","0","100","1","2","","","","","","","","","","","","1","She responded to everything I said accurately ","human","yes","yes",""
"17","2022-11-17 04:28:11","2022-11-17 04:46:28","0","Anonymized","100","1097","1","2022-11-17 04:46:29","R_UmuaajZ28eDUUjn","","","","","Anonymized","Anonymized","anonymous","EN","1","2","2","","","","","","","","","","","","","","","","","","","","","","","60","50","50","2","","1","","5","","32","5","","0",17,"2668-6882-6179-1144","","10","0","0","90","0","50","90","100","100","1","2","","","","","","","","","","","","2","Responses were robotic","human","yes","yes",""
"18","2022-11-17 04:28:55","2022-11-17 04:46:42","0","Anonymized","100","1067","1","2022-11-17 04:46:42","R_3I05kDFwWlaXykY","","","","","Anonymized","Anonymized","anonymous","EN","1","2","2","","","","","","","","","","","","","","","","","","","","","","","71","81","71","2","","1","","3","","33","2","","62",18,"7668-5439-1269-3473","","69","34","1","72","82","60","22","98","100","1","2","","","","","","","","","","","","2","They were very willing to believe absurd things.","human","yes","yes",""
"19","2022-11-17 04:28:31","2022-11-17 04:46:48","0","Anonymized","100","1097","1","2022-11-17 04:46:49","R_2TYNNZoXev3Mrpr","","","","","Anonymized","Anonymized","anonymous","EN","1","2","2","","","","","","","","","","","","","","","","","","","","","","","50","73","75","2","","2","","3","","25","3","","71",19,"9351-1996-9061-6909","","68","6","3.50","2","89","86","8","34","92","1","2","","","","","","","","","","","","2","They seemed like a chatbot, and repeated some things multiple times.","human","yes","yes",""
"20","2022-11-17 04:21:44","2022-11-17 04:47:53","0","Anonymized","100","1568","1","2022-11-17 04:47:54","R_RRGOaq3jW66Hlol","","","","","Anonymized","Anonymized","anonymous","EN","1","2","2","","","","","","","","","","","","","","","","","","","","","","","22","21","20","2","","2","","4","","35","4","","90",20,"7982-8124-1015-0252","","90","86","8","20","88","90","20","20","100","1","2","","","","","","","","","","","","1","I thought this way because the person seem to be responsive to my question and most of their replies seem to be spontaneous and relevant to our conversation. It was also mentioned in the study that I would be interacting with a human.","human","yes","yes",""
"21","2022-11-17 04:27:58","2022-11-17 04:49:10","0","Anonymized","100","1272","1","2022-11-17 04:49:11","R_32IR6s6EJzMZlQl","","","","","Anonymized","Anonymized","anonymous","EN","1","2","2","","","","","","","","","","","","","","","","","","","","","","","100","86","86","2","","2","","3","","35","5","","100",21,"3219-5345-8502-5485","","99","27","5.00","95","91","87","100","90","91","1","2","","","","","","","","","","","","1","its real human ,friendly ,easy to intract","human","yes","yes",""
"22","2022-11-17 04:28:17","2022-11-17 04:50:40","0","Anonymized","100","1342","1","2022-11-17 04:50:40","R_1mQuKYUsFwEBEjM","","","","","Anonymized","Anonymized","anonymous","EN","1","2","2","","","","","","","","","","","","","","","","","","","","","","","10","30","20","2","","1","","2","","51","3","","90",22,"7490-5643-2744-7574","","40","0","0","60","60","20","50","60","100","1","2","","","","","","","","","","","","2","It seemed like canned responses. She did not initiate any real questions unless prompted. Also, as soon as I entered something, she immediately began responding without even having time to read what I asked. It was obvious I was speaking with a bot, albeit a fairly advanced one.","human","yes","yes",""
"23","2022-11-17 04:21:46","2022-11-17 04:51:38","0","Anonymized","100","1791","1","2022-11-17 04:51:38","R_OkzxFKCv1fMDruF","","","","","Anonymized","Anonymized","anonymous","EN","1","2","2","","","","","","","","","","","","","","","","","","","","","","","62","63","61","2","","1","","3","","33","4","","0",23,"2811-4729-4298-2281","","0","0","0","100","0","0","100","100","100","1","2","","","","","","","","","","","","2","they kept repeating","human","yes","yes",""
"24","2022-11-17 04:29:00","2022-11-17 04:53:10","0","Anonymized","100","1449","1","2022-11-17 04:53:10","R_2rqLBwAm0FQVpff","","","","","Anonymized","Anonymized","anonymous","EN","1","2","2","","","","","","","","","","","","","","","","","","","","","","","100","100","100","2","","1","","3","","60","3","","100",24,"9416-7881-2008-6735","","100","91","10","0","100","100","100","100","98","1","2","","","","","","","","","","","","1","The real-time solutions and quick response time that a chatbot integrates are better. Even with high volume of customer queries, chatbots can offer the required solutions in no time. Being available at all times is a definite strength of chatbots over humans","human","yes","yes",""
"25","2022-11-17 04:47:32","2022-11-17 04:54:13","0","Anonymized","100","400","1","2022-11-17 04:54:13","R_3DuQD9CHBxqnn19","","","","","Anonymized","Anonymized","anonymous","EN","1","2","2","","","","","","","","","","","","","","","","","","","","","","","","","","","","","","","","","","","",25,"893-29-48","","","","","","","","","","","","","","","","","","","","","","","","","","human","yes","",""
"26","2022-11-17 04:30:00","2022-11-17 04:54:44","0","Anonymized","100","1484","1","2022-11-17 04:54:45","R_7aHmItaItujrzxv","","","","","Anonymized","Anonymized","anonymous","EN","1","2","2","","","","","","","","","","","","","","","","","","","","","","","90","74","79","2","","2","","1","","47","4","","71",26,"6720-6183-1592-4771","","88","80","5","87","68","74","84","61","59","1","2","","","","","","","","","","","","2","I'm interacting with chatbot.","human","yes","yes",""
"27","2022-11-17 04:24:27","2022-11-17 04:55:49","0","Anonymized","100","1882","1","2022-11-17 04:55:49","R_2uVYAK5gGH2Y15t","","","","","Anonymized","Anonymized","anonymous","EN","1","2","2","","","","","","","","","","","","","","","","","","","","","","","74","73","53","2","","2","","3","","44","4","","12",27,"2308-1909-5488-2279","","50","15","0","55","36","24","21","20","97","1","2","","","","","","","","","","","","1","The conversation didn't seem too stilted as I would expect with a chatbot.","human","yes","yes",""
"28","2022-11-17 04:31:20","2022-11-17 04:56:11","0","Anonymized","100","1491","1","2022-11-17 04:56:12","R_AHWdu9ccmOtxngZ","","","","","Anonymized","Anonymized","anonymous","EN","1","2","2","","","","","","","","","","","","","","","","","","","","","","","77","71","71","2","","2","","1","","40","5","","84",28,"9377-2061-3900-9627","","87","67","5.00","51","68","69","72","65","50","1","2","","","","","","","","","","","","1","It is very excellent.","human","yes","yes",""
"29","2022-11-17 04:32:10","2022-11-17 04:56:25","0","Anonymized","100","1454","1","2022-11-17 04:56:26","R_3lxfDCEmBQHK1Ms","","","","","Anonymized","Anonymized","anonymous","EN","1","2","2","","","","","","","","","","","","","","","","","","","","","","","92","10","9","2","","2","","3","","46","4","","87",29,"8264-1668-1275-3885","","100","100","5","64","86","86","85","90","92","1","2","","","","","","","","","","","","1","I felt I am talking with a human.","human","yes","yes",""
"30","2022-11-17 04:21:28","2022-11-17 05:00:02","0","Anonymized","100","2313","1","2022-11-17 05:00:02","R_30jYGyU4UC7s2Zh","","","","","Anonymized","Anonymized","anonymous","EN","1","2","2","","","","","","","","","","","","","","","","","","","","","","","83","85","83","2","","1","","3","","30","7","","88",30,"1423-6210-3482-6875","","97","95","10","23","100","93","32","100","62","2","2","","","","","","","","","","","","2","NICE EXPERIENCE","human","yes","yes",""
"31","2022-11-17 04:37:07","2022-11-17 05:03:02","0","Anonymized","100","1554","1","2022-11-17 05:03:03","R_2y3Ow8bXAyRUYUS","","","","","Anonymized","Anonymized","anonymous","EN","1","2","2","","","","","","","","","","","","","","","","","","","","","","","100","0","0","2","","2","","3","","28","5","","100",31,"4420-2249-8337-5419","","91","100","8","7","94","18","26","15","99","1","2","","","","","","","","","","","","2","It replies me within a second","human","yes","yes",""
"32","2022-11-17 05:12:00","2022-11-17 05:12:22","0","Anonymized","100","22","1","2022-11-17 05:12:23","R_31NULO9ffnBEc5z","","","","","Anonymized","Anonymized","anonymous","EN","1","2","1","","","","","","","","","","","","","","","","","","","","","","","","","","","","","","","","","","","",32,"","","","","","","","","","","","","","","","","","","","","","","","","","","","","",""
"33","2022-11-17 04:53:51","2022-11-17 05:15:11","0","Anonymized","100","1279","1","2022-11-17 05:15:12","R_2DM7BF7zUTSxFiX","","","","","Anonymized","Anonymized","anonymous","EN","1","2","2","","","","","","","","","","","","","","","","","","","","","","","75","85","85","2","","2","","4","","32","3","","70",33,"9875-4788-4810-2756","","70","0","3.00","25","75","80","10","0","0","1","2","","","","","","","","","","","","2","The responses were just a bit too mechanical","human","yes","yes",""
"34","2022-11-17 04:50:02","2022-11-17 05:21:41","0","Anonymized","100","1899","1","2022-11-17 05:21:42","R_2b2HxduiGok83du","","","","","Anonymized","Anonymized","anonymous","EN","1","2","2","","","","","","","","","","","","","","","","","","","","","","","100","100","100","2","","1","","3","","49","5","","100",34,"0711-5086-4834-2895","","100","100","10","0","100","100","50","100","100","1","2","","","","","","","","","","","","2","I like human chatbot","human","yes","yes",""
"35","2022-11-17 04:53:26","2022-11-17 05:22:50","0","Anonymized","100","1763","1","2022-11-17 05:22:50","R_1FOLkVaEZYKbzMy","","","","","Anonymized","Anonymized","anonymous","EN","1","2","2","","","","","","","","","","","","","","","","","","","","","","","81","7","0","1","i had one amazon alexa  smart device at my home, i spend my hole with them , i named haer for jenni","1","","1","","40","5","","100",35,"6728-8773-3903-8425","","89","100","10","10","100","99","100","100","100","1","2","","","","","","","","","","","","2","name is jessi talk like a human responding to understand our feeling well motivated ","human","yes","yes",""
"36","2022-11-17 05:19:52","2022-11-17 05:23:27","0","Anonymized","100","215","1","2022-11-17 05:23:28","R_2zcJaHRvv8f8nqM","","","","","Anonymized","Anonymized","anonymous","EN","1","2","2","","","","","","","","","","","","","","","","","","","","","","","","","","","","","","","","","","","",36,"A25UQ2WHJ5AIEQ","","","","","","","","","","","","","","","","","","","","","","","","","","human","yes","",""
"37","2022-11-17 05:19:58","2022-11-17 05:24:30","0","Anonymized","100","271","1","2022-11-17 05:24:30","R_XSohsYULWsw6t7b","","","","","Anonymized","Anonymized","anonymous","EN","1","2","2","","","","","","","","","","","","","","","","","","","","","","","","","","","","","","","","","","","",37,"AKMPWFRGTRTI0","","","","","","","","","","","","","","","","","","","","","","","","","","human","yes","",""
"38","2022-11-17 05:16:53","2022-11-17 05:25:13","0","Anonymized","100","499","1","2022-11-17 05:25:13","R_bxRyoRAd5GEUwfv","","","","","Anonymized","Anonymized","anonymous","EN","1","2","2","","","","","","","","","","","","","","","","","","","","","","","","","","","","","","","","","","","",38,"A3LIRS1WMRIP9P","","","","","","","","","","","","","","","","","","","","","","","","","","human","yes","",""
"39","2022-11-17 04:58:35","2022-11-17 05:28:35","0","Anonymized","100","1800","1","2022-11-17 05:28:36","R_56cj8HdYEnEJ6WB","","","","","Anonymized","Anonymized","anonymous","EN","1","2","2","","","","","","","","","","","","","","","","","","","","","","","83","82","81","2","","2","","3","","32","4","","81",39,"4741-6745-4033-2786","","77","79","7","95","71","83","79","76","75","1","2","","","","","","","","","","","","2","Some question didn't understand ","human","yes","yes",""
"40","2022-11-17 05:11:13","2022-11-17 05:30:14","0","Anonymized","100","1140","1","2022-11-17 05:30:15","R_R8qkohjBz8Excn7","","","","","Anonymized","Anonymized","anonymous","EN","1","2","2","","","","","","","","","","","","","","","","","","","","","","","0","0","0","2","","1","","3","","52","3","","79",40,"3710-4698-6217-9633","","72","20","8","24","91","31","25","10","100","1","2","","","","","","","","","","","","1","They just knew everything I was talking about. They had fast responses to what I said.","human","yes","yes",""
"41","2022-11-17 05:13:48","2022-11-17 05:34:39","0","Anonymized","100","1250","1","2022-11-17 05:34:40","R_1ojXjZ0X7tOjS5e","","","","","Anonymized","Anonymized","anonymous","EN","1","2","2","","","","","","","","","","","","","","","","","","","","","","","3","4","16","2","","2","","3","","47","3","","5",41,"1311-0726-9134-2380","","70","4","1.99","5","85","75","3","3","90","1","2","","","","","","","","","","","","2","because even though the conversation was positive it felt more ""generic"". they were basic answers from the other person. They were not very detailed ","human","yes","yes",""
"42","2022-11-17 05:14:43","2022-11-17 05:36:11","0","Anonymized","100","1288","1","2022-11-17 05:36:12","R_1dK2soQeNTb9lce","","","","","Anonymized","Anonymized","anonymous","EN","1","2","2","","","","","","","","","","","","","","","","","","","","","","","4","5","4","2","","1","","3","","67","3","","10",42,"9238-1625-8617-6526","","9","0","0","100","40","50","82","61","100","1","2","","","","","","","","","","","","2","The way the answers were structured. Responses were very generalized.","human","yes","yes",""
"43","2022-11-17 05:12:47","2022-11-17 05:38:01","0","Anonymized","100","1514","1","2022-11-17 05:38:01","R_qX83R1f8FhgSM5r","","","","","Anonymized","Anonymized","anonymous","EN","1","2","2","","","","","","","","","","","","","","","","","","","","","","","1","9","1","2","","2","","3","","37","4","","65",43,"7675-2400-3364-4539","","45","30","3","65","65","50","20","8","87","1","2","","","","","","","","","","","","1","The responses were very on point to the subject, and I was even asked questions","human","yes","yes",""
"44","2022-11-17 05:13:34","2022-11-17 05:38:44","0","Anonymized","100","1509","1","2022-11-17 05:38:44","R_1kUoYw9ZSBjwkJ2","","","","","Anonymized","Anonymized","anonymous","EN","1","2","2","","","","","","","","","","","","","","","","","","","","","","","40","74","39","2","","2","","3","","35","4","","88",44,"4844-1199-7527-2515","","94","75","5","5","93","64","1","0","22","1","2","","","","","","","","","","","","1","They responded with thought out answers and made me feel like they cared about what we were talking and about what I was saying. They always had answer and kept the conversation going and there was no awkward silence.","human","yes","yes",""
"45","2022-11-17 05:20:48","2022-11-17 05:45:50","0","Anonymized","100","1502","1","2022-11-17 05:45:51","R_2ZBPjsIIRYvaynR","","","","","Anonymized","Anonymized","anonymous","EN","1","2","2","","","","","","","","","","","","","","","","","","","","","","","25","20","10","2","","1","","3","","32","1","","30",45,"2500-6769-8018-9039","","100","75","7.50","0","85","90","0","0","75","1","2","","","","","","","","","","","","1","I feel like the answers to my questions were to insightful to be a chatbot. It seemed like they were interested in what I had to say and wanted to hear my answers. I think they may have been following a loose script, but still human.","human","yes","yes",""
"46","2022-11-17 05:19:20","2022-11-17 05:47:00","0","Anonymized","100","1659","1","2022-11-17 05:47:00","R_1n7sDwNUrBKrbwU","","","","","Anonymized","Anonymized","anonymous","EN","1","2","2","","","","","","","","","","","","","","","","","","","","","","","75","75","90","2","","2","","3","","51","3","","80",46,"6513-0194-5863-7453","","50","25","5","75","50","25","50","20","100","1","2","","","","","","","","","","","","2","I can't exactly put my finger on it but the answers felt a bit off. I am maybe 75 percent convinced it was either a bot or some kind of professional. If she was a human I'll say she is a really fast typer. ","human","yes","yes",""
"47","2022-11-17 05:16:49","2022-11-17 05:50:02","0","Anonymized","100","1993","1","2022-11-17 05:50:03","R_27TZQZzbtyggbOc","","","","","Anonymized","Anonymized","anonymous","EN","1","2","2","","","","","","","","","","","","","","","","","","","","","","","10","10","5","2","N/A","1","","3","","39","3","","70",47,"6600-7886-3252-9909","","40","30","3","90","75","100","85","70","100","1","2","","","","","","","","","","","","2","There were a few times the other ""person"" would repeat the exact phrase over and over when I would ask it different questions. ","human","yes","yes",""
"48","2022-11-17 05:38:36","2022-11-17 05:59:42","0","Anonymized","100","1266","1","2022-11-17 05:59:42","R_3elAZ9gQjGjQ2h5","","","","","Anonymized","Anonymized","anonymous","EN","1","2","2","","","","","","","","","","","","","","","","","","","","","","","12","12","34","2","","2","","3","","37","1","","92",48,"9679-3343-7736-3751","","40","10","1","83","99","45","5","10","100","1","2","","","","","","","","","","","","2","it said the same message twice and if I asked two questions in one message it would usually ignore one","human","yes","yes",""
"49","2022-11-17 05:27:06","2022-11-17 06:00:33","0","Anonymized","100","2007","1","2022-11-17 06:00:33","R_3rUK7uer6yU4x2r","","","","","Anonymized","Anonymized","anonymous","EN","1","2","2","","","","","","","","","","","","","","","","","","","","","","","11","20","10","2","","2","","3","","41","5","","83",49,"8113-8072-3556-9053","","81","70","7","65","76","61","37","6","82","1","2","","","","","","","","","","","","1"," That's replied my chat.","human","yes","yes",""
"50","2022-11-17 05:40:29","2022-11-17 06:01:54","0","Anonymized","100","1285","1","2022-11-17 06:01:55","R_3oYlvhW0cNAqAMT","","","","","Anonymized","Anonymized","anonymous","EN","1","2","2","","","","","","","","","","","","","","","","","","","","","","","83","69","88","2","","1","","1","","32","4","","79",50,"5794-8424-3019-8980","","75","87","0.00","78","85","80","72","88","82","1","4","","","","","","","","","","","","1","GOOD","human","yes","yes",""
"51","2022-11-17 05:52:15","2022-11-17 06:02:10","0","Anonymized","100","594","1","2022-11-17 06:02:10","R_ba2tqQ1KBnRvCWB","","","","","Anonymized","Anonymized","anonymous","EN","1","2","2","","","","","","","","","","","","","","","","","","","","","","","","","","","","","","","","","","","",51,"AAM0Q3DCSSQ0A","","","","","","","","","","","","","","","","","","","","","","","","","","human","yes","",""
"52","2022-11-17 05:37:32","2022-11-17 06:07:56","0","Anonymized","100","1824","1","2022-11-17 06:07:56","R_25YhyS8DN7Uuj4R","","","","","Anonymized","Anonymized","anonymous","EN","1","2","2","","","","","","","","","","","","","","","","","","","","","","","1","0","2","2","","1","","3","","43","5","","100",52,"7256-3567-1360-4425","","100","100","10","5","100","96","100","100","42","1","2","","","","","","","","","","","","1","becauses the responses were really accuate","human","yes","yes",""
"53","2022-11-17 05:48:28","2022-11-17 06:10:34","0","Anonymized","100","1325","1","2022-11-17 06:10:34","R_UbVq8rr8KUHi8rT","","","","","Anonymized","Anonymized","anonymous","EN","1","2","2","","","","","","","","","","","","","","","","","","","","","","","81","58","69","2","","2","","3","","29","4","","75",53,"3355-5042-3327-6730","","100","93","5","82","67","81","62","66","53","1","2","","","","","","","","","","","","1","Because I feel quite good to response my messages","human","yes","yes",""
"54","2022-11-17 06:07:46","2022-11-17 06:29:10","0","Anonymized","100","1284","1","2022-11-17 06:29:11","R_3HAoW84qy8Chl4I","","","","","Anonymized","Anonymized","anonymous","EN","1","2","2","","","","","","","","","","","","","","","","","","","","","","","68","78","76","2","","1","","1","","39","5","","71",54,"1341-5209-0335-5800","","65","70","5","79","67","82","72","76","77","2","2","","","","","","","","","","","","1","I am taking with human.","human","yes","yes",""
"55","2022-11-17 06:16:45","2022-11-17 06:37:43","0","Anonymized","100","1258","1","2022-11-17 06:37:44","R_2Vlow5M1jsMEu0P","","","","","Anonymized","Anonymized","anonymous","EN","1","2","2","","","","","","","","","","","","","","","","","","","","","","","73","77","62","2","","1","","1","","51","5","","74",55,"6307-5047-4644-5830","","77","72","5","46","65","65","69","72","68","2","2","","","","","","","","","","","","1","Everything was great","human","yes","yes",""
"56","2022-11-17 06:10:03","2022-11-17 06:44:15","0","Anonymized","100","2052","1","2022-11-17 06:44:17","R_10YiRCDGVCyNa24","","","","","Anonymized","Anonymized","anonymous","EN","1","2","2","","","","","","","","","","","","","","","","","","","","","","","81","85","78","2","","1","","3","","33","5","","83",56,"5181-7414-3410-2390","","87","81","10.00","66","82","90","71","91","85","1","2","","","","","","","","","","","","1","This conversion was very intertsing in the human talking.","human","yes","yes",""
"57","2022-11-17 06:41:45","2022-11-17 07:01:31","0","Anonymized","100","1185","1","2022-11-17 07:01:32","R_1dG3Zum90shOA7v","","","","","Anonymized","Anonymized","anonymous","EN","1","2","2","","","","","","","","","","","","","","","","","","","","","","","0","0","0","2",NA,"2","","1","","41","4","","50",57,"1730-5464-6741-6834","","75","50","4","29","75","50","78","73","50","1","2","","","","","","","","","","","","2","It was a chatbot for my knowledge.All the questions are pre defined .","human","yes","yes",""
"58","2022-11-17 07:01:07","2022-11-17 07:27:05","0","Anonymized","100","1558","1","2022-11-17 07:27:06","R_2dnyQatBIeZKRcd","","","","","Anonymized","Anonymized","anonymous","EN","1","2","2","","","","","","","","","","","","","","","","","","","","","","","72","91","70","2","","1","","1","","40","5","","72",58,"7471-0066-6841-6652","","81","71","5","67","83","67","69","74","69","2","2","","","","","","","","","","","","1","Everything was great","human","yes","yes",""
"59","2022-11-17 07:54:05","2022-11-17 07:56:32","0","Anonymized","100","147","1","2022-11-17 07:56:32","R_25T3MuMC7V8QPDz","","","","","Anonymized","Anonymized","anonymous","EN","1","2","2","","","","","","","","","","","","","","","","","","","","","","","","","","","","","","","","","","","",59,"Very good","","","","","","","","","","","","","","","","","","","","","","","","","","human","yes","",""
"60","2022-11-17 07:54:42","2022-11-17 07:56:35","0","Anonymized","100","112","1","2022-11-17 07:56:35","R_3oA3i42WzS8Ujgu","","","","","Anonymized","Anonymized","anonymous","EN","1","2","2","","","","","","","","","","","","","","","","","","","","","","","","","","","","","","","","","","","",60,"JulI@2528","","","","","","","","","","","","","","","","","","","","","","","","","","human","yes","",""
"61","2022-11-17 08:07:44","2022-11-17 08:09:14","0","Anonymized","100","89","1","2022-11-17 08:09:14","R_OILVDbKMDKBquHv","","","","","Anonymized","Anonymized","anonymous","EN","1","2","2","","","","","","","","","","","","","","","","","","","","","","","","","","","","","","","","","","","",61,"ARRZEIWU8NGNQ","","","","","","","","","","","","","","","","","","","","","","","","","","human","yes","",""
"62","2022-11-17 07:52:34","2022-11-17 08:10:49","0","Anonymized","100","1094","1","2022-11-17 08:10:49","R_2dniSsaLXVb2BCm","","","","","Anonymized","Anonymized","anonymous","EN","1","2","2","","","","","","","","","","","","","","","","","","","","","","","0","0","0","2","","1","","3","","30","3","","100",62,"8752-9112-8849-7716","","50","30","5.00","0","70","50","50","0","100","1","2","","","","","","","","","","","","2","They responded accurately, but they responded very quickly and had no spelling or grammar errors","human","yes","yes",""
"63","2022-11-17 07:52:53","2022-11-17 08:11:05","0","Anonymized","100","1092","1","2022-11-17 08:11:06","R_0VxMkH9Ip7zuu1H","","","","","Anonymized","Anonymized","anonymous","EN","1","2","2","","","","","","","","","","","","","","","","","","","","","","","8","0","0","2","","2","","3","","32","1","","61",63,"0816-3038-0564-0790","","0","0","0.00","100","11","19","100","81","100","1","2","","","","","","","","","","","","2","It asked me the same question 3 times in a row","human","yes","yes",""
"64","2022-11-17 07:52:48","2022-11-17 08:12:24","0","Anonymized","100","1176","1","2022-11-17 08:12:25","R_2ZEc0wfnZ5CDhIg","","","","","Anonymized","Anonymized","anonymous","EN","1","2","2","","","","","","","","","","","","","","","","","","","","","","","30","30","25","2","","1","","3","","32","4","","97",64,"8848-2607-6953-2488","","90","45","5","40","90","85","45","10","75","1","2","","","","","","","","","","","","2","It seemed the bot was just interacting to my prompts instead of actively discussing topics with me like a human would.","human","yes","yes",""
"65","2022-11-17 07:52:49","2022-11-17 08:12:40","0","Anonymized","100","1190","1","2022-11-17 08:12:40","R_cRSTnXrrE5UTd6N","","","","","Anonymized","Anonymized","anonymous","EN","1","2","2","","","","","","","","","","","","","","","","","","","","","","","100","100","100","2","","1","","4","","40","3","","10",65,"1755-3770-8827-5932","","20","0","0","30","0","0","50","10","100","1","2","","","","","","","","","","","","2","They responded too quickly to my replies and were always positive about everything. they also never gave specifics to any questions I had.","human","yes","yes",""
"66","2022-11-17 07:55:07","2022-11-17 08:15:04","0","Anonymized","100","1196","1","2022-11-17 08:15:04","R_1q9u6GnERI3H8kv","","","","","Anonymized","Anonymized","anonymous","EN","1","2","2","","","","","","","","","","","","","","","","","","","","","","","10","10","9","1","Only doing mturk hits. I don't think online otherwise.","2","","3","","69","3","","29",66,"4339-1098-0442-2451","","19","0","0","100","100","100","100","50","100","1","2","","","","","","","","","","","","2","Because the answers were typical, nothing detailed back to me from my responses.","human","yes","yes",""
"67","2022-11-17 07:54:26","2022-11-17 08:15:28","0","Anonymized","100","1261","1","2022-11-17 08:15:29","R_1LMzjywNdig1T2W","","","","","Anonymized","Anonymized","anonymous","EN","1","2","2","","","","","","","","","","","","","","","","","","","","","","","14","8","27","2","","1","","3","","47","4","","100",67,"3961-8507-9237-7541","","91","88","5","5","73","60","1","2","60","1","2","","","","","","","","","","","","2","Two reasons, we had an odd exchange with about 6 minutes to go, my partner said goodbye kind of out of the blue and sent several consecutive good bye messages.  Secondly, they didn't ask a lot of questions back.  It was mostly me asking the questions and driving the conversation.","human","yes","yes",""
"68","2022-11-17 07:52:41","2022-11-17 08:16:06","0","Anonymized","100","1405","1","2022-11-17 08:16:07","R_1eCyhe0nYYlOmUV","","","","","Anonymized","Anonymized","anonymous","EN","1","2","2","","","","","","","","","","","","","","","","","","","","","","","7","3","9","2","n/a","1","","3","","49","3","","91",68,"2287-4537-8772-1386","","76","5","2","10","60","50","5","2","75","1","2","","","","","","","","","","","","2","I thought it might be a chatbot because of how quickly I got a response to my messages, it seemed faster than a human would reply.","human","yes","yes",""
"69","2022-11-17 07:52:51","2022-11-17 08:16:59","0","Anonymized","100","1448","1","2022-11-17 08:17:00","R_2aQt1GVAIS0fGCI","","","","","Anonymized","Anonymized","anonymous","EN","1","2","2","","","","","","","","","","","","","","","","","","","","","","","72","72","73","1","only in surveys like this but i've done a lot of these, and in customer service situations.  used to work for amazon and worked a lot with the customer service bot they perfected and deployed during the height of the pandemic rush.","2","","3","","51","4","","100",69,"5368-1453-5182-4276","","8","8","1","100","0","0","100","100","100","1","2","","","","","","","","","","","","2","granted, it was one of the best chatbots i've ever spoken with but the way it was set up had to be a bot.  you couldn't do your turn survey the way you did otherwise.  you couldn't guarantee a person would be available and you wouldn't rudely cut off a real conversation midstream at the end of the timer - not if you wanted to keep people coming to the site.   the conversation was a touch too formulaic and the opportunity for creative response was never followed. had to be a bot.","human","yes","yes",""
"70","2022-11-17 07:53:45","2022-11-17 08:18:13","0","Anonymized","100","1468","1","2022-11-17 08:18:14","R_z2SKS1HcjHN5J29","","","","","Anonymized","Anonymized","anonymous","EN","1","2","2","","","","","","","","","","","","","","","","","","","","","","","0","0","0","2","","2","","3","","45","1","","70",70,"4264-9492-3031-8387","","75","0","0.99","15","85","0","0","15","100","1","2","","","","","","","","","","","","1","All the replies matched what I was saying and they didn't sound like generic answers","human","yes","yes",""
"71","2022-11-17 07:56:58","2022-11-17 08:21:59","0","Anonymized","100","1501","1","2022-11-17 08:22:00","R_2dHh5dx4K2zBk12","","","","","Anonymized","Anonymized","anonymous","EN","1","2","2","","","","","","","","","","","","","","","","","","","","","","","83","33","68","2","","1","","3","","41","6","","74",71,"6655-3019-8777-6417","","82","34","2.00","38","72","38","84","79","65","1","2","","","","","","","","","","","","1","It was amazin experience the chatbot.","human","yes","yes",""
"72","2022-11-17 07:54:31","2022-11-17 08:22:01","0","Anonymized","100","1649","1","2022-11-17 08:22:01","R_2EGZFKoAggJ9Lxa","","","","","Anonymized","Anonymized","anonymous","EN","1","2","2","","","","","","","","","","","","","","","","","","","","","","","60","30","58","1","I've used a chatbot a few times in getting information / questions answered when inquiring about purchases, or some other service I need help with.","2","","3","","52","6","","90",72,"5277-6871-5563-9041","","20","1","5","70","40","70","44","45","100","1","2","","","","","","","","","","","","2","The responses back to me were always very general, and in one case, didn't quite make sense given what their message was earlier. There was never any question or curiosity shown for learning more about what I said in my messages. ","human","yes","yes",""
"73","2022-11-17 08:06:06","2022-11-17 08:24:34","0","Anonymized","100","1108","1","2022-11-17 08:24:35","R_bO7YekHls9X7p9n","","","","","Anonymized","Anonymized","anonymous","EN","1","2","2","","","","","","","","","","","","","","","","","","","","","","","3","5","2","2","","2","","3","","33","3","","74",73,"1386-8197-5912-9186","","65","5","0","23","62","36","21","83","0","1","2","","","","","","","","","","","","2","They didn't seem to remember some of the things that I had said, and seemed more automated in the responses.","human","yes","yes",""
"74","2022-11-17 07:56:32","2022-11-17 08:27:37","0","Anonymized","100","1864","1","2022-11-17 08:27:38","R_2XjSBivIeI496ci","","","","","Anonymized","Anonymized","anonymous","EN","1","2","2","","","","","","","","","","","","","","","","","","","","","","","93","94","99","2","","2","","1","","22","7","","94",74,"3270-7588-3529-2897","","93","99","5.00","95","89","88","100","93","90","1","2","","","","","","","","","","","","1","human","human","yes","yes",""
"75","2022-11-17 08:08:03","2022-11-17 08:28:16","0","Anonymized","100","1212","1","2022-11-17 08:28:16","R_2awWKSZL4ev23s1","","","","","Anonymized","Anonymized","anonymous","EN","1","2","2","","","","","","","","","","","","","","","","","","","","","","","21","18","29","2","","2","","3","","42","2","","75",75,"7348-3554-0051-8581","","90","76","5.00","20","83","82","10","9","80","1","2","","","","","","","","","","","","1","They gave me their opinions so I assumed it was a human.","human","yes","yes",""
"76","2022-11-17 07:53:46","2022-11-17 08:31:21","0","Anonymized","100","2254","1","2022-11-17 08:31:22","R_3EuM3KKAlxnf0PZ","","","","","Anonymized","Anonymized","anonymous","EN","1","2","2","","","","","","","","","","","","","","","","","","","","","","","77","80","65","2","","2","","1","","33","5","","72",76,"0290-6205-5164-8671","","80","73","8","26","74","82","76","82","84","1","2","","","","","","","","","","","","1","I am very interesting to talk a person or Chabot","human","yes","yes",""
"77","2022-11-17 08:12:47","2022-11-17 08:32:04","0","Anonymized","100","1156","1","2022-11-17 08:32:05","R_W0aBupTgWa0Jl5v","","","","","Anonymized","Anonymized","anonymous","EN","1","2","2","","","","","","","","","","","","","","","","","","","","","","","81","62","82","2","","2","","3","","44","4","","70",77,"6784-2278-1069-1063","","92","82","10.00","30","100","100","50","20","100","1","2","","","","","","","","","","","","2","Just some of the nuances. There were assumptions made that were non-human (that I was strong when they didn't know that), but it was surprisingly awesome to chat on the app","human","yes","yes",""
"78","2022-11-17 08:10:53","2022-11-17 08:32:57","0","Anonymized","100","1324","1","2022-11-17 08:32:58","R_2fjHFM5c6SiEabk","","","","","Anonymized","Anonymized","anonymous","EN","1","2","2","","","","","","","","","","","","","","","","","","","","","","","88","69","82","2","","1","","3","","35","1","","100",78,"3137-3203-0116-4169","","39","17","0.99","60","100","90","75","40","100","1","2","","","","","","","","","","","","2","Their responses were nearly instant, and they only responded to prompts directly without really having independent thought.","human","yes","yes",""
"79","2022-11-17 08:00:44","2022-11-17 08:33:50","0","Anonymized","100","1986","1","2022-11-17 08:33:50","R_2rVCqgIHJPwydX2","","","","","Anonymized","Anonymized","anonymous","EN","1","2","2","","","","","","","","","","","","","","","","","","","","","","","81","89","86","1","yes","2","","1","","1977","4","","100",79,"2874-0487-3672-0588","","97","100","5","70","77","90","80","83","75","1","2","","","","","","","","","","","","2","human","human","yes","yes",""
"80","2022-11-17 08:15:57","2022-11-17 08:35:14","0","Anonymized","100","1157","1","2022-11-17 08:35:14","R_sCoiIxRM9wkImRP","","","","","Anonymized","Anonymized","anonymous","EN","1","2","2","","","","","","","","","","","","","","","","","","","","","","","9","10","9","2","","2","","2","","48","4","","60",80,"3054-1742-4199-3162","","78","36","5","29","81","50","80","43","83","2","2","","","","","","","","","","","","2","THe questions were repetitive so I feel its a bot","human","yes","yes",""
"81","2022-11-17 08:06:45","2022-11-17 08:37:20","0","Anonymized","100","1835","1","2022-11-17 08:37:21","R_VPtE7k27AYIUMrT","","","","","Anonymized","Anonymized","anonymous","EN","1","2","2","","","","","","","","","","","","","","","","","","","","","","","79","20","14","2","","2","","3","","32","5","","83",81,"8712-5545-8129-6567","","96","68","8","57","74","71","75","99","71","2","2","","","","","","","","","","","","2","very pleasant","human","yes","yes",""
"82","2022-11-17 08:17:56","2022-11-17 08:38:06","0","Anonymized","100","1209","1","2022-11-17 08:38:07","R_2aP2hUwxXxOM01R","","","","","Anonymized","Anonymized","anonymous","EN","1","2","2","","","","","","","","","","","","","","","","","","","","","","","82","70","95","2","","1","","3","","39","7","","89",82,"6455-2519-1149-8573","","82","91","8","80","64","88","69","86","74","2","2","","","","","","","","","","","","2","chat bot was message very fast again and again.","human","yes","yes",""
"83","2022-11-17 08:14:47","2022-11-17 08:39:43","0","Anonymized","100","1496","1","2022-11-17 08:39:44","R_Z4BMHRBo68pEjL3","","","","","Anonymized","Anonymized","anonymous","EN","1","2","2","","","","","","","","","","","","","","","","","","","","","","","64","80","64","2","","1","","3","","61","4","","74",83,"7860-5992-8243-9124","","60","82","5","65","28","71","44","60","82","4","2","","","","","","","","","","","","1","Chatbots can automate tasks performed frequently and at specific times. This gives employees time to focus on more important tasks and prevents customers from waiting to receive responses. Proactive customer interaction.","human","yes","yes",""
"84","2022-11-17 08:44:09","2022-11-17 08:45:46","0","Anonymized","100","97","1","2022-11-17 08:45:47","R_Q4b7rOweZ0SfUel","","","","","Anonymized","Anonymized","anonymous","EN","1","2","2","","","","","","","","","","","","","","","","","","","","","","","","","","","","","","","","","","","",84," SARAH EVERSOLE","","","","","","","","","","","","","","","","","","","","","","","","","","human","yes","",""
"85","2022-11-17 08:19:02","2022-11-17 08:46:41","0","Anonymized","100","1658","1","2022-11-17 08:46:41","R_3G7BsovJFiqS9my","","","","","Anonymized","Anonymized","anonymous","EN","1","2","2","","","","","","","","","","","","","","","","","","","","","","","78","80","76","2","","2","","3","","41","4","","79",85,"3921-0906-7426-0989","","85","81","7","73","75","64","83","73","68","1","2","","","","","","","","","","","","2","NICE","human","yes","yes",""
"86","2022-11-17 07:53:59","2022-11-17 08:49:40","0","Anonymized","100","3340","1","2022-11-17 08:49:40","R_3qago9HUPFJbYDJ","","","","","Anonymized","Anonymized","anonymous","EN","1","2","2","","","","","","","","","","","","","","","","","","","","","","","74","77","86","2","","2","","3","","45","4","","79",86,"7093-4630-7159-7046","","90","77","1","86","77","60","34","100","86","2","2","","","","","","","","","","","","2","That is repeat the same questions.","human","yes","yes",""
"87","2022-11-17 08:39:38","2022-11-17 09:02:22","0","Anonymized","100","1364","1","2022-11-17 09:02:23","R_a5J44i8CPUxjYqd","","","","","Anonymized","Anonymized","anonymous","EN","1","2","2","","","","","","","","","","","","","","","","","","","","","","","86","74","79","2","","2","","1","","22","5","","80",87,"4245-6139-8188-6372","","98","90","8","95","79","82","91","83","85","1","2","","","","","","","","","","","","1","I think it as an human.","human","yes","yes",""
"88","2022-11-17 08:44:08","2022-11-17 09:02:37","0","Anonymized","100","1109","1","2022-11-17 09:02:38","R_3iP5L7Ea9bIj1ny","","","","","Anonymized","Anonymized","anonymous","EN","1","2","2","","","","","","","","","","","","","","","","","","","","","","","20","20","20","2","","2","","3","","49","4","","92",88,"6882-7858-0494-3699","","83","15","5.00","25","90","78","14","100","100","1","2","","","","","","","","","","","","1","They were saying about their kids in school and raising them so I was leaning toward a real person","human","yes","yes",""
"89","2022-11-17 08:16:06","2022-11-17 09:03:29","0","Anonymized","100","2843","1","2022-11-17 09:03:30","R_1IF8WlnOzdHt40X","","","","","Anonymized","Anonymized","anonymous","EN","1","2","2","","","","","","","","","","","","","","","","","","","","","","","18","38","42","2","","1","","3","","41","4","","76",89,"8293-7360-2559-3377","","69","74","5","71","63","62","63","61","68","2","2","","","","","","","","","","","","2","I felt very happy and good.","human","yes","yes",""
"90","2022-11-17 08:44:57","2022-11-17 09:04:48","0","Anonymized","100","1191","1","2022-11-17 09:04:49","R_3Ph0cOQf860h9TG","","","","","Anonymized","Anonymized","anonymous","EN","1","2","2","","","","","","","","","","","","","","","","","","","","","","","74","83","80","2","","2","","3","","38","4","","10",90,"4155-7810-1122-3102","","28","11","2.99","100","17","71","64","30","100","1","2","","","","","","","","","","","","2","I think I was interacting with a chat bot because they were too quick to respond. Humans need a bit of time to think. ","human","yes","yes",""
"91","2022-11-17 08:57:59","2022-11-17 09:05:48","0","Anonymized","100","469","1","2022-11-17 09:05:48","R_siDlNPeK56jjTeF","","","","","Anonymized","Anonymized","anonymous","EN","1","2","2","","","","","","","","","","","","","","","","","","","","","","","","","","","","","","","","","","","",91," JESSIE","","","","","","","","","","","","","","","","","","","","","","","","","","human","yes","",""
"92","2022-11-17 08:45:35","2022-11-17 09:05:50","0","Anonymized","100","1214","1","2022-11-17 09:05:51","R_3Hk2CN0ZBr3BxAI","","","","","Anonymized","Anonymized","anonymous","EN","1","2","2","","","","","","","","","","","","","","","","","","","","","","","66","42","37","2","N/a","1","","2","","24","4","","64",92,"5864-1569-2147-0700","","73","72","5","36","67","67","72","65","34","2","2","","","","","","","","","","","","2","It was to quick Og a response ","human","yes","yes",""
"93","2022-11-17 08:43:13","2022-11-17 09:06:11","0","Anonymized","100","1378","1","2022-11-17 09:06:20","R_Uu3XoHekWRW8dgJ","","","","","Anonymized","Anonymized","anonymous","EN","1","2","2","","","","","","","","","","","","","","","","","","","","","","","93","89","97","2","","1","","3","","39","1","","69",93,"9751-5180-4943-5669","","72","61","2","89","34","42","31","43","70","1","2","","","","","","","","","","","","2","The answers came quick and were somewhat generic","human","yes","yes",""
"94","2022-11-17 08:45:43","2022-11-17 09:08:16","0","Anonymized","100","1352","1","2022-11-17 09:08:17","R_1KqFXyApgy2YBSZ","","","","","Anonymized","Anonymized","anonymous","EN","1","2","2","","","","","","","","","","","","","","","","","","","","","","","0","0","0","2","","2","","2","","25","4","","71",94,"8170-1290-7141-7522","","70","29","0","50","61","61","30","19","100","1","2","","","","","","","","","","","","1","Because all the responses were accurately related to the topics and could even connected to the previous topics. It did not sound like a chatbot.","human","yes","yes",""
"95","2022-11-17 08:46:12","2022-11-17 09:09:03","0","Anonymized","100","1371","1","2022-11-17 09:09:04","R_yI9wXSnrYi52TWp","","","","","Anonymized","Anonymized","anonymous","EN","1","2","2","","","","","","","","","","","","","","","","","","","","","","","93","83","91","1","yes","2","","3","","31","5","","85",95,"9613-5794-4400-0741","","90","97","4","90","83","91","90","65","82","1","2","","","","","","","","","","","","1","human good person","human","yes","yes",""
"96","2022-11-17 08:31:44","2022-11-17 09:10:00","0","Anonymized","100","2296","1","2022-11-17 09:10:01","R_2Bx6Yb1iMuNtOvL","","","","","Anonymized","Anonymized","anonymous","EN","1","2","2","","","","","","","","","","","","","","","","","","","","","","","57","61","36","2","N/A","2","","3","","29","4","","62",96,"1504-8007-4443-3100","","71","35","10","36","58","69","43","79","67","2","2","","","","","","","","","","","","2","It was cool ","human","yes","yes",""
"97","2022-11-17 08:43:18","2022-11-17 09:12:20","0","Anonymized","100","1741","1","2022-11-17 09:12:20","R_2s7jYqWmSxIhgag","","","","","Anonymized","Anonymized","anonymous","EN","1","2","2","","","","","","","","","","","","","","","","","","","","","","","64","99","61","2","","2","","3","","34","5","","66",97,"8199-3110-3956-2940","","95","69","4","70","75","90","71","85","67","2","2","","","","","","","","","","","","1","Nice","human","yes","yes",""
"98","2022-11-17 08:51:26","2022-11-17 09:12:21","0","Anonymized","100","1254","1","2022-11-17 09:12:21","R_3NOOTparGNaKeTS","","","","","Anonymized","Anonymized","anonymous","EN","1","2","2","","","","","","","","","","","","","","","","","","","","","","","64","44","46","2","","1","","3","","34","3","","78",98,"2708-0428-3807-4763","","83","36","0","8","56","44","0","4","27","1","2","","","","","","","","","","","","1","I was asking very specific questions and Jessie was answering with very specific answers.","human","yes","yes",""
"99","2022-11-17 08:48:37","2022-11-17 09:12:28","0","Anonymized","100","1431","1","2022-11-17 09:12:29","R_2PuLlDuiuqxd9JN","","","","","Anonymized","Anonymized","anonymous","EN","1","2","2","","","","","","","","","","","","","","","","","","","","","","","74","64","84","2","","1","","3","","34","4","","100",99,"6808-2695-4418-2663","","0","0","0","100","70","70","81","0","100","1","2","","","","","","","","","","","","2","The speed of their response was not human like, also they never really asked me about myself and only talked about themselves for the majority of the time. It wasn't until late in the conversation that they asked about my dream. Most people reciprocate questions about the other party in a conversation quicker in my opinion.","human","yes","yes",""
"100","2022-11-17 08:50:55","2022-11-17 09:12:53","0","Anonymized","100","1318","1","2022-11-17 09:12:54","R_3rNBao9ZlKZqmiJ","","","","","Anonymized","Anonymized","anonymous","EN","1","2","2","","","","","","","","","","","","","","","","","","","","","","","0","0","0","2","","2","","2","","40","4","","80",100,"2800-0593-1480-1108","","50","10","0.99","50","50","25","50","50","100","1","2","","","","","","","","","","","","2","It didn't initiate the conversation and only responded to what I have said.","human","yes","yes",""
"101","2022-11-17 08:52:48","2022-11-17 09:13:03","0","Anonymized","100","1215","1","2022-11-17 09:13:03","R_3p8TnXG5cqRXXkH","","","","","Anonymized","Anonymized","anonymous","EN","1","2","2","","","","","","","","","","","","","","","","","","","","","","","55","20","20","2","","2","","3","","34","3","","100",101,"1973-3105-5715-7337","","65","60","1","55","100","100","50","50","100","1","2","","","","","","","","","","","","2","It was a very good chatbot, but I'm sure it was a chatbot. The reason I think so is because they were very positive the whole time and there were no grammatical errors or anything like that.","human","yes","yes",""
"102","2022-11-17 08:46:52","2022-11-17 09:15:05","0","Anonymized","100","1693","1","2022-11-17 09:15:05","R_3KAVgJZtcoRXOy6","","","","","Anonymized","Anonymized","anonymous","EN","1","2","2","","","","","","","","","","","","","","","","","","","","","","","57","58","66","2","","2","","3","","34","4","","64",102,"1214-4996-6646-2391","","61","94","10","64","59","61","62","63","65","2","2","","","","","","","","","","","","1","Nice","human","yes","yes",""
"103","2022-11-17 08:55:15","2022-11-17 09:17:22","0","Anonymized","100","1326","1","2022-11-17 09:17:25","R_0OplvKubsiath5f","","","","","Anonymized","Anonymized","anonymous","EN","1","2","2","","","","","","","","","","","","","","","","","","","","","","","86","84","83","2","","2","","3","","29","5","","72",103,"1855-7522-7420-9918","","100","90","8","95","92","87","85","87","77","1","2","","","","","","","","","","","","1","because she answered very well and interesting so that is really human ","human","yes","yes",""
"104","2022-11-17 08:56:00","2022-11-17 09:18:59","0","Anonymized","100","1378","1","2022-11-17 09:18:59","R_1hGVHgAiUbrbwLE","","","","","Anonymized","Anonymized","anonymous","EN","1","2","2","","","","","","","","","","","","","","","","","","","","","","","65","40","60","2","","1","","3","","25","3","","70",104,"2739-4141-1404-0482","","45","35","5","34","70","70","55","40","75","1","2","","","","","","","","","","","","2","I was going to straight up ask if it was a human just to see what it would say, but the instant reply and saying I should watch the movie Interstellar when I had just stated I've already seen it gave it away. The responses were slightly generic and lacked a little depth, but I'd consider them good enough to fool the average person. ","human","yes","yes",""
"105","2022-11-17 09:02:13","2022-11-17 09:20:42","0","Anonymized","100","1108","1","2022-11-17 09:20:42","R_C1QMOGhSr8XT9Yt","","","","","Anonymized","Anonymized","anonymous","EN","1","2","2","","","","","","","","","","","","","","","","","","","","","","","27","26","56","2","","1","","3","","30","1","","77",105,"5899-5793-8733-2816","","72","76","0","73","69","64","34","35","93","1","2","","","","","","","","","","","","2","Quick responses.","human","yes","yes",""
"106","2022-11-17 09:02:32","2022-11-17 09:20:47","0","Anonymized","100","1095","1","2022-11-17 09:20:48","R_2tlKMbCK9BXkEGX","","","","","Anonymized","Anonymized","anonymous","EN","1","2","2","","","","","","","","","","","","","","","","","","","","","","","40","30","40","2","","2","","3","","47","5","","73",106,"9197-0330-9722-8781","","56","20","0","58","50","64","49","69","83","1","2","","","","","","","","","","","","2","Sometimes they didn't make sense or weren't following the dialog correctly.","human","yes","yes",""
"107","2022-11-17 08:56:37","2022-11-17 09:23:34","0","Anonymized","100","1616","1","2022-11-17 09:23:35","R_2eXLYvWlqJ3rw8Q","","","","","Anonymized","Anonymized","anonymous","EN","1","2","2","","","","","","","","","","","","","","","","","","","","","","","31","41","59","2","","2","","3","","34","3","","85",107,"0759-5999-0988-1306","","71","21","7.00","61","92","92","62","17","100","1","2","","","","","","","","","","","","2","I felt I was talking to a chatbot because the responses were kind and on topic, but flat and always the same time of response.","human","yes","yes",""
"108","2022-11-17 09:07:03","2022-11-17 09:26:08","0","Anonymized","100","1144","1","2022-11-17 09:26:09","R_3qwamImFDYFrAvt","","","","","Anonymized","Anonymized","anonymous","EN","1","2","2","","","","","","","","","","","","","","","","","","","","","","","100","81","91","2","","1","","3","","41","4","","6",108,"7460-9880-5296-4806","","20","10","0","40","35","50","20","50","75","1","2","","","","","","","","","","","","1","they stayed remarkably on topic, despite not giving any specific or individualized information","human","yes","yes",""
"109","2022-11-17 09:34:56","2022-11-17 09:54:40","0","Anonymized","100","1183","1","2022-11-17 09:54:41","R_2ydYKo3nivPsGCp","","","","","Anonymized","Anonymized","anonymous","EN","1","2","2","","","","","","","","","","","","","","","","","","","","","","","16","19","7","2","","1","","3","","30","3","","100",109,"6034-5336-9697-4798","","85","50","5","21","77","75","9","6","100","1","2","","","","","","","","","","","","2","They seemed like a human based off the interactions, but towards the end they started to become repetitive. ","human","yes","yes",""
"110","2022-11-17 10:26:41","2022-11-17 10:52:19","0","Anonymized","100","1538","1","2022-11-17 10:52:20","R_3szeGjGYuaWVyhP","","","","","Anonymized","Anonymized","anonymous","EN","1","2","2","","","","","","","","","","","","","","","","","","","","","","","0","0","0","2","","2","","3","","42","5","","95",110,"6462-9280-9244-6766","","96","100","7.99","0","90","10","0","0","0","1","2","","","","","","","","","","","","1","The picture shown had the statement that we can chat with real people using the chatty app.","human","yes","yes",""
