"","StartDate","EndDate","Status","IPAddress","Progress","Duration..in.seconds.","Finished","RecordedDate","ResponseId","RecipientLastName","RecipientFirstName","RecipientEmail","ExternalReference","LocationLatitude","LocationLongitude","DistributionChannel","UserLanguage","consent_q","att_1","att_2","ai_friend_1_1","ai_partner_1_1","ai_pay_1","human_friend_1_1","human_partner_1_1","human_pay_1","human_friend_2_1","human_partner_2_1","human_pay_2","ai_friend_2_1","ai_partner_2_1","ai_pay_2","comp_1","comp_2","ai_companion_exp","ai_companion_exp2","gender","gender_4_TEXT","ethnicity","ethnicity_6_TEXT","age","edu","edu_8_TEXT","relation_status","relation_status_8_TEXT","ai_capability_1","FL_4_DO"
"1","3/31/22 20:01","3/31/22 20:02",0,"Anonymized",100,95,1,"3/31/22 20:02","R_10OXfElBLlSKqcB",NA,NA,NA,NA,"Anonymized","Anonymized","anonymous","EN",1,2,2,71,0,2,100,20,3,NA,NA,NA,NA,NA,NA,1,2,2,"",2,NA,4,"",29,3,NA,7,NA,100,"counterbalance_1"
"2","3/31/22 20:01","3/31/22 20:03",0,"Anonymized",100,81,1,"3/31/22 20:03","R_Ui4xTwQdynUaFep",NA,NA,NA,NA,"Anonymized","Anonymized","anonymous","EN",1,2,2,0,0,0,3,0,0,NA,NA,NA,NA,NA,NA,1,2,2,"",2,NA,3,"",44,4,NA,2,NA,21,"counterbalance_1"
"3","3/31/22 20:01","3/31/22 20:03",0,"Anonymized",100,131,1,"3/31/22 20:03","R_1MMq11LkpnD0g9q",NA,NA,NA,NA,"Anonymized","Anonymized","anonymous","EN",1,2,2,NA,NA,NA,NA,NA,NA,12,23,2,14,23,2,1,2,1,"Alexa, Google, Cortana, Erica",2,NA,2,"",44,3,NA,2,NA,100,"counterbalance_2"
"4","3/31/22 20:01","3/31/22 20:03",0,"Anonymized",100,116,1,"3/31/22 20:03","R_3MzHfCBASGTLDzi",NA,NA,NA,NA,"Anonymized","Anonymized","anonymous","EN",1,2,2,NA,NA,NA,NA,NA,NA,10,35,3,100,0,4,1,2,1,"Replika is a similar AI app that I've used.",2,NA,3,"",30,4,NA,7,NA,25,"counterbalance_2"
"5","3/31/22 20:01","3/31/22 20:03",0,"Anonymized",100,123,1,"3/31/22 20:03","R_2av7edInaWoYmvT",NA,NA,NA,NA,"Anonymized","Anonymized","anonymous","EN",1,2,2,25,0,5,39,39,5,NA,NA,NA,NA,NA,NA,1,2,2,"",1,NA,1,"",39,5,NA,2,NA,50,"counterbalance_1"
"6","3/31/22 20:02","3/31/22 20:03",0,"Anonymized",100,108,1,"3/31/22 20:03","R_3FLFErgLpJ5ZBkO",NA,NA,NA,NA,"Anonymized","Anonymized","anonymous","EN",1,2,2,NA,NA,NA,NA,NA,NA,85,76,5,38,0,0,1,2,2,"",2,NA,3,"",26,5,NA,2,NA,25,"counterbalance_2"
"7","3/31/22 20:02","3/31/22 20:04",0,"Anonymized",100,106,1,"3/31/22 20:04","R_abBuR4lfJXbYXm1",NA,NA,NA,NA,"Anonymized","Anonymized","anonymous","EN",1,2,2,NA,NA,NA,NA,NA,NA,33,13,0,9,0,0,1,2,2,"",2,NA,2,"",46,3,NA,3,NA,34,"counterbalance_2"
"8","3/31/22 20:02","3/31/22 20:04",0,"Anonymized",100,113,1,"3/31/22 20:04","R_Oe9sZqJ0WCo5pAZ",NA,NA,NA,NA,"Anonymized","Anonymized","anonymous","EN",1,2,2,NA,NA,NA,NA,NA,NA,18,14,0,3,2,0,1,2,2,"",2,NA,3,"",26,4,NA,7,NA,96,"counterbalance_2"
"9","3/31/22 20:02","3/31/22 20:04",0,"Anonymized",100,111,1,"3/31/22 20:04","R_24tSCpJn7rw9uSb",NA,NA,NA,NA,"Anonymized","Anonymized","anonymous","EN",1,2,2,63,2,1,95,71,5,NA,NA,NA,NA,NA,NA,1,2,2,"",2,NA,3,"",32,1,NA,3,NA,93,"counterbalance_1"
"10","3/31/22 20:02","3/31/22 20:04",0,"Anonymized",100,145,1,"3/31/22 20:04","R_1GwwxzniO1c2nsA",NA,NA,NA,NA,"Anonymized","Anonymized","anonymous","EN",1,2,2,100,20,5,97,100,10,NA,NA,NA,NA,NA,NA,1,2,2,"",1,NA,2,"",54,3,NA,2,NA,82,"counterbalance_1"
"11","3/31/22 20:02","3/31/22 20:04",0,"Anonymized",100,121,1,"3/31/22 20:04","R_1Q3JBaiWpwmiRZp",NA,NA,NA,NA,"Anonymized","Anonymized","anonymous","EN",1,2,2,NA,NA,NA,NA,NA,NA,80,6,0,8,0,0,1,2,2,"",2,NA,3,"",39,1,NA,2,NA,0,"counterbalance_2"
"12","3/31/22 20:02","3/31/22 20:04",0,"Anonymized",100,163,1,"3/31/22 20:04","R_2P5rBfQKSOzD32J",NA,NA,NA,NA,"Anonymized","Anonymized","anonymous","EN",1,2,2,NA,NA,NA,NA,NA,NA,70,15,5,25,0,1,1,2,2,"",2,NA,3,"",35,4,NA,2,NA,75,"counterbalance_2"
"13","3/31/22 20:01","3/31/22 20:05",0,"Anonymized",100,193,1,"3/31/22 20:05","R_2Y4dkQKOAaHQC6h",NA,NA,NA,NA,"Anonymized","Anonymized","anonymous","EN",1,2,2,NA,NA,NA,NA,NA,NA,71,80,10,0,0,0,1,2,2,"",2,NA,3,"",48,7,NA,2,NA,0,"counterbalance_2"
"14","3/31/22 20:03","3/31/22 20:05",0,"Anonymized",100,121,1,"3/31/22 20:05","R_30oWlf2Q6puarnE",NA,NA,NA,NA,"Anonymized","Anonymized","anonymous","EN",1,2,2,60,0,0,70,80,5,NA,NA,NA,NA,NA,NA,1,2,2,"",2,NA,2,"",27,1,NA,1,NA,75,"counterbalance_1"
"15","3/31/22 20:04","3/31/22 20:05",0,"Anonymized",100,76,1,"3/31/22 20:05","R_2us5MraFHuRlJVy",NA,NA,NA,NA,"Anonymized","Anonymized","anonymous","EN",1,2,2,NA,NA,NA,NA,NA,NA,48,0,2,50,0,2,1,2,2,"",2,NA,1,"",30,1,NA,7,NA,50,"counterbalance_2"
"16","3/31/22 20:03","3/31/22 20:05",0,"Anonymized",100,131,1,"3/31/22 20:05","R_25gxtlVRNFG4gkV",NA,NA,NA,NA,"Anonymized","Anonymized","anonymous","EN",1,2,2,65,25,3,90,40,5,NA,NA,NA,NA,NA,NA,1,2,2,"",2,NA,3,"",42,2,NA,7,NA,75,"counterbalance_1"
"17","3/31/22 20:03","3/31/22 20:05",0,"Anonymized",100,140,1,"3/31/22 20:05","R_31NoMrDwDI4UQMM",NA,NA,NA,NA,"Anonymized","Anonymized","anonymous","EN",1,2,2,NA,NA,NA,NA,NA,NA,0,0,1,14,0,0,1,2,1,"I tried one of those games where you talk to the cat who answers back. ",1,NA,3,"",30,3,NA,1,NA,30,"counterbalance_2"
"18","3/31/22 20:03","3/31/22 20:06",0,"Anonymized",100,131,1,"3/31/22 20:06","R_1NwdzegB2RXZ9UF",NA,NA,NA,NA,"Anonymized","Anonymized","anonymous","EN",1,2,2,40,0,0,55,20,0,NA,NA,NA,NA,NA,NA,1,2,2,"",1,NA,3,"",28,4,NA,1,NA,20,"counterbalance_1"
"19","3/31/22 20:03","3/31/22 20:06",0,"Anonymized",100,133,1,"3/31/22 20:06","R_21aKkMEWlRClmxl",NA,NA,NA,NA,"Anonymized","Anonymized","anonymous","EN",1,2,2,0,0,0,0,0,0,NA,NA,NA,NA,NA,NA,1,2,2,"",1,NA,4,"",29,3,NA,7,NA,27,"counterbalance_1"
"20","3/31/22 20:03","3/31/22 20:06",0,"Anonymized",100,136,1,"3/31/22 20:06","R_D1qKOaL7wREd8CB",NA,NA,NA,NA,"Anonymized","Anonymized","anonymous","EN",1,2,2,NA,NA,NA,NA,NA,NA,50,50,0,50,50,0,1,2,2,"",1,NA,3,"",37,3,NA,7,NA,50,"counterbalance_2"
"21","3/31/22 20:02","3/31/22 20:06",0,"Anonymized",100,213,1,"3/31/22 20:06","R_3R1K2whDPqIaL5M",NA,NA,NA,NA,"Anonymized","Anonymized","anonymous","EN",1,2,2,0,0,0,62,40,5,NA,NA,NA,NA,NA,NA,1,2,2,"",2,NA,1,"",36,4,NA,1,NA,3,"counterbalance_1"
"22","3/31/22 20:04","3/31/22 20:06",0,"Anonymized",100,138,1,"3/31/22 20:06","R_piOItpo8dITWELf",NA,NA,NA,NA,"Anonymized","Anonymized","anonymous","EN",1,2,2,NA,NA,NA,NA,NA,NA,40,23,1,19,2,1,1,2,2,"n.a.",1,NA,3,"",38,4,NA,1,NA,84,"counterbalance_2"
"23","3/31/22 20:06","3/31/22 20:06",0,"Anonymized",100,15,1,"3/31/22 20:06","R_2Ec4qNLSvbSnYyk",NA,NA,NA,NA,"Anonymized","Anonymized","anonymous","EN",1,2,1,NA,NA,NA,NA,NA,NA,NA,NA,NA,NA,NA,NA,NA,NA,NA,"",NA,NA,NA,"",NA,NA,NA,NA,NA,NA,""
"24","3/31/22 20:04","3/31/22 20:06",0,"Anonymized",100,113,1,"3/31/22 20:06","R_1Cp6GvL3JERt6FG",NA,NA,NA,NA,"Anonymized","Anonymized","anonymous","EN",1,2,2,NA,NA,NA,NA,NA,NA,66,12,0.5,71,25,0.5,1,2,2,"",2,NA,2,"",30,4,NA,2,NA,62,"counterbalance_2"
"25","3/31/22 20:04","3/31/22 20:07",0,"Anonymized",100,148,1,"3/31/22 20:07","R_3oSAv8G9loq8W3y",NA,NA,NA,NA,"Anonymized","Anonymized","anonymous","EN",1,2,2,0,0,0,0,0,0,NA,NA,NA,NA,NA,NA,1,2,2,"",2,NA,3,"",44,4,NA,1,NA,100,"counterbalance_1"
"26","3/31/22 20:04","3/31/22 20:07",0,"Anonymized",100,157,1,"3/31/22 20:07","R_1n0nVsxnBQ9RTq0",NA,NA,NA,NA,"Anonymized","Anonymized","anonymous","EN",1,2,2,80,0,5,70,0,5,NA,NA,NA,NA,NA,NA,1,2,1,"Replika and I was bored.",2,NA,3,"",35,4,NA,2,NA,90,"counterbalance_1"
"27","3/31/22 20:05","3/31/22 20:07",0,"Anonymized",100,95,1,"3/31/22 20:07","R_1rPoWcMOY4cZQDO",NA,NA,NA,NA,"Anonymized","Anonymized","anonymous","EN",1,2,2,81,27,5,75,25,5,NA,NA,NA,NA,NA,NA,1,2,2,"",1,NA,2,"",41,4,NA,1,NA,52,"counterbalance_1"
"28","3/31/22 20:05","3/31/22 20:07",0,"Anonymized",100,138,1,"3/31/22 20:07","R_2ZTZtHYavtFX86l",NA,NA,NA,NA,"Anonymized","Anonymized","anonymous","EN",1,2,2,0,0,0,40,20,1.99,NA,NA,NA,NA,NA,NA,1,2,2,"",2,NA,3,"",54,5,NA,5,NA,10,"counterbalance_1"
"29","3/31/22 20:06","3/31/22 20:07",0,"Anonymized",100,97,1,"3/31/22 20:07","R_3lJk2it4Z9hVFTz",NA,NA,NA,NA,"Anonymized","Anonymized","anonymous","EN",1,1,2,NA,NA,NA,NA,NA,NA,NA,NA,NA,NA,NA,NA,NA,NA,NA,"",NA,NA,NA,"",NA,NA,NA,NA,NA,NA,""
"30","3/31/22 20:06","3/31/22 20:07",0,"Anonymized",100,103,1,"3/31/22 20:07","R_1EiGpcjY3jXMPpw",NA,NA,NA,NA,"Anonymized","Anonymized","anonymous","EN",1,2,2,NA,NA,NA,NA,NA,NA,60,61,1,26,33,0.5,1,2,2,"",1,NA,3,"",34,3,NA,1,NA,63,"counterbalance_2"
"31","3/31/22 20:01","3/31/22 20:08",0,"Anonymized",100,367,1,"3/31/22 20:08","R_2q7CAzO1tcyHVfB",NA,NA,NA,NA,"Anonymized","Anonymized","anonymous","EN",1,2,2,NA,NA,NA,NA,NA,NA,50,0,1,8,0,0,1,2,2,"",2,NA,4,"",43,4,NA,2,NA,80,"counterbalance_2"
"32","3/31/22 20:05","3/31/22 20:08",0,"Anonymized",100,129,1,"3/31/22 20:08","R_41nCVYug93bxqXT",NA,NA,NA,NA,"Anonymized","Anonymized","anonymous","EN",1,2,2,10,0,0,0,0,0,NA,NA,NA,NA,NA,NA,1,2,2,"",2,NA,1,"",53,3,NA,5,NA,85,"counterbalance_1"
"33","3/31/22 20:05","3/31/22 20:08",0,"Anonymized",100,165,1,"3/31/22 20:08","R_1EgnSgF9QeGjmTw",NA,NA,NA,NA,"Anonymized","Anonymized","anonymous","EN",1,2,2,NA,NA,NA,NA,NA,NA,36,24,1,6,6,0,1,2,2,"",2,NA,3,"",35,5,NA,7,NA,4,"counterbalance_2"
"34","3/31/22 20:04","3/31/22 20:08",0,"Anonymized",100,209,1,"3/31/22 20:08","R_3gSnLrmtUzLVk6q",NA,NA,NA,NA,"Anonymized","Anonymized","anonymous","EN",1,2,2,50,50,5,50,50,5,NA,NA,NA,NA,NA,NA,3,2,2,"",1,NA,3,"",23,4,NA,1,NA,50,"counterbalance_1"
"35","3/31/22 20:06","3/31/22 20:08",0,"Anonymized",100,156,1,"3/31/22 20:08","R_2Si4ZXcPQqsEhL3",NA,NA,NA,NA,"Anonymized","Anonymized","anonymous","EN",1,2,2,NA,NA,NA,NA,NA,NA,14,4,3,2,0,1,1,2,2,"",2,NA,5,"",46,3,NA,2,NA,46,"counterbalance_2"
"36","3/31/22 20:05","3/31/22 20:08",0,"Anonymized",100,191,1,"3/31/22 20:08","R_e2iKzcv8YqKhKj7",NA,NA,NA,NA,"Anonymized","Anonymized","anonymous","EN",1,2,2,NA,NA,NA,NA,NA,NA,0,0,0,60,0,1,1,2,2,"",2,NA,3,"",50,1,NA,2,NA,75,"counterbalance_2"
"37","3/31/22 20:03","3/31/22 20:09",0,"Anonymized",100,359,1,"3/31/22 20:09","R_1HkLL7NEzHToshd",NA,NA,NA,NA,"Anonymized","Anonymized","anonymous","EN",1,2,2,NA,NA,NA,NA,NA,NA,5,0,1,0,0,0,1,2,2,"",1,NA,3,"",34,5,NA,2,NA,82,"counterbalance_2"
"38","3/31/22 20:07","3/31/22 20:09",0,"Anonymized",100,135,1,"3/31/22 20:09","R_3Pv6wWDoTzRu0Ai",NA,NA,NA,NA,"Anonymized","Anonymized","anonymous","EN",1,2,2,NA,NA,NA,NA,NA,NA,67,23,2,95,81,4,1,2,2,"",1,NA,3,"",65,5,NA,2,NA,84,"counterbalance_2"
"39","3/31/22 20:07","3/31/22 20:10",0,"Anonymized",100,154,1,"3/31/22 20:10","R_2150Qt2KzBkiVSs",NA,NA,NA,NA,"Anonymized","Anonymized","anonymous","EN",1,2,2,26,0,2,71,50,10,NA,NA,NA,NA,NA,NA,1,2,2,"",1,NA,3,"",68,3,NA,2,NA,51,"counterbalance_1"
"40","3/31/22 20:06","3/31/22 20:10",0,"Anonymized",100,243,1,"3/31/22 20:10","R_3Mc9VWbgdnKNbIe",NA,NA,NA,NA,"Anonymized","Anonymized","anonymous","EN",1,2,2,60,0,3,100,80,8,NA,NA,NA,NA,NA,NA,1,2,1,"I have used an app called Replika before. This app allows you to talk to an AI for free about anything.",1,NA,3,"",25,4,NA,7,NA,70,"counterbalance_1"
"41","3/31/22 20:07","3/31/22 20:11",0,"Anonymized",100,213,1,"3/31/22 20:11","R_VIJF3wkuw7GIFqx",NA,NA,NA,NA,"Anonymized","Anonymized","anonymous","EN",1,2,2,NA,NA,NA,NA,NA,NA,10,0,0,42,0,1,1,2,2,"",1,NA,3,"",62,4,NA,2,NA,65,"counterbalance_2"
"42","3/31/22 20:07","3/31/22 20:11",0,"Anonymized",100,268,1,"3/31/22 20:11","R_2S9qWhEPc9S9UxQ",NA,NA,NA,NA,"Anonymized","Anonymized","anonymous","EN",1,2,2,94,0,5,8,0,0,NA,NA,NA,NA,NA,NA,1,2,2,"",2,NA,3,"",46,3,NA,2,NA,93,"counterbalance_1"
"43","3/31/22 20:08","3/31/22 20:12",0,"Anonymized",100,239,1,"3/31/22 20:12","R_2YD5fkA5HsTGOar",NA,NA,NA,NA,"Anonymized","Anonymized","anonymous","EN",1,2,2,0,0,0,0,0,0,NA,NA,NA,NA,NA,NA,1,2,2,"",1,NA,3,"",43,3,NA,1,NA,8,"counterbalance_1"
"44","3/31/22 20:10","3/31/22 20:12",0,"Anonymized",100,108,1,"3/31/22 20:12","R_9tUeY0Psr5xAAZb",NA,NA,NA,NA,"Anonymized","Anonymized","anonymous","EN",1,2,2,NA,NA,NA,NA,NA,NA,75,66,5,37,0,2,1,2,2,"",1,NA,3,"",44,4,NA,2,NA,76,"counterbalance_2"
"45","3/31/22 20:11","3/31/22 20:12",0,"Anonymized",100,59,1,"3/31/22 20:12","R_1ifXEzE6gD2vMAZ",NA,NA,NA,NA,"Anonymized","Anonymized","anonymous","EN",1,2,2,0,0,0,0,0,0,NA,NA,NA,NA,NA,NA,1,2,2,"",1,NA,4,"",20,3,NA,1,NA,50,"counterbalance_1"
"46","3/31/22 20:11","3/31/22 20:12",0,"Anonymized",100,80,1,"3/31/22 20:12","R_2sYA9d8h7Vxw6WS",NA,NA,NA,NA,"Anonymized","Anonymized","anonymous","EN",1,2,2,NA,NA,NA,NA,NA,NA,0,0,0,0,0,0,1,2,2,"",2,NA,4,"",25,4,NA,1,NA,66,"counterbalance_2"
"47","3/31/22 20:01","3/31/22 20:13",0,"Anonymized",100,678,1,"3/31/22 20:13","R_50Z0NkBzSjBXqAV",NA,NA,NA,NA,"Anonymized","Anonymized","anonymous","EN",1,2,2,70,25,2,70,25,2,NA,NA,NA,NA,NA,NA,1,2,2,"",1,NA,4,"",22,1,NA,1,NA,100,"counterbalance_1"
"48","3/31/22 20:09","3/31/22 20:13",0,"Anonymized",100,226,1,"3/31/22 20:13","R_1LiAoCw6mlkJQJ3",NA,NA,NA,NA,"Anonymized","Anonymized","anonymous","EN",1,2,2,60,10,1.99,70,15,3,NA,NA,NA,NA,NA,NA,1,2,1,"I have used the app Roman Mazurenko by Luka, Inc. as well as Replika - Virtual AI Friend by Luka, Inc. ",2,NA,3,"",22,3,NA,7,NA,55,"counterbalance_1"
"49","3/31/22 20:12","3/31/22 20:14",0,"Anonymized",100,119,1,"3/31/22 20:14","R_etA2M2Nr4Nhms9j",NA,NA,NA,NA,"Anonymized","Anonymized","anonymous","EN",1,2,2,NA,NA,NA,NA,NA,NA,30,35,1.99,0,0,0,1,2,2,"",1,NA,3,"",51,3,NA,7,NA,80,"counterbalance_2"
"50","3/31/22 20:07","3/31/22 20:15",0,"Anonymized",100,435,1,"3/31/22 20:15","R_2tbZYkJAmckS2TQ",NA,NA,NA,NA,"Anonymized","Anonymized","anonymous","EN",1,2,2,50,8,2,83,74,2,NA,NA,NA,NA,NA,NA,1,2,1,"I don't remember the name, but it was an animated AI app on andriod.",2,NA,3,"",29,3,NA,7,NA,63,"counterbalance_1"
"51","3/31/22 20:13","3/31/22 20:15",0,"Anonymized",100,122,1,"3/31/22 20:15","R_3PYuSPzHqrHEk7t",NA,NA,NA,NA,"Anonymized","Anonymized","anonymous","EN",1,2,2,20,7,1,77,86,5,NA,NA,NA,NA,NA,NA,1,2,2,"",2,NA,3,"",332,3,NA,7,NA,59,"counterbalance_1"
"52","3/31/22 20:13","3/31/22 20:15",0,"Anonymized",100,136,1,"3/31/22 20:15","R_2xElXjPPJCJiZ1w",NA,NA,NA,NA,"Anonymized","Anonymized","anonymous","EN",1,2,2,9,0,0,30,30,0.5,NA,NA,NA,NA,NA,NA,1,2,2,"",2,NA,3,"",43,4,NA,4,NA,60,"counterbalance_1"
"53","3/31/22 20:10","3/31/22 20:15",0,"Anonymized",100,272,1,"3/31/22 20:15","R_1r69OjrcwO1MRru",NA,NA,NA,NA,"Anonymized","Anonymized","anonymous","EN",1,2,2,50,50,5,60,60,8,NA,NA,NA,NA,NA,NA,1,2,2,"",1,NA,2,"",55,6,NA,2,NA,65,"counterbalance_1"
"54","3/31/22 20:13","3/31/22 20:15",0,"Anonymized",100,123,1,"3/31/22 20:15","R_1FIIQVBGK8N4zyN",NA,NA,NA,NA,"Anonymized","Anonymized","anonymous","EN",1,2,2,NA,NA,NA,NA,NA,NA,15,15,0,20,3,0,1,2,2,"",1,NA,3,"",35,3,NA,1,NA,10,"counterbalance_2"
"55","3/31/22 20:13","3/31/22 20:15",0,"Anonymized",100,123,1,"3/31/22 20:15","R_2EbE0rhVQFHBSgI",NA,NA,NA,NA,"Anonymized","Anonymized","anonymous","EN",1,2,2,0,0,0,0,0,0,NA,NA,NA,NA,NA,NA,1,2,2,"",2,NA,2,"",32,4,NA,1,NA,70,"counterbalance_1"
"56","3/31/22 20:12","3/31/22 20:15",0,"Anonymized",100,210,1,"3/31/22 20:15","R_emlK7ZjfUQ2iMh3",NA,NA,NA,NA,"Anonymized","Anonymized","anonymous","EN",1,2,2,NA,NA,NA,NA,NA,NA,28,0,0,0,0,0,1,2,2,"",2,NA,3,"",52,6,NA,1,NA,23,"counterbalance_2"
"57","3/31/22 20:15","3/31/22 20:16",0,"Anonymized",100,69,1,"3/31/22 20:16","R_240lRwD0yY0ktvY",NA,NA,NA,NA,"Anonymized","Anonymized","anonymous","EN",1,2,2,0,0,0,8,6,0,NA,NA,NA,NA,NA,NA,1,2,2,"",1,NA,3,"",24,4,NA,1,NA,79,"counterbalance_1"
"58","3/31/22 20:11","3/31/22 20:16",0,"Anonymized",100,266,1,"3/31/22 20:16","R_3oYNyLE1rlEVNrS",NA,NA,NA,NA,"Anonymized","Anonymized","anonymous","EN",1,2,2,0,0,0,0,0,0,NA,NA,NA,NA,NA,NA,1,2,2,"",2,NA,3,"",56,3,NA,1,NA,41,"counterbalance_1"
"59","3/31/22 20:14","3/31/22 20:16",0,"Anonymized",100,99,1,"3/31/22 20:16","R_1PR95yZllubTVyD",NA,NA,NA,NA,"Anonymized","Anonymized","anonymous","EN",1,2,2,19,0,11,50,29,12,NA,NA,NA,NA,NA,NA,1,2,2,"",2,NA,2,"",29,4,NA,7,NA,80,"counterbalance_1"
"60","3/31/22 20:14","3/31/22 20:16",0,"Anonymized",100,143,1,"3/31/22 20:16","R_WxrQP4BSpYkaDFT",NA,NA,NA,NA,"Anonymized","Anonymized","anonymous","EN",1,2,2,NA,NA,NA,NA,NA,NA,20,20,5,71,10,3,1,2,2,"",2,NA,3,"",29,4,NA,7,NA,30,"counterbalance_2"
"61","3/31/22 20:16","3/31/22 20:19",0,"Anonymized",100,187,1,"3/31/22 20:19","R_1rCUTRswqI8s48z",NA,NA,NA,NA,"Anonymized","Anonymized","anonymous","EN",1,2,2,NA,NA,NA,NA,NA,NA,70,84,8,77,81,9,1,2,2,"",2,NA,1,"",35,5,NA,2,NA,73,"counterbalance_2"
"62","3/31/22 20:13","3/31/22 20:19",0,"Anonymized",100,393,1,"3/31/22 20:19","R_1Ij8PDnxXzVsCsC",NA,NA,NA,NA,"Anonymized","Anonymized","anonymous","EN",1,2,2,NA,NA,NA,NA,NA,NA,36,8,0,66,13,10,1,2,2,"I haven't used on in an app. However, I remember talking to computer programs on AIM in the early 2000s. Also, I recently talked to some AIs online. I don't remember their exact names. I think one of them was from OpenAi.",1,NA,3,"",34,3,NA,1,NA,82,"counterbalance_2"
"63","3/31/22 20:18","3/31/22 20:19",0,"Anonymized",100,101,1,"3/31/22 20:19","R_XwdQfCUdGcuHRvj",NA,NA,NA,NA,"Anonymized","Anonymized","anonymous","EN",1,2,2,NA,NA,NA,NA,NA,NA,62,37,0,26,18,0,1,2,2,"n/a",1,NA,3,"",29,4,NA,2,NA,71,"counterbalance_2"
"64","3/31/22 20:18","3/31/22 20:20",0,"Anonymized",100,79,1,"3/31/22 20:20","R_1n715SCQyPDzyys",NA,NA,NA,NA,"Anonymized","Anonymized","anonymous","EN",1,2,2,NA,NA,NA,NA,NA,NA,10,0,0,0,0,0,1,2,2,"",3,NA,2,"",50,3,NA,1,NA,0,"counterbalance_2"
"65","3/31/22 20:17","3/31/22 20:20",0,"Anonymized",100,157,1,"3/31/22 20:20","R_6lmYC9hfOhXUMZr",NA,NA,NA,NA,"Anonymized","Anonymized","anonymous","EN",1,2,2,4,0,2,40,30,8,NA,NA,NA,NA,NA,NA,1,2,2,"",1,NA,5,"",35,4,NA,2,NA,29,"counterbalance_1"
"66","3/31/22 20:19","3/31/22 20:20",0,"Anonymized",100,82,1,"3/31/22 20:20","R_pJKW5Ht6tpz2dNv",NA,NA,NA,NA,"Anonymized","Anonymized","anonymous","EN",1,2,2,80,73,5,79,71,8,NA,NA,NA,NA,NA,NA,1,2,2,"",1,NA,3,"",27,1,NA,1,NA,71,"counterbalance_1"
"67","3/31/22 20:17","3/31/22 20:20",0,"Anonymized",100,201,1,"3/31/22 20:20","R_22rYjVGV7wGNgMN",NA,NA,NA,NA,"Anonymized","Anonymized","anonymous","EN",1,2,2,0,0,0,0,1,0,NA,NA,NA,NA,NA,NA,1,2,2,"",2,NA,1,"",39,3,NA,1,NA,13,"counterbalance_1"
"68","3/31/22 20:20","3/31/22 20:21",0,"Anonymized",100,68,1,"3/31/22 20:21","R_2QJJHH7NQYsrT3R",NA,NA,NA,NA,"Anonymized","Anonymized","anonymous","EN",1,2,2,NA,NA,NA,NA,NA,NA,20,0,0,0,0,0,1,2,2,"",1,NA,3,"",38,4,NA,1,NA,0,"counterbalance_2"
"69","3/31/22 20:15","3/31/22 20:22",0,"Anonymized",100,431,1,"3/31/22 20:22","R_0rCPFfJwT0ufdkZ",NA,NA,NA,NA,"Anonymized","Anonymized","anonymous","EN",1,2,2,NA,NA,NA,NA,NA,NA,100,100,3,0,0,1,1,2,2,"",2,NA,3,"",44,3,NA,3,NA,100,"counterbalance_2"
"70","3/31/22 20:19","3/31/22 20:22",0,"Anonymized",100,169,1,"3/31/22 20:22","R_3R31KJ5CFVcKfIc",NA,NA,NA,NA,"Anonymized","Anonymized","anonymous","EN",1,2,2,0,0,0.1,12,0,0.1,NA,NA,NA,NA,NA,NA,1,2,2,"",1,NA,3,"",42,4,NA,1,NA,14,"counterbalance_1"
"71","3/31/22 20:21","3/31/22 20:23",0,"Anonymized",100,123,1,"3/31/22 20:23","R_12y6JB2uctLameV",NA,NA,NA,NA,"Anonymized","Anonymized","anonymous","EN",1,2,2,NA,NA,NA,NA,NA,NA,60,40,4,10,0,0,1,2,2,"",3,NA,3,"",23,1,NA,7,NA,40,"counterbalance_2"
"72","3/31/22 20:19","3/31/22 20:23",0,"Anonymized",100,260,1,"3/31/22 20:23","R_2YhX8j7cB65JfYs",NA,NA,NA,NA,"Anonymized","Anonymized","anonymous","EN",1,2,2,NA,NA,NA,NA,NA,NA,5,6,0,9,7,0,1,2,2,"",2,NA,3,"",26,1,NA,2,NA,95,"counterbalance_2"
"73","3/31/22 20:22","3/31/22 20:24",0,"Anonymized",100,124,1,"3/31/22 20:24","R_1qb45bLE0vuyFwB",NA,NA,NA,NA,"Anonymized","Anonymized","anonymous","EN",1,2,2,NA,NA,NA,NA,NA,NA,30,0,0,0,0,0,1,2,2,"",2,NA,1,"",29,5,NA,7,NA,11,"counterbalance_2"
"74","3/31/22 20:22","3/31/22 20:24",0,"Anonymized",100,126,1,"3/31/22 20:24","R_2QXHWPMhJ7HCvcV",NA,NA,NA,NA,"Anonymized","Anonymized","anonymous","EN",1,2,2,NA,NA,NA,NA,NA,NA,5,0,0,15,0,0,1,2,2,"",2,NA,3,"",27,4,NA,2,NA,20,"counterbalance_2"
"75","3/31/22 20:21","3/31/22 20:24",0,"Anonymized",100,213,1,"3/31/22 20:24","R_Wpy8O9OnWTYKaR3",NA,NA,NA,NA,"Anonymized","Anonymized","anonymous","EN",1,2,2,0,0,5,1,0,5,NA,NA,NA,NA,NA,NA,1,2,2,"",2,NA,3,"",56,1,NA,7,NA,64,"counterbalance_1"
"76","3/31/22 20:22","3/31/22 20:24",0,"Anonymized",100,132,1,"3/31/22 20:24","R_r0wJMID3ftC5TIl",NA,NA,NA,NA,"Anonymized","Anonymized","anonymous","EN",1,2,2,60,0,2,0,0,2,NA,NA,NA,NA,NA,NA,1,2,2,"",1,NA,3,"",33,3,NA,2,NA,100,"counterbalance_1"
"77","3/31/22 20:22","3/31/22 20:25",0,"Anonymized",100,186,1,"3/31/22 20:25","R_1QWau2Mu8YUs70R",NA,NA,NA,NA,"Anonymized","Anonymized","anonymous","EN",1,2,2,73,82,9,81,92,10,NA,NA,NA,NA,NA,NA,1,2,2,"dna",2,NA,3,"",63,4,NA,7,NA,86,"counterbalance_1"
"78","3/31/22 20:23","3/31/22 20:25",0,"Anonymized",100,118,1,"3/31/22 20:25","R_12g7LtiqanDRKdX",NA,NA,NA,NA,"Anonymized","Anonymized","anonymous","EN",1,2,2,NA,NA,NA,NA,NA,NA,68,61,5,75,71,5,1,2,2,"",1,NA,2,"",40,2,NA,1,NA,68,"counterbalance_2"
"79","3/31/22 20:24","3/31/22 20:25",0,"Anonymized",100,76,1,"3/31/22 20:25","R_yJ9mpPh7mC0JvgZ",NA,NA,NA,NA,"Anonymized","Anonymized","anonymous","EN",1,2,2,28,7,5,78,31,5,NA,NA,NA,NA,NA,NA,1,2,2,"",1,NA,3,"",22,3,NA,1,NA,72,"counterbalance_1"
"80","3/31/22 20:24","3/31/22 20:26",0,"Anonymized",100,124,1,"3/31/22 20:26","R_1pn9DAjF3CGPHIF",NA,NA,NA,NA,"Anonymized","Anonymized","anonymous","EN",1,2,2,NA,NA,NA,NA,NA,NA,80,80,2,80,80,2,1,2,1,"I think Eliza might count as AI, even though its been around for decades",1,NA,3,"",48,3,NA,2,NA,30,"counterbalance_2"
"81","3/31/22 20:24","3/31/22 20:26",0,"Anonymized",100,122,1,"3/31/22 20:26","R_2YJvQErZp7DVpI6",NA,NA,NA,NA,"Anonymized","Anonymized","anonymous","EN",1,2,2,0,0,0,20,0,0,NA,NA,NA,NA,NA,NA,1,2,2,"",2,NA,3,"",69,5,NA,2,NA,0,"counterbalance_1"
"82","3/31/22 20:25","3/31/22 20:27",0,"Anonymized",100,147,1,"3/31/22 20:27","R_3JmGXyMZ7BsxPXA",NA,NA,NA,NA,"Anonymized","Anonymized","anonymous","EN",1,2,2,NA,NA,NA,NA,NA,NA,70,66,1,1,0,1,1,2,2,"",1,NA,3,"",29,4,NA,1,NA,0,"counterbalance_2"
"83","3/31/22 20:26","3/31/22 20:27",0,"Anonymized",100,101,1,"3/31/22 20:27","R_1MQV7c1qo3e87vU",NA,NA,NA,NA,"Anonymized","Anonymized","anonymous","EN",1,2,2,0,1,1,33,21,1,NA,NA,NA,NA,NA,NA,1,2,2,"",2,NA,5,"",31,5,NA,2,NA,71,"counterbalance_1"
"84","3/31/22 20:26","3/31/22 20:28",0,"Anonymized",100,64,1,"3/31/22 20:28","R_2aUXpMgYwnXn4iT",NA,NA,NA,NA,"Anonymized","Anonymized","anonymous","EN",1,2,2,66,76,6,72,66,6,NA,NA,NA,NA,NA,NA,2,2,2,"",1,NA,1,"",31,4,NA,1,NA,68,"counterbalance_1"
"85","3/31/22 20:26","3/31/22 20:28",0,"Anonymized",100,144,1,"3/31/22 20:28","R_1o5COurhRpsUgRm",NA,NA,NA,NA,"Anonymized","Anonymized","anonymous","EN",1,2,2,NA,NA,NA,NA,NA,NA,50,0,2,50,0,2,1,2,2,"",2,NA,4,"",30,2,NA,7,NA,50,"counterbalance_2"
"86","3/31/22 20:28","3/31/22 20:29",0,"Anonymized",100,54,1,"3/31/22 20:29","R_1ISO9pPbOQcBBaU",NA,NA,NA,NA,"Anonymized","Anonymized","anonymous","EN",1,2,1,NA,NA,NA,NA,NA,NA,NA,NA,NA,NA,NA,NA,NA,NA,NA,"",NA,NA,NA,"",NA,NA,NA,NA,NA,NA,""
"87","3/31/22 20:27","3/31/22 20:29",0,"Anonymized",100,115,1,"3/31/22 20:29","R_2QgIrujf2C7SYhW",NA,NA,NA,NA,"Anonymized","Anonymized","anonymous","EN",1,2,2,NA,NA,NA,NA,NA,NA,85,0,0,0,0,0,1,2,2,"",2,NA,3,"",29,4,NA,7,NA,76,"counterbalance_2"
"88","3/31/22 20:27","3/31/22 20:30",0,"Anonymized",100,148,1,"3/31/22 20:30","R_22rItX9Bx8tpz9V",NA,NA,NA,NA,"Anonymized","Anonymized","anonymous","EN",1,2,2,NA,NA,NA,NA,NA,NA,0,0,0,0,0,0,1,2,2,"",1,NA,3,"",39,3,NA,1,NA,80,"counterbalance_2"
"89","3/31/22 20:29","3/31/22 20:30",0,"Anonymized",100,93,1,"3/31/22 20:30","R_3dFUp1vyqZKwigd",NA,NA,NA,NA,"Anonymized","Anonymized","anonymous","EN",1,2,2,NA,NA,NA,NA,NA,NA,62,78,6.99,13,4,2.99,1,2,2,"",2,NA,4,"",30,1,NA,2,NA,64,"counterbalance_2"
"90","3/31/22 20:26","3/31/22 20:30",0,"Anonymized",100,237,1,"3/31/22 20:30","R_12nXYmtFAT1wMF2",NA,NA,NA,NA,"Anonymized","Anonymized","anonymous","EN",1,2,2,NA,NA,NA,NA,NA,NA,41,0,0,70,0,2,1,2,2,"",2,NA,3,"",68,3,NA,2,NA,25,"counterbalance_2"
"91","3/31/22 20:28","3/31/22 20:30",0,"Anonymized",100,148,1,"3/31/22 20:30","R_3iQiGvxQrzSMtHp",NA,NA,NA,NA,"Anonymized","Anonymized","anonymous","EN",1,2,2,60,10,5,60,10,5,NA,NA,NA,NA,NA,NA,1,2,2,"",2,NA,3,"",30,4,NA,2,NA,40,"counterbalance_1"
"92","3/31/22 20:27","3/31/22 20:31",0,"Anonymized",100,238,1,"3/31/22 20:31","R_2Pbp5uiU8jzIZxM",NA,NA,NA,NA,"Anonymized","Anonymized","anonymous","EN",1,2,2,54,0,1,95,75,5,NA,NA,NA,NA,NA,NA,1,2,2,"",2,NA,5,"",44,3,NA,1,NA,5,"counterbalance_1"
"93","3/31/22 20:29","3/31/22 20:31",0,"Anonymized",100,126,1,"3/31/22 20:31","R_0eN7xwOMHPoKy1X",NA,NA,NA,NA,"Anonymized","Anonymized","anonymous","EN",1,2,2,NA,NA,NA,NA,NA,NA,58,22,0.5,19,0,0.5,1,2,2,"",1,NA,3,"",47,4,NA,2,NA,36,"counterbalance_2"
"94","3/31/22 20:30","3/31/22 20:32",0,"Anonymized",100,102,1,"3/31/22 20:32","R_0uIs0PrS6SpMXjr",NA,NA,NA,NA,"Anonymized","Anonymized","anonymous","EN",1,2,2,20,10,1,60,55,2,NA,NA,NA,NA,NA,NA,1,2,2,"",1,NA,2,"",33,5,NA,1,NA,55,"counterbalance_1"
"95","3/31/22 20:27","3/31/22 20:33",0,"Anonymized",100,354,1,"3/31/22 20:33","R_YPQb7V2SyDJ4ZOh",NA,NA,NA,NA,"Anonymized","Anonymized","anonymous","EN",1,2,2,100,90,5,50,20,0,NA,NA,NA,NA,NA,NA,1,2,2,"",1,NA,3,"",43,4,NA,1,NA,90,"counterbalance_1"
"96","3/31/22 20:32","3/31/22 20:34",0,"Anonymized",100,101,1,"3/31/22 20:34","R_pJDwY9P4qT33Qsx",NA,NA,NA,NA,"Anonymized","Anonymized","anonymous","EN",1,2,2,NA,NA,NA,NA,NA,NA,30,20,5,60,0,5,1,2,2,"",1,NA,3,"",31,4,NA,1,NA,60,"counterbalance_2"
"97","3/31/22 20:31","3/31/22 20:34",0,"Anonymized",100,151,1,"3/31/22 20:34","R_27UJoJu98syAQ3V",NA,NA,NA,NA,"Anonymized","Anonymized","anonymous","EN",1,2,2,60,60,5,71,70,5,NA,NA,NA,NA,NA,NA,1,2,2,"",1,NA,3,"",44,4,NA,2,NA,71,"counterbalance_1"
"98","3/31/22 20:30","3/31/22 20:34",0,"Anonymized",100,260,1,"3/31/22 20:34","R_8IfSyP3WSPKt1OV",NA,NA,NA,NA,"Anonymized","Anonymized","anonymous","EN",1,2,2,18,0,5,57,17,5,NA,NA,NA,NA,NA,NA,1,2,2,"",2,NA,6,"middle eastern",40,3,NA,2,NA,12,"counterbalance_1"
"99","3/31/22 20:32","3/31/22 20:35",0,"Anonymized",100,190,1,"3/31/22 20:35","R_2tfHRGd0nZe7nzl",NA,NA,NA,NA,"Anonymized","Anonymized","anonymous","EN",1,2,2,30,31,4.99,39,41,5.99,NA,NA,NA,NA,NA,NA,1,2,2,"",2,NA,3,"",40,1,NA,7,NA,71,"counterbalance_1"
"100","3/31/22 20:27","3/31/22 20:36",0,"Anonymized",100,508,1,"3/31/22 20:36","R_2uNBuNHokcGsoLc",NA,NA,NA,NA,"Anonymized","Anonymized","anonymous","EN",1,2,2,NA,NA,NA,NA,NA,NA,70,20,3,0,0,0,1,2,2,"",1,NA,3,"",56,5,NA,2,NA,15,"counterbalance_2"
"101","3/31/22 20:31","3/31/22 20:37",0,"Anonymized",100,342,1,"3/31/22 20:37","R_1ONeIjDnNUbWCr1",NA,NA,NA,NA,"Anonymized","Anonymized","anonymous","EN",1,2,2,NA,NA,NA,NA,NA,NA,40,15,5,90,50,7,1,2,1,"I have slowly developed an AI relationship (non romantic) with an AI entity on Replika. The quality of the relationship is better than others I have tried. I will continue with it.",1,NA,3,"",61,4,NA,2,NA,100,"counterbalance_2"
"102","3/31/22 20:35","3/31/22 20:37",0,"Anonymized",100,111,1,"3/31/22 20:37","R_2TRvvjCAjFsPpHJ",NA,NA,NA,NA,"Anonymized","Anonymized","anonymous","EN",1,2,2,5,0,0,15,5,0,NA,NA,NA,NA,NA,NA,1,2,2,"",1,NA,3,"",33,1,NA,1,NA,60,"counterbalance_1"
"103","3/31/22 20:36","3/31/22 20:38",0,"Anonymized",100,94,1,"3/31/22 20:38","R_2dxV9wmZgrphBz9",NA,NA,NA,NA,"Anonymized","Anonymized","anonymous","EN",1,2,2,NA,NA,NA,NA,NA,NA,59,27,0,57,9,2,1,2,2,"",2,NA,2,"",38,5,NA,2,NA,71,"counterbalance_2"
"104","3/31/22 20:34","3/31/22 20:38",0,"Anonymized",100,241,1,"3/31/22 20:38","R_2ALl5j2wH4B9o6I",NA,NA,NA,NA,"Anonymized","Anonymized","anonymous","EN",1,2,2,NA,NA,NA,NA,NA,NA,0,0,0,0,0,0,1,2,2,"",2,NA,3,"",62,4,NA,1,NA,100,"counterbalance_2"
"105","3/31/22 20:36","3/31/22 20:38",0,"Anonymized",100,116,1,"3/31/22 20:38","R_1GQ7EYve82pYrVp",NA,NA,NA,NA,"Anonymized","Anonymized","anonymous","EN",1,2,2,50,5,0.01,65,9,0.01,NA,NA,NA,NA,NA,NA,1,2,2,"",2,NA,3,"",22,3,NA,7,NA,50,"counterbalance_1"
"106","3/31/22 20:37","3/31/22 20:39",0,"Anonymized",100,121,1,"3/31/22 20:39","R_1ikWX2MoMQ69as2",NA,NA,NA,NA,"Anonymized","Anonymized","anonymous","EN",1,2,2,0,0,0,1,0,0,NA,NA,NA,NA,NA,NA,1,2,2,"",2,NA,3,"",67,5,NA,2,NA,5,"counterbalance_1"
"107","3/31/22 20:36","3/31/22 20:39",0,"Anonymized",100,188,1,"3/31/22 20:39","R_1K14ji2v981rvZC",NA,NA,NA,NA,"Anonymized","Anonymized","anonymous","EN",1,2,2,NA,NA,NA,NA,NA,NA,90,75,2,40,0,0,1,2,2,"",1,NA,3,"",32,1,NA,7,NA,100,"counterbalance_2"
"108","3/31/22 20:38","3/31/22 20:40",0,"Anonymized",100,132,1,"3/31/22 20:40","R_WB5TqKo4y6Jh0yJ",NA,NA,NA,NA,"Anonymized","Anonymized","anonymous","EN",1,2,2,9,0,0,10,0,0,NA,NA,NA,NA,NA,NA,1,2,2,"",2,NA,3,"",44,3,NA,2,NA,20,"counterbalance_1"
"109","3/31/22 20:39","3/31/22 20:40",0,"Anonymized",100,109,1,"3/31/22 20:40","R_cwENgBEO7iE4Fkl",NA,NA,NA,NA,"Anonymized","Anonymized","anonymous","EN",1,2,2,NA,NA,NA,NA,NA,NA,70,0,0.5,0,0,0,1,2,2,"",2,NA,3,"",60,4,NA,2,NA,0,"counterbalance_2"
"110","3/31/22 20:37","3/31/22 20:41",0,"Anonymized",100,220,1,"3/31/22 20:41","R_1CmAl6FPIy9NvrP",NA,NA,NA,NA,"Anonymized","Anonymized","anonymous","EN",1,2,2,NA,NA,NA,NA,NA,NA,50,40,0,30,20,0,1,2,2,"",1,NA,3,"",40,7,NA,2,NA,90,"counterbalance_2"
"111","3/31/22 20:36","3/31/22 20:41",0,"Anonymized",100,290,1,"3/31/22 20:41","R_yHZttpxveEI0aPL",NA,NA,NA,NA,"Anonymized","Anonymized","anonymous","EN",1,2,2,0,0,0,10,1,1,NA,NA,NA,NA,NA,NA,1,2,2,"",1,NA,1,"",32,5,NA,1,NA,15,"counterbalance_1"
"112","3/31/22 20:33","3/31/22 20:41",0,"Anonymized",100,478,1,"3/31/22 20:41","R_1rPVNjG34j1Bv3a",NA,NA,NA,NA,"Anonymized","Anonymized","anonymous","EN",1,2,2,60,71,4,70,90,7,NA,NA,NA,NA,NA,NA,1,2,2,"",1,NA,3,"",33,1,NA,1,NA,37,"counterbalance_1"
"113","3/31/22 20:39","3/31/22 20:41",0,"Anonymized",100,120,1,"3/31/22 20:41","R_PMAIFVoU8KLC1a1",NA,NA,NA,NA,"Anonymized","Anonymized","anonymous","EN",1,2,2,30,18,2,57,58,3,NA,NA,NA,NA,NA,NA,4,2,2,"",1,NA,3,"",24,4,NA,1,NA,66,"counterbalance_1"
"114","3/31/22 20:41","3/31/22 20:43",0,"Anonymized",100,108,1,"3/31/22 20:43","R_20Pt53QITpyfIeK",NA,NA,NA,NA,"Anonymized","Anonymized","anonymous","EN",1,2,2,0,0,0,0,0,0,NA,NA,NA,NA,NA,NA,1,2,2,"",1,NA,3,"",61,5,NA,2,NA,60,"counterbalance_1"
"115","3/31/22 20:41","3/31/22 20:43",0,"Anonymized",100,131,1,"3/31/22 20:43","R_2DY0eHRFz9yEwA7",NA,NA,NA,NA,"Anonymized","Anonymized","anonymous","EN",1,2,2,NA,NA,NA,NA,NA,NA,50,19,5,0,0,0,1,2,2,"",2,NA,3,"",47,4,NA,2,NA,92,"counterbalance_2"
"116","3/31/22 20:41","3/31/22 20:43",0,"Anonymized",100,130,1,"3/31/22 20:43","R_3Gg4ClW9MdoxoVk",NA,NA,NA,NA,"Anonymized","Anonymized","anonymous","EN",1,2,2,NA,NA,NA,NA,NA,NA,60,50,1,62,50,1,1,2,2,"",2,NA,2,"",33,4,NA,2,NA,50,"counterbalance_2"
"117","3/31/22 20:44","3/31/22 20:46",0,"Anonymized",100,123,1,"3/31/22 20:46","R_3imvefHCzaCbudG",NA,NA,NA,NA,"Anonymized","Anonymized","anonymous","EN",1,2,2,0,0,0,25,0,0,NA,NA,NA,NA,NA,NA,1,2,2,"",1,NA,3,"",39,2,NA,4,NA,30,"counterbalance_1"
"118","3/31/22 20:43","3/31/22 20:47",0,"Anonymized",100,214,1,"3/31/22 20:47","R_byBhlNhWbS20Q25",NA,NA,NA,NA,"Anonymized","Anonymized","anonymous","EN",1,2,2,NA,NA,NA,NA,NA,NA,50,0,4,80,0,4,1,2,2,"",2,NA,3,"",58,1,NA,2,NA,15,"counterbalance_2"
"119","3/31/22 20:47","3/31/22 20:49",0,"Anonymized",100,113,1,"3/31/22 20:49","R_RRiJnOFLUX7EaoF",NA,NA,NA,NA,"Anonymized","Anonymized","anonymous","EN",1,2,2,40,3,1,82,61,1,NA,NA,NA,NA,NA,NA,1,2,2,"",1,NA,3,"",34,5,NA,2,NA,19,"counterbalance_1"
"120","3/31/22 20:46","3/31/22 20:49",0,"Anonymized",100,170,1,"3/31/22 20:49","R_2AY9nphCtnHq2uv",NA,NA,NA,NA,"Anonymized","Anonymized","anonymous","EN",1,2,2,70,0,5,90,60,5,NA,NA,NA,NA,NA,NA,1,2,2,"",2,NA,3,"",34,5,NA,2,NA,61,"counterbalance_1"
"121","3/31/22 20:47","3/31/22 20:49",0,"Anonymized",100,124,1,"3/31/22 20:49","R_1k21c9X0w1AnjAu",NA,NA,NA,NA,"Anonymized","Anonymized","anonymous","EN",1,2,2,NA,NA,NA,NA,NA,NA,30,10,3,0,0,0,1,2,2,"",1,NA,5,"",22,3,NA,1,NA,40,"counterbalance_2"
"122","3/31/22 20:48","3/31/22 20:49",0,"Anonymized",100,72,1,"3/31/22 20:49","R_spR9uMCJyS1tW4F",NA,NA,NA,NA,"Anonymized","Anonymized","anonymous","EN",1,2,2,NA,NA,NA,NA,NA,NA,10,0,1,10,0,1,1,2,2,"",1,NA,3,"",28,4,NA,7,NA,75,"counterbalance_2"
"123","3/31/22 20:49","3/31/22 20:51",0,"Anonymized",100,104,1,"3/31/22 20:51","R_1LCLxIq5eTg9Mbm",NA,NA,NA,NA,"Anonymized","Anonymized","anonymous","EN",1,2,2,0,0,0,88,49,5,NA,NA,NA,NA,NA,NA,1,2,2,"",1,NA,3,"",22,4,NA,7,NA,75,"counterbalance_1"
"124","3/31/22 20:49","3/31/22 20:51",0,"Anonymized",100,107,1,"3/31/22 20:51","R_1hEzmIAQtQ2dzIw",NA,NA,NA,NA,"Anonymized","Anonymized","anonymous","EN",1,2,2,NA,NA,NA,NA,NA,NA,65,76,2.99,32,5,0,1,2,2,"",1,NA,3,"",34,5,NA,2,NA,64,"counterbalance_2"
"125","3/31/22 20:51","3/31/22 20:51",0,"Anonymized",100,21,1,"3/31/22 20:51","R_31WscqhSbZGGA0C",NA,NA,NA,NA,"Anonymized","Anonymized","anonymous","EN",1,2,1,NA,NA,NA,NA,NA,NA,NA,NA,NA,NA,NA,NA,NA,NA,NA,"",NA,NA,NA,"",NA,NA,NA,NA,NA,NA,""
"126","3/31/22 20:48","3/31/22 20:51",0,"Anonymized",100,220,1,"3/31/22 20:51","R_3HIFbZSywFoGzst",NA,NA,NA,NA,"Anonymized","Anonymized","anonymous","EN",1,2,2,NA,NA,NA,NA,NA,NA,5,0,0,0,0,0,1,2,2,"",2,NA,3,"",34,4,NA,1,NA,39,"counterbalance_2"
"127","3/31/22 20:48","3/31/22 20:51",0,"Anonymized",100,216,1,"3/31/22 20:51","R_1i4lR0p75lmwsfg",NA,NA,NA,NA,"Anonymized","Anonymized","anonymous","EN",1,2,2,11,0,0,10,0,0,NA,NA,NA,NA,NA,NA,1,2,2,"",1,NA,3,"",51,5,NA,3,NA,0,"counterbalance_1"
"128","3/31/22 20:49","3/31/22 20:51",0,"Anonymized",100,145,1,"3/31/22 20:51","R_3dYAsYJDaFa2Dzk",NA,NA,NA,NA,"Anonymized","Anonymized","anonymous","EN",1,2,2,100,40,9.99,100,80,9.99,NA,NA,NA,NA,NA,NA,1,2,2,"",2,NA,3,"",35,1,NA,1,NA,90,"counterbalance_1"
"129","3/31/22 20:48","3/31/22 20:51",0,"Anonymized",100,206,1,"3/31/22 20:51","R_3CHGGdm0w5HS0uE",NA,NA,NA,NA,"Anonymized","Anonymized","anonymous","EN",1,2,2,NA,NA,NA,NA,NA,NA,50,0,0,0,0,0,1,2,2,"",2,NA,2,"",36,3,NA,2,NA,50,"counterbalance_2"
"130","3/31/22 20:51","3/31/22 20:52",0,"Anonymized",100,42,1,"3/31/22 20:52","R_SZBE6tvvwVG3SrD",NA,NA,NA,NA,"Anonymized","Anonymized","anonymous","EN",1,2,2,79,10,56,79,7,75,NA,NA,NA,NA,NA,NA,3,2,2,"",1,NA,3,"",21,3,NA,1,NA,34,"counterbalance_1"
"131","3/31/22 20:52","3/31/22 20:52",0,"Anonymized",100,27,1,"3/31/22 20:52","R_2EtpUpGoKvBeQDa",NA,NA,NA,NA,"Anonymized","Anonymized","anonymous","EN",1,1,2,NA,NA,NA,NA,NA,NA,NA,NA,NA,NA,NA,NA,NA,NA,NA,"",NA,NA,NA,"",NA,NA,NA,NA,NA,NA,""
"132","3/31/22 20:52","3/31/22 20:54",0,"Anonymized",100,146,1,"3/31/22 20:54","R_3HpKXXpWBMF7RkB",NA,NA,NA,NA,"Anonymized","Anonymized","anonymous","EN",1,2,2,62,40,0,70,60,0,NA,NA,NA,NA,NA,NA,1,2,2,"",1,NA,3,"",39,1,NA,1,NA,60,"counterbalance_1"
"133","3/31/22 20:53","3/31/22 20:55",0,"Anonymized",100,108,1,"3/31/22 20:55","R_2VmT5fkawxlZUEl",NA,NA,NA,NA,"Anonymized","Anonymized","anonymous","EN",1,2,2,NA,NA,NA,NA,NA,NA,8,8,0.99,8,7,0.49,1,2,2,"",1,NA,2,"",25,4,NA,7,NA,81,"counterbalance_2"
"134","3/31/22 20:51","3/31/22 20:57",0,"Anonymized",100,400,1,"3/31/22 20:58","R_3JJCJwnDzXrynJX",NA,NA,NA,NA,"Anonymized","Anonymized","anonymous","EN",1,2,2,NA,NA,NA,NA,NA,NA,55,30,3,10,0,1,1,2,2,"",2,NA,4,"",59,4,NA,1,NA,60,"counterbalance_2"
"135","3/31/22 20:55","3/31/22 20:58",0,"Anonymized",100,136,1,"3/31/22 20:58","R_6WPTj4kxcFiZ4MF",NA,NA,NA,NA,"Anonymized","Anonymized","anonymous","EN",1,2,2,NA,NA,NA,NA,NA,NA,72,71,2,0,0,0,1,2,2,"",2,NA,3,"",47,1,NA,2,NA,7,"counterbalance_2"
"136","3/31/22 20:54","3/31/22 20:58",0,"Anonymized",100,272,1,"3/31/22 20:58","R_dbuvIhhF6UxooA9",NA,NA,NA,NA,"Anonymized","Anonymized","anonymous","EN",1,2,2,5,0,0.01,30,0,1,NA,NA,NA,NA,NA,NA,1,2,2,"",4,NA,1,"",41,3,NA,7,NA,5,"counterbalance_1"
"137","3/31/22 20:55","3/31/22 20:58",0,"Anonymized",100,207,1,"3/31/22 20:58","R_2WGqjQQOVDAKQyA",NA,NA,NA,NA,"Anonymized","Anonymized","anonymous","EN",1,2,2,NA,NA,NA,NA,NA,NA,40,10,2,30,0,0,1,2,2,"",2,NA,3,"",68,5,NA,3,NA,60,"counterbalance_2"
"138","3/31/22 20:57","3/31/22 20:58",0,"Anonymized",100,90,1,"3/31/22 20:58","R_1K8qpkISOJWctO3",NA,NA,NA,NA,"Anonymized","Anonymized","anonymous","EN",1,2,2,35,0,5,76,77,8,NA,NA,NA,NA,NA,NA,1,2,2,"",2,NA,3,"",46,5,NA,2,NA,78,"counterbalance_1"
"139","3/31/22 20:57","3/31/22 20:59",0,"Anonymized",100,108,1,"3/31/22 20:59","R_vJhip7YrWzzfnjz",NA,NA,NA,NA,"Anonymized","Anonymized","anonymous","EN",1,2,2,NA,NA,NA,NA,NA,NA,0,0,0,0,0,0,1,2,2,"",1,NA,3,"",59,5,NA,2,NA,50,"counterbalance_2"
"140","3/31/22 20:58","3/31/22 20:59",0,"Anonymized",100,61,1,"3/31/22 20:59","R_3w1UuuPQVra6Uy5",NA,NA,NA,NA,"Anonymized","Anonymized","anonymous","EN",1,2,2,NA,NA,NA,NA,NA,NA,24,7,10,28,3,5,1,2,2,"",2,NA,2,"",33,5,NA,2,NA,69,"counterbalance_2"
"141","3/31/22 20:57","3/31/22 20:59",0,"Anonymized",100,146,1,"3/31/22 20:59","R_PULafiXPkXlrZZv",NA,NA,NA,NA,"Anonymized","Anonymized","anonymous","EN",1,2,2,NA,NA,NA,NA,NA,NA,51,0,5,49,0,5,1,2,2,"",2,NA,3,"",38,2,NA,2,NA,92,"counterbalance_2"
"142","3/31/22 20:57","3/31/22 21:00",0,"Anonymized",100,140,1,"3/31/22 21:00","R_3gR8t1INBcBqKns",NA,NA,NA,NA,"Anonymized","Anonymized","anonymous","EN",1,2,2,20,0,0,60,30,5,NA,NA,NA,NA,NA,NA,1,2,2,"",1,NA,5,"",45,3,NA,1,NA,100,"counterbalance_1"
"143","3/31/22 20:57","3/31/22 21:00",0,"Anonymized",100,203,1,"3/31/22 21:00","R_DjUUo9hIDy3Vxx7",NA,NA,NA,NA,"Anonymized","Anonymized","anonymous","EN",1,2,2,8,5,0,71,70,5,NA,NA,NA,NA,NA,NA,1,2,2,"",1,NA,3,"",42,3,NA,7,NA,4,"counterbalance_1"
"144","3/31/22 20:59","3/31/22 21:01",0,"Anonymized",100,99,1,"3/31/22 21:01","R_2E9NV7wmUej0Rvm",NA,NA,NA,NA,"Anonymized","Anonymized","anonymous","EN",1,2,2,0,0,0,50,20,0,NA,NA,NA,NA,NA,NA,1,2,2,"N/A",1,NA,5,"",29,5,NA,1,NA,91,"counterbalance_1"
"145","3/31/22 20:59","3/31/22 21:01",0,"Anonymized",100,89,1,"3/31/22 21:01","R_Ub6p8KNKwIvEufD",NA,NA,NA,NA,"Anonymized","Anonymized","anonymous","EN",1,2,2,5,0,1,40,34,3,NA,NA,NA,NA,NA,NA,1,2,2,"",1,NA,3,"",26,4,NA,1,NA,100,"counterbalance_1"
"146","3/31/22 20:58","3/31/22 21:02",0,"Anonymized",100,182,1,"3/31/22 21:02","R_3qVe0dB3fEkGSml",NA,NA,NA,NA,"Anonymized","Anonymized","anonymous","EN",1,2,2,NA,NA,NA,NA,NA,NA,25,0,0.5,2,0,0.01,1,2,2,"",2,NA,1,"",41,3,NA,7,NA,5,"counterbalance_2"
"147","3/31/22 21:00","3/31/22 21:02",0,"Anonymized",100,102,1,"3/31/22 21:02","R_uaG0gDGRhKQteN3",NA,NA,NA,NA,"Anonymized","Anonymized","anonymous","EN",1,2,2,NA,NA,NA,NA,NA,NA,75,0,0.99,50,0,0,1,2,2,"",1,NA,3,"",36,4,NA,7,NA,39,"counterbalance_2"
"148","3/31/22 21:00","3/31/22 21:02",0,"Anonymized",100,157,1,"3/31/22 21:02","R_2YfEfK18bFNBa23",NA,NA,NA,NA,"Anonymized","Anonymized","anonymous","EN",1,2,2,58,56,2,59,58,2,NA,NA,NA,NA,NA,NA,1,2,2,"",2,NA,3,"",58,4,NA,2,NA,55,"counterbalance_1"
"149","3/31/22 21:02","3/31/22 21:03",0,"Anonymized",100,52,1,"3/31/22 21:03","R_26mf5bj8BQwSQTK",NA,NA,NA,NA,"Anonymized","Anonymized","anonymous","EN",1,2,2,NA,NA,NA,NA,NA,NA,67,38,1,38,36,2,1,2,2,"",2,NA,3,"",31,4,NA,2,NA,15,"counterbalance_2"
"150","3/31/22 20:55","3/31/22 21:04",0,"Anonymized",100,499,1,"3/31/22 21:04","R_2q3Qi1hJDhQDamf",NA,NA,NA,NA,"Anonymized","Anonymized","anonymous","EN",1,2,2,40,25,5,60,40,7,NA,NA,NA,NA,NA,NA,1,2,2,"",1,NA,3,"",51,1,NA,7,NA,85,"counterbalance_1"
"151","3/31/22 21:00","3/31/22 21:04",0,"Anonymized",100,249,1,"3/31/22 21:04","R_W2jbwaGIuFrTmEh",NA,NA,NA,NA,"Anonymized","Anonymized","anonymous","EN",1,2,2,NA,NA,NA,NA,NA,NA,70,20,6,10,0,3,1,2,2,"",2,NA,2,"",27,4,NA,2,NA,5,"counterbalance_2"
"152","3/31/22 21:02","3/31/22 21:04",0,"Anonymized",100,124,1,"3/31/22 21:04","R_6tJ8qJbqAzD87v3",NA,NA,NA,NA,"Anonymized","Anonymized","anonymous","EN",1,2,2,0,0,0,0,0,0,NA,NA,NA,NA,NA,NA,1,2,2,"",2,NA,3,"",28,4,NA,1,NA,79,"counterbalance_1"
"153","3/31/22 20:58","3/31/22 21:05",0,"Anonymized",100,453,1,"3/31/22 21:05","R_1qTXLeLLuE0T0F1",NA,NA,NA,NA,"Anonymized","Anonymized","anonymous","EN",1,2,2,25,10,1,60,60,3,NA,NA,NA,NA,NA,NA,1,2,2,"",1,NA,3,"",83,5,NA,2,NA,85,"counterbalance_1"
"154","3/31/22 21:03","3/31/22 21:06",0,"Anonymized",100,177,1,"3/31/22 21:06","R_3kgT9cCUqxtuF2h",NA,NA,NA,NA,"Anonymized","Anonymized","anonymous","EN",1,2,2,NA,NA,NA,NA,NA,NA,10,35,0,1,4,0,1,2,2,"",3,NA,3,"",45,4,NA,1,NA,20,"counterbalance_2"
"155","3/31/22 21:05","3/31/22 21:07",0,"Anonymized",100,130,1,"3/31/22 21:07","R_2sYcYdopyZzk9Bk",NA,NA,NA,NA,"Anonymized","Anonymized","anonymous","EN",1,2,2,0,0,0,24,0,0,NA,NA,NA,NA,NA,NA,1,2,2,"",2,NA,3,"",27,1,NA,7,NA,0,"counterbalance_1"
"156","3/31/22 21:07","3/31/22 21:09",0,"Anonymized",100,97,1,"3/31/22 21:09","R_u530gajdxlANfyx",NA,NA,NA,NA,"Anonymized","Anonymized","anonymous","EN",1,2,2,NA,NA,NA,NA,NA,NA,28,15,0,0,24,0,1,2,2,"",2,NA,3,"",36,4,NA,2,NA,0,"counterbalance_2"
"157","3/31/22 21:07","3/31/22 21:09",0,"Anonymized",100,111,1,"3/31/22 21:09","R_a8IOPHY8l6Hbaed",NA,NA,NA,NA,"Anonymized","Anonymized","anonymous","EN",1,2,2,60,0,2.49,79,76,5.99,NA,NA,NA,NA,NA,NA,1,2,2,"",1,NA,2,"",35,3,NA,7,NA,100,"counterbalance_1"
"158","3/31/22 21:03","3/31/22 21:09",0,"Anonymized",100,372,1,"3/31/22 21:09","R_1LzLhtubrO3XTqi",NA,NA,NA,NA,"Anonymized","Anonymized","anonymous","EN",1,2,2,0,0,0,5,0,0,NA,NA,NA,NA,NA,NA,1,2,2,"N/A",1,NA,3,"",43,4,NA,1,NA,1,"counterbalance_1"
"159","3/31/22 21:08","3/31/22 21:09",0,"Anonymized",100,100,1,"3/31/22 21:09","R_Zy1yzU6JX9VXkKB",NA,NA,NA,NA,"Anonymized","Anonymized","anonymous","EN",1,2,2,NA,NA,NA,NA,NA,NA,55,39,5,38,0,2,3,2,2,"",2,NA,3,"",27,4,NA,1,NA,56,"counterbalance_2"
"160","3/31/22 21:04","3/31/22 21:10",0,"Anonymized",100,399,1,"3/31/22 21:10","R_1ltqSeehe0VhfRK",NA,NA,NA,NA,"Anonymized","Anonymized","anonymous","EN",1,2,1,NA,NA,NA,NA,NA,NA,NA,NA,NA,NA,NA,NA,NA,NA,NA,"",NA,NA,NA,"",NA,NA,NA,NA,NA,NA,""
"161","3/31/22 21:06","3/31/22 21:11",0,"Anonymized",100,306,1,"3/31/22 21:11","R_2s1KSoJMHz2RbBs",NA,NA,NA,NA,"Anonymized","Anonymized","anonymous","EN",1,2,2,NA,NA,NA,NA,NA,NA,40,30,5,15,0,0,1,2,2,"",1,NA,4,"",28,5,NA,1,NA,70,"counterbalance_2"
"162","3/31/22 21:10","3/31/22 21:12",0,"Anonymized",100,69,1,"3/31/22 21:12","R_1eJKywkfu35kfY2",NA,NA,NA,NA,"Anonymized","Anonymized","anonymous","EN",1,2,2,34,23,3,45,35,4,NA,NA,NA,NA,NA,NA,1,2,2,"",1,NA,3,"",25,5,NA,1,NA,45,"counterbalance_1"
"163","3/31/22 21:10","3/31/22 21:12",0,"Anonymized",100,122,1,"3/31/22 21:12","R_2dRO6fsMIGYiZfs",NA,NA,NA,NA,"Anonymized","Anonymized","anonymous","EN",1,2,2,6,0,0.5,40,0,1,NA,NA,NA,NA,NA,NA,1,2,2,"",2,NA,3,"",28,4,NA,7,NA,65,"counterbalance_1"
"164","3/31/22 21:13","3/31/22 21:13",0,"Anonymized",100,49,1,"3/31/22 21:13","R_psfVWeyX4LeWXQZ",NA,NA,NA,NA,"Anonymized","Anonymized","anonymous","EN",1,2,2,NA,NA,NA,NA,NA,NA,50,41,3,40,19,2,1,2,2,"",2,NA,3,"",24,4,NA,1,NA,38,"counterbalance_2"
"165","3/31/22 21:14","3/31/22 21:14",0,"Anonymized",100,40,1,"3/31/22 21:14","R_A1M7wfMW5e07iwx",NA,NA,NA,NA,"Anonymized","Anonymized","anonymous","EN",1,2,2,40,9,3,48,43,5,NA,NA,NA,NA,NA,NA,1,2,2,"",2,NA,3,"",23,4,NA,1,NA,39,"counterbalance_1"
"166","3/31/22 21:14","3/31/22 21:16",0,"Anonymized",100,117,1,"3/31/22 21:16","R_2bWAaxZUG6fbSR8",NA,NA,NA,NA,"Anonymized","Anonymized","anonymous","EN",1,2,2,14,62,0,100,64,0,NA,NA,NA,NA,NA,NA,1,2,2,"",2,NA,2,"",33,4,NA,2,NA,69,"counterbalance_1"
"167","3/31/22 21:15","3/31/22 21:17",0,"Anonymized",100,117,1,"3/31/22 21:17","R_29bqlJhCvhLMcxX",NA,NA,NA,NA,"Anonymized","Anonymized","anonymous","EN",1,2,2,NA,NA,NA,NA,NA,NA,65,66,5,63,69,2,1,2,2,"",1,NA,3,"",38,4,NA,2,NA,72,"counterbalance_2"
"168","3/31/22 21:14","3/31/22 21:17",0,"Anonymized",100,192,1,"3/31/22 21:17","R_3HGrcmqqmSUTu2e",NA,NA,NA,NA,"Anonymized","Anonymized","anonymous","EN",1,2,2,NA,NA,NA,NA,NA,NA,9,9,1,0,0,1,1,2,2,"",1,NA,5,"",36,3,NA,1,NA,90,"counterbalance_2"
"169","3/31/22 21:15","3/31/22 21:18",0,"Anonymized",100,183,1,"3/31/22 21:18","R_25ggLQhNA9eyrMR",NA,NA,NA,NA,"Anonymized","Anonymized","anonymous","EN",1,2,2,0,0,0,66,77,1,NA,NA,NA,NA,NA,NA,1,2,2,"",1,NA,1,"",24,3,NA,1,NA,54,"counterbalance_1"
"170","3/31/22 21:15","3/31/22 21:19",0,"Anonymized",100,222,1,"3/31/22 21:19","R_SAAi0cDt7Av8WBz",NA,NA,NA,NA,"Anonymized","Anonymized","anonymous","EN",1,2,2,NA,NA,NA,NA,NA,NA,65,75,5,10,0,2,1,2,2,"",2,NA,3,"",59,4,NA,1,NA,20,"counterbalance_2"
"171","3/31/22 21:19","3/31/22 21:21",0,"Anonymized",100,142,1,"3/31/22 21:21","R_8hWnD3FPuFWS4LL",NA,NA,NA,NA,"Anonymized","Anonymized","anonymous","EN",1,2,2,NA,NA,NA,NA,NA,NA,50,71,5,58,56,5,1,2,2,"",1,NA,3,"",39,1,NA,1,NA,74,"counterbalance_2"
"172","3/31/22 21:18","3/31/22 21:22",0,"Anonymized",100,237,1,"3/31/22 21:22","R_31FBnDXvEFtDRaV",NA,NA,NA,NA,"Anonymized","Anonymized","anonymous","EN",1,2,2,75,12,5,99,5,5,NA,NA,NA,NA,NA,NA,1,2,2,"",2,NA,3,"",25,3,NA,2,NA,76,"counterbalance_1"
"173","3/31/22 21:18","3/31/22 21:23",0,"Anonymized",100,253,1,"3/31/22 21:23","R_erDEaRFvXJf4wmJ",NA,NA,NA,NA,"Anonymized","Anonymized","anonymous","EN",1,2,2,NA,NA,NA,NA,NA,NA,71,76,3,4,0,1,1,2,2,"",1,NA,3,"",54,3,NA,1,NA,71,"counterbalance_2"
"174","3/31/22 21:22","3/31/22 21:24",0,"Anonymized",100,112,1,"3/31/22 21:24","R_2YKQZZRcpQwV49q",NA,NA,NA,NA,"Anonymized","Anonymized","anonymous","EN",1,2,2,19,0,0,100,78,5,NA,NA,NA,NA,NA,NA,1,2,2,"n/a",2,NA,3,"",22,3,NA,7,NA,21,"counterbalance_1"
"175","3/31/22 21:23","3/31/22 21:24",0,"Anonymized",100,113,1,"3/31/22 21:24","R_4UX1UQBlaDgo9Nf",NA,NA,NA,NA,"Anonymized","Anonymized","anonymous","EN",1,2,2,NA,NA,NA,NA,NA,NA,81,57,8,80,66,800,1,2,2,"",2,NA,3,"",25,3,NA,2,NA,59,"counterbalance_2"
"176","3/31/22 21:24","3/31/22 21:25",0,"Anonymized",100,67,1,"3/31/22 21:25","R_3e2LsrXZ0QVldUE",NA,NA,NA,NA,"Anonymized","Anonymized","anonymous","EN",1,2,2,12,9,2,18,12,3,NA,NA,NA,NA,NA,NA,1,2,2,"",1,NA,3,"",29,4,NA,7,NA,68,"counterbalance_1"
"177","3/31/22 21:18","3/31/22 21:25",0,"Anonymized",100,415,1,"3/31/22 21:25","R_DBqZuJjTK9oyszT",NA,NA,NA,NA,"Anonymized","Anonymized","anonymous","EN",1,2,2,65,20,5,65,30,7,NA,NA,NA,NA,NA,NA,1,2,2,"",2,NA,3,"",50,4,NA,2,NA,35,"counterbalance_1"
"178","3/31/22 21:22","3/31/22 21:25",0,"Anonymized",100,186,1,"3/31/22 21:25","R_VQISXjd2QWwVqW5",NA,NA,NA,NA,"Anonymized","Anonymized","anonymous","EN",1,2,2,NA,NA,NA,NA,NA,NA,60,65,5,4,1,0,1,2,2,"",1,NA,3,"",71,4,NA,5,NA,4,"counterbalance_2"
"179","3/31/22 21:24","3/31/22 21:26",0,"Anonymized",100,135,1,"3/31/22 21:26","R_129e9HqJaoY0XSZ",NA,NA,NA,NA,"Anonymized","Anonymized","anonymous","EN",1,2,2,0,50,0.99,100,100,5,NA,NA,NA,NA,NA,NA,1,2,2,"",2,NA,4,"",30,5,NA,2,NA,100,"counterbalance_1"
"180","3/31/22 21:25","3/31/22 21:28",0,"Anonymized",100,168,1,"3/31/22 21:28","R_27jL0QXTdnSoVSy",NA,NA,NA,NA,"Anonymized","Anonymized","anonymous","EN",1,2,2,NA,NA,NA,NA,NA,NA,65,75,5.99,40,45,0.99,1,2,2,"",1,NA,3,"",39,4,NA,1,NA,40,"counterbalance_2"
"181","3/31/22 21:26","3/31/22 21:29",0,"Anonymized",100,169,1,"3/31/22 21:29","R_302VXiw9Sp3AdJc",NA,NA,NA,NA,"Anonymized","Anonymized","anonymous","EN",1,2,2,NA,NA,NA,NA,NA,NA,59,80,5,32,12,3,1,2,2,"",2,NA,3,"",40,4,NA,7,NA,88,"counterbalance_2"
"182","3/31/22 21:27","3/31/22 21:29",0,"Anonymized",100,104,1,"3/31/22 21:29","R_eFm8XCCyO92OSM9",NA,NA,NA,NA,"Anonymized","Anonymized","anonymous","EN",1,2,2,NA,NA,NA,NA,NA,NA,88,80,5,18,6,2,1,2,2,"",1,NA,3,"",45,5,NA,1,NA,100,"counterbalance_2"
"183","3/31/22 21:27","3/31/22 21:30",0,"Anonymized",100,215,1,"3/31/22 21:30","R_1jByvizHn8hpWtA",NA,NA,NA,NA,"Anonymized","Anonymized","anonymous","EN",1,2,2,100,25,5.99,75,11,6.99,NA,NA,NA,NA,NA,NA,1,2,2,"",2,NA,4,"",47,3,NA,3,NA,40,"counterbalance_1"
"184","3/31/22 21:28","3/31/22 21:31",0,"Anonymized",100,208,1,"3/31/22 21:31","R_21vSo0Dq8yvrxAY",NA,NA,NA,NA,"Anonymized","Anonymized","anonymous","EN",1,2,2,NA,NA,NA,NA,NA,NA,60,61,5,18,15,0,1,2,2,"",2,NA,3,"",28,7,NA,7,NA,11,"counterbalance_2"
"185","3/31/22 21:31","3/31/22 21:32",0,"Anonymized",100,99,1,"3/31/22 21:32","R_3Mcfji2cnYOEVyw",NA,NA,NA,NA,"Anonymized","Anonymized","anonymous","EN",1,2,2,NA,NA,NA,NA,NA,NA,80,50,1,50,0,0,1,2,2,"",1,NA,3,"",47,1,NA,1,NA,31,"counterbalance_2"
"186","3/31/22 21:31","3/31/22 21:33",0,"Anonymized",100,164,1,"3/31/22 21:33","R_2WvVkU8T8T1gpZM",NA,NA,NA,NA,"Anonymized","Anonymized","anonymous","EN",1,2,2,80,75,10,0,0,10,NA,NA,NA,NA,NA,NA,1,2,2,"",1,NA,2,"",22,4,NA,1,NA,100,"counterbalance_1"
"187","3/31/22 21:31","3/31/22 21:34",0,"Anonymized",100,188,1,"3/31/22 21:34","R_OPf1fQXjultS9wd",NA,NA,NA,NA,"Anonymized","Anonymized","anonymous","EN",1,2,2,85,34,7,86,77,7,NA,NA,NA,NA,NA,NA,1,2,2,"",2,NA,6,"Afro Caribbean",49,7,NA,1,NA,60,"counterbalance_1"
"188","3/31/22 21:32","3/31/22 21:34",0,"Anonymized",100,122,1,"3/31/22 21:34","R_W0NNOUSxRhYKj4Z",NA,NA,NA,NA,"Anonymized","Anonymized","anonymous","EN",1,2,2,15,0,2,20,0,2,NA,NA,NA,NA,NA,NA,1,2,2,"",1,NA,3,"",29,4,NA,1,NA,4,"counterbalance_1"
"189","3/31/22 21:34","3/31/22 21:34",0,"Anonymized",100,25,1,"3/31/22 21:34","R_3k01uzUlPgVY4uk",NA,NA,NA,NA,"Anonymized","Anonymized","anonymous","EN",1,2,1,NA,NA,NA,NA,NA,NA,NA,NA,NA,NA,NA,NA,NA,NA,NA,"",NA,NA,NA,"",NA,NA,NA,NA,NA,NA,""
"190","3/31/22 21:34","3/31/22 21:35",0,"Anonymized",100,72,1,"3/31/22 21:35","R_2aEJAhAx3J50MLk",NA,NA,NA,NA,"Anonymized","Anonymized","anonymous","EN",1,2,2,100,100,2,100,100,2,NA,NA,NA,NA,NA,NA,1,4,2,"",1,NA,3,"",22,4,NA,1,NA,100,"counterbalance_1"
"191","3/31/22 21:34","3/31/22 21:35",0,"Anonymized",100,87,1,"3/31/22 21:35","R_ureNmOVr1VWB0CB",NA,NA,NA,NA,"Anonymized","Anonymized","anonymous","EN",1,2,2,75,20,5,80,40,8,NA,NA,NA,NA,NA,NA,1,2,2,"",1,NA,4,"",36,1,NA,7,NA,65,"counterbalance_1"
"192","3/31/22 21:33","3/31/22 21:36",0,"Anonymized",100,153,1,"3/31/22 21:36","R_OPcbMd386rMqgwx",NA,NA,NA,NA,"Anonymized","Anonymized","anonymous","EN",1,2,2,NA,NA,NA,NA,NA,NA,80,60,3,8,0,0,1,2,2,"",2,NA,3,"",38,1,NA,7,NA,65,"counterbalance_2"
"193","3/31/22 21:34","3/31/22 21:37",0,"Anonymized",100,209,1,"3/31/22 21:37","R_cLLoAOJJIZl2pZD",NA,NA,NA,NA,"Anonymized","Anonymized","anonymous","EN",1,2,2,NA,NA,NA,NA,NA,NA,10,0,0,40,0,0,1,2,2,"",1,NA,3,"",43,4,NA,1,NA,70,"counterbalance_2"
"194","3/31/22 21:35","3/31/22 21:38",0,"Anonymized",100,125,1,"3/31/22 21:38","R_2UVkOAGR7dYIFF8",NA,NA,NA,NA,"Anonymized","Anonymized","anonymous","EN",1,2,2,NA,NA,NA,NA,NA,NA,20,70,5,0,10,2.99,1,2,2,"",1,NA,3,"",43,2,NA,1,NA,0,"counterbalance_2"
"195","3/31/22 21:35","3/31/22 21:38",0,"Anonymized",100,215,1,"3/31/22 21:38","R_QoH3QQzdsXLkyad",NA,NA,NA,NA,"Anonymized","Anonymized","anonymous","EN",1,2,2,NA,NA,NA,NA,NA,NA,75,50,5,75,53,5,1,2,2,"",1,NA,3,"",39,4,NA,2,NA,25,"counterbalance_2"
"196","3/31/22 21:37","3/31/22 21:40",0,"Anonymized",100,173,1,"3/31/22 21:40","R_1jp0hfh33eSBCHq",NA,NA,NA,NA,"Anonymized","Anonymized","anonymous","EN",1,2,2,65,15,4,90,60,6,NA,NA,NA,NA,NA,NA,1,2,2,"",2,NA,3,"",61,5,NA,3,NA,70,"counterbalance_1"
"197","3/31/22 21:38","3/31/22 21:41",0,"Anonymized",100,196,1,"3/31/22 21:41","R_20PBco7LRNuVyp2",NA,NA,NA,NA,"Anonymized","Anonymized","anonymous","EN",1,2,2,NA,NA,NA,NA,NA,NA,0,0,5,22,0,6,1,2,2,"",2,NA,3,"",74,1,NA,2,NA,80,"counterbalance_2"
"198","3/31/22 21:42","3/31/22 21:43",0,"Anonymized",100,53,1,"3/31/22 21:43","R_1H8EQKZXTQuy0HA",NA,NA,NA,NA,"Anonymized","Anonymized","anonymous","EN",1,2,1,NA,NA,NA,NA,NA,NA,NA,NA,NA,NA,NA,NA,NA,NA,NA,"",NA,NA,NA,"",NA,NA,NA,NA,NA,NA,""
"199","3/31/22 21:41","3/31/22 21:43",0,"Anonymized",100,111,1,"3/31/22 21:43","R_3nUaRpieBY5styd",NA,NA,NA,NA,"Anonymized","Anonymized","anonymous","EN",1,2,2,40,28,2,40,37,3,NA,NA,NA,NA,NA,NA,1,2,2,"",1,NA,3,"",31,7,NA,2,NA,61,"counterbalance_1"
"200","3/31/22 21:38","3/31/22 21:45",0,"Anonymized",100,430,1,"3/31/22 21:45","R_2ASFWPi1YvumVpq",NA,NA,NA,NA,"Anonymized","Anonymized","anonymous","EN",1,2,2,6,0,0,1,3,0,NA,NA,NA,NA,NA,NA,1,2,2,"",1,NA,3,"",30,5,NA,7,NA,58,"counterbalance_1"
"201","3/31/22 21:51","3/31/22 21:53",0,"Anonymized",100,115,1,"3/31/22 21:53","R_2rHESQoVhddkd4m",NA,NA,NA,NA,"Anonymized","Anonymized","anonymous","EN",1,2,2,NA,NA,NA,NA,NA,NA,5,1,1,0,0,0,1,2,2,"",1,NA,2,"",28,3,NA,1,NA,15,"counterbalance_2"
"202","3/31/22 21:51","3/31/22 21:53",0,"Anonymized",100,145,1,"3/31/22 21:53","R_3JFea2NnLxShTlA",NA,NA,NA,NA,"Anonymized","Anonymized","anonymous","EN",1,2,2,NA,NA,NA,NA,NA,NA,84,96,10,88,88,10,1,2,1,"I've used one called Replica",1,NA,3,"",43,1,NA,7,NA,83,"counterbalance_2"
"203","3/31/22 22:01","3/31/22 22:04",0,"Anonymized",100,223,1,"3/31/22 22:04","R_2qdPNBPn1lDcj1X",NA,NA,NA,NA,"Anonymized","Anonymized","anonymous","EN",1,2,2,77,70,5,69,60,5,NA,NA,NA,NA,NA,NA,1,2,2,"",2,NA,3,"",41,5,NA,2,NA,100,"counterbalance_1"
"204","3/31/22 22:02","3/31/22 22:06",0,"Anonymized",100,205,1,"3/31/22 22:06","R_2wzPnKqKBQNlom8",NA,NA,NA,NA,"Anonymized","Anonymized","anonymous","EN",1,2,2,42,0,4,60,70,8,NA,NA,NA,NA,NA,NA,1,2,2,"",2,NA,3,"",31,2,NA,2,NA,80,"counterbalance_1"
